Date,AAPL,ABBV,ABT,ACN,ADBE,ADP,AMAT,AMD,AMGN,AMT,AMZN,APH,BA,BAC,BKNG,BLK,BMY,BSX,BX,C,CAT,CB,CDNS,CI,CMCSA,COP,COR,COST,CSCO,CVS,CVX,DE,DHR,DIS,EOG,ETN,GE,GILD,GOOGL,GS,HD,HON,IBM,INTU,ISRG,ITW,JNJ,JPM,KLAC,KO,LIN,LLY,LMT,LOW,LRCX,MA,MCD,MDLZ,META,MO,MRK,MS,MSFT,MU,NEE,NFLX,NKE,NOW,NVDA,ORCL,PANW,PEP,PFE,PG,PLTR,PM,QCOM,REGN,SBUX,SCHW,SHW,SLB,SNPS,SO,SPGI,SYK,T,TJX,TMO,TSLA,TXN,UNH,UNP,V,VZ,WFC,WM,WMT,XOM,ZTS
2024-07-30,216.9209442138672,174.9046630859375,100.9996109008789,316.72381591796875,538.7100219726562,245.68064880371094,193.47927856445312,138.44000244140625,313.4434509277344,207.9643096923828,181.7100067138672,60.959747314453125,186.86000061035156,39.43352127075195,146.45298767089844,836.447021484375,44.69963455200195,74.02999877929688,133.59671020507812,62.30208206176758,333.3939514160156,271.4398498535156,253.11000061035156,339.057861328125,35.26116180419922,103.16461944580078,227.33694458007812,801.2195434570312,45.9045524597168,58.552669525146484,146.50167846679688,362.068359375,271.7422790527344,91.65260314941406,118.11840057373047,280.1929016113281,165.5664520263672,73.69174194335938,168.98699951171875,485.5075378417969,345.92864990234375,191.9886474609375,180.8009490966797,624.7042236328125,432.69000244140625,237.4804229736328,152.4307861328125,206.5131072998047,74.70805358886719,63.94594955444336,439.3446350097656,779.3256225585938,510.0863952636719,232.0514373779297,84.03485107421875,442.134521484375,254.15966796875,62.99724578857422,460.1014099121094,43.97289276123047,107.8792953491211,98.17749786376953,416.3763427734375,101.91902160644531,70.09814453125,62.257999420166016,70.81671142578125,159.75999450683594,103.5593032836914,132.75198364257812,158.7550048828125,160.7294921875,27.409547805786133,153.20687866210938,26.3700008392334,106.51172637939453,159.978271484375,1068.970947265625,72.18817901611328,63.210025787353516,345.73046875,45.05669403076172,525.8900146484375,78.09487915039062,455.0226745605469,323.9666748046875,17.312652587890625,110.4488296508789,610.8316040039062,222.6199951171875,189.93441772460938,550.895263671875,234.62203979492188,259.1541748046875,35.12009811401367,57.34320068359375,195.14993286132812,67.91883850097656,110.660888671875,176.25924682617188
2024-07-31,220.17276000976562,173.5375213623047,101.59417724609375,318.0899963378906,551.6500244140625,250.33230590820312,208.68304443359375,144.47999572753906,312.6816711425781,205.49354553222656,186.97999572753906,63.24303436279297,190.60000610351562,38.50690841674805,146.2176513671875,840.195068359375,43.34178161621094,73.87999725341797,134.3623046875,61.36569595336914,337.7647705078125,270.45867919921875,267.6600036621094,335.1172180175781,35.65861892700195,104.37545013427734,234.0774383544922,813.0594482421875,46.20016098022461,55.91140365600586,147.3280029296875,362.2729187011719,273.6085510253906,91.55487823486328,118.72700500488281,297.3123779296875,168.25535583496094,71.81285858154297,170.22743225097656,488.73358154296875,350.18035888671875,193.98776245117188,181.84197998046875,636.0526123046875,444.6099853515625,235.51840209960938,149.14273071289062,204.21949768066406,81.02618408203125,63.05779266357422,441.927001953125,793.19189453125,514.1280517578125,236.0022430419922,90.56016540527344,458.2012939453125,253.16763305664062,64.21867370605469,471.6638488769531,42.63326644897461,105.89486694335938,98.53551483154297,411.8770446777344,109.13365173339844,72.08936309814453,62.834999084472656,71.33125305175781,162.8780059814453,116.82742309570312,136.4507293701172,162.36500549316406,160.25616455078125,26.66733741760254,152.3162841796875,26.889999389648438,106.93888854980469,173.40399169921875,1070.349609375,74.09886932373047,63.48269271850586,344.7085266113281,45.700225830078125,558.3200073242188,78.22599792480469,451.5018310546875,321.2491760253906,17.55893325805664,110.2342529296875,609.1234741210938,232.07000732421875,193.85311889648438,550.7328491210938,235.86483764648438,261.68560791015625,35.54111099243164,56.70296859741211,196.66375732421875,67.37895202636719,111.05419158935547,174.5240936279297
2024-08-01,216.48471069335938,177.64840698242188,105.6314697265625,315.646240234375,546.4099731445312,249.07406616210938,193.0465545654297,132.5399932861328,315.5595703125,212.51426696777344,184.07000732421875,61.13690185546875,178.30999755859375,37.73313903808594,144.21701049804688,829.5068969726562,43.897682189941406,75.16000366210938,129.52281188964844,59.85237121582031,323.4424133300781,266.8186950683594,260.80999755859375,319.67181396484375,34.785945892333984,101.73789978027344,240.55226135253906,808.0048828125,45.18938446044922,55.63337326049805,140.12088012695312,348.5700988769531,277.2424621582031,90.92945861816406,115.2719497680664,290.5718688964844,167.81048583984375,72.21885681152344,169.453369140625,480.1788024902344,341.0682373046875,193.82667541503906,179.49488830566406,626.6889038085938,450.94000244140625,230.73715209960938,151.89219665527344,199.5746612548828,74.43733978271484,64.21047973632812,441.7711181640625,820.9738159179688,520.7120361328125,232.01296997070312,81.62348175048828,456.9167785644531,256.3631896972656,64.18109130859375,494.4210205078125,43.5118522644043,106.54074096679688,97.15119171142578,410.6562194824219,100.87559509277344,73.97675323486328,62.48500061035156,70.36886596679688,162.2760009765625,109.03028869628906,134.55245971679688,157.80999755859375,162.38150024414062,26.763385772705078,156.98733520507812,26.079999923706055,109.07469177246094,157.16085815429688,1084.185302734375,71.3991928100586,62.04145431518555,344.2958679199219,44.15764236450195,540.6699829101562,82.01927947998047,456.9042663574219,326.86077880859375,17.759607315063477,110.85848999023438,617.4955444335938,216.86000061035156,183.88511657714844,547.4924926757812,233.704345703125,261.94171142578125,35.83055877685547,54.352298736572266,199.9728546142578,68.50782775878906,109.51840209960938,176.83120727539062
2024-08-02,217.97183227539062,177.25511169433594,106.74388885498047,310.903076171875,526.1699829101562,251.19021606445312,178.7967071533203,132.5,314.1111755371094,218.77044677734375,167.89999389648438,58.1942253112793,169.9499969482422,35.89902877807617,130.99057006835938,810.9775390625,44.4444694519043,74.5,125.7608642578125,55.57719421386719,313.05194091796875,266.2005920410156,249.6300048828125,324.2179870605469,34.47488784790039,99.27869415283203,243.612548828125,813.1385498046875,44.49327087402344,54.975372314453125,136.3842010498047,344.5186462402344,273.2828063964844,87.52876281738281,115.09403228759766,273.3841552734375,158.4486846923828,72.48321533203125,165.38478088378906,451.874267578125,338.0720520019531,192.98348999023438,178.98387145996094,613.0314331054688,449.7300109863281,232.25155639648438,155.08575439453125,191.1102752685547,68.53365325927734,65.5049057006836,442.4142150878906,793.3793334960938,520.6267700195312,231.109375,75.0047836303711,456.53143310546875,263.937255859375,66.4078369140625,484.8849792480469,44.42523956298828,107.83248901367188,91.50885772705078,402.1695861816406,92.12063598632812,74.74114990234375,61.36399841308594,70.52131652832031,158.1280059814453,107.0934829711914,130.41342163085938,152.8000030517578,165.2400665283203,26.5712833404541,161.14674377441406,24.739999771118164,109.40898132324219,152.66644287109375,1073.324951171875,72.13114929199219,61.729827880859375,341.2201843261719,42.520423889160156,505.7799987792969,82.96527099609375,452.7220458984375,325.2813415527344,17.66839599609375,110.35130310058594,611.4572143554688,207.6699981689453,178.30189514160156,563.799560546875,229.4025115966797,262.5819396972656,35.935813903808594,50.89316177368164,201.61288452148438,67.20225524902344,109.4528579711914,175.05722045898438
2024-08-05,207.4727783203125,172.6385498046875,104.17382049560547,301.8497009277344,509.32000732421875,246.06195068359375,178.87538146972656,134.82000732421875,305.8631591796875,210.8919219970703,161.02000427246094,57.4659309387207,167.02999877929688,35.01062774658203,133.16712951660156,796.349609375,43.3691291809082,72.95999908447266,122.41480255126953,53.6768798828125,309.08111572265625,264.2383117675781,246.83999633789062,313.04962158203125,33.852787017822266,98.15234375,237.3935546875,793.1087646484375,42.66243362426758,53.57596969604492,132.81277465820312,335.8412170410156,265.9458312988281,85.77955627441406,115.28131103515625,266.7286376953125,156.5506134033203,70.65154266357422,158.03146362304688,440.71759033203125,332.9167785644531,189.21267700195312,173.4852294921875,592.447021484375,438.0,227.97511291503906,152.35516357421875,187.04122924804688,69.25328826904297,64.34276580810547,432.1822509765625,764.58154296875,517.4105224609375,227.84103393554688,75.73123931884766,436.7492370605469,256.0770263671875,64.83878326416016,472.55780029296875,42.92902755737305,105.12730407714844,87.90005493164062,389.03594970703125,89.85488891601562,72.36302947998047,59.85499954223633,68.05341339111328,156.25399780273438,100.28471374511719,125.11000061035156,147.08999633789062,161.52764892578125,25.968778610229492,159.2328338623047,24.09000015258789,105.4531021118164,151.36314392089844,1062.50439453125,70.2109375,60.65864181518555,333.2018737792969,41.422630310058594,487.8399963378906,81.08267211914062,439.63519287109375,309.9571228027344,17.24880027770996,106.20606231689453,593.918701171875,198.8800048828125,172.33819580078125,544.806396484375,224.52708435058594,252.59402465820312,34.90958023071289,49.8038215637207,195.57687377929688,66.3482437133789,107.47693634033203,169.46401977539062
2024-08-06,205.45030212402344,173.90274047851562,105.00813293457031,306.60247802734375,514.2000122070312,247.3297119140625,180.2718505859375,130.17999267578125,309.37115478515625,212.72869873046875,161.92999267578125,58.93235778808594,165.0399932861328,35.26854705810547,134.4915313720703,806.1272583007812,43.11396026611328,73.76000213623047,123.17097473144531,54.011104583740234,318.4862365722656,260.1764221191406,259.79998779296875,316.4905090332031,33.628135681152344,99.3068618774414,235.98641967773438,807.9949951171875,43.062931060791016,54.0671501159668,131.49984741210938,337.029296875,265.6002197265625,87.91964721679688,114.48539733886719,271.7496643066406,160.4159698486328,70.04727935791016,157.07879638671875,451.4709777832031,336.62628173828125,188.35049438476562,176.7882080078125,601.6044921875,447.6600036621094,227.0321807861328,150.20095825195312,192.26190185546875,70.5074691772461,64.2955322265625,434.2870788574219,782.2546997070312,513.7864379882812,231.3304443359375,75.70960998535156,442.9743957519531,257.6128845214844,64.32201385498047,490.79541015625,43.0421142578125,104.04150390625,88.7593002319336,393.427001953125,88.44376373291016,72.63670349121094,60.957000732421875,69.0824966430664,158.58999633789062,104.07845306396484,125.45248413085938,150.96499633789062,160.08912658691406,25.602039337158203,159.26126098632812,26.59000015258789,106.04741668701172,152.10105895996094,1057.4560546875,71.64633178710938,61.15528869628906,338.14453125,41.07247543334961,499.3900146484375,80.97027587890625,446.6117248535156,316.5596923828125,17.504201889038086,106.71324157714844,597.8811645507812,200.63999938964844,177.8167724609375,543.2675170898438,228.0450439453125,254.38671875,35.313053131103516,50.03315734863281,197.1295623779297,66.49549102783203,106.90571594238281,179.61326599121094
2024-08-07,208.01806640625,175.58827209472656,105.43009948730469,305.9674987792969,513.6199951171875,246.79592895507812,175.5513916015625,128.6699981689453,293.9002685546875,210.6868133544922,162.77000427246094,59.08982467651367,163.24000549316406,35.63154602050781,130.1046142578125,805.0535888671875,42.37580490112305,73.77999877929688,120.59998321533203,53.58138656616211,317.8617858886719,260.6964111328125,250.30999755859375,316.2214050292969,33.273887634277344,100.36750030517578,237.24594116210938,801.486572265625,43.024784088134766,52.3341064453125,130.74703979492188,336.951416015625,260.0111083984375,84.00102996826172,115.28131103515625,271.77899169921875,160.27755737304688,69.86788940429688,157.7238311767578,454.1497802734375,325.6784362792969,187.51675415039062,176.7882080078125,598.8140258789062,449.260009765625,225.59400939941406,150.13479614257812,192.3194580078125,68.68624877929688,64.68290710449219,430.58404541015625,761.5045166015625,520.380126953125,222.62132263183594,73.53516387939453,444.4961242675781,256.9546203613281,65.22399139404297,485.659912109375,43.52055358886719,105.29580688476562,87.93824005126953,392.26519775390625,86.25751495361328,73.1934814453125,61.14799880981445,69.19684600830078,155.25599670410156,98.74724578857422,123.19216918945312,152.10499572753906,159.4394073486328,25.19163703918457,161.0898895263672,26.31999969482422,107.47747802734375,149.60948181152344,1059.0528564453125,71.5702896118164,60.59047317504883,333.81109619140625,40.56142807006836,489.9700012207031,81.75703430175781,445.34490966796875,313.5478210449219,17.55893325805664,105.26972198486328,583.3319702148438,191.75999450683594,175.07749938964844,541.0977783203125,226.4103240966797,252.6728057861328,35.33060073852539,49.966270446777344,198.78900146484375,65.68073272705078,108.32911682128906,179.1092071533203
2024-08-08,211.4780731201172,178.29454040527344,105.25748443603516,303.9085998535156,530.239990234375,250.49440002441406,187.39186096191406,136.32000732421875,305.3647155761719,208.48643493652344,165.8000030517578,61.3829460144043,168.8699951171875,36.5008430480957,133.61659240722656,819.4227294921875,42.69476318359375,75.55000305175781,123.49234008789062,55.386207580566406,327.9693603515625,264.1401672363281,268.67999267578125,321.997802734375,33.999671936035156,101.6252670288086,233.21148681640625,830.2996826171875,43.70181655883789,53.613037109375,132.65670776367188,340.0289611816406,265.27435302734375,84.00102996826172,118.71763610839844,281.3707275390625,163.71780395507812,71.36910247802734,160.79017639160156,466.4009704589844,331.3282775878906,189.31689453125,182.2867889404297,615.1930541992188,463.6099853515625,228.36561584472656,151.38198852539062,195.8319091796875,74.05831909179688,64.93801879882812,436.1191101074219,833.6666870117188,523.3304443359375,227.17774963378906,78.55644989013672,450.1679382324219,258.6907958984375,66.03201293945312,506.23175048828125,43.88591003417969,106.63433837890625,90.34410858154297,396.4593505859375,91.49457550048828,73.17460632324219,63.03499984741211,70.6928482055664,159.22799682617188,104.79727172851562,126.18635559082031,158.68499755859375,159.97772216796875,25.11305046081543,161.895263671875,29.280000686645508,107.98822021484375,158.07127380371094,1104.2298583984375,72.007568359375,61.135807037353516,336.759033203125,41.346920013427734,515.030029296875,80.97964477539062,453.7931823730469,319.8168029785156,17.695756912231445,107.2106704711914,595.9147338867188,198.83999633789062,183.85659790039062,541.2505493164062,229.94741821289062,255.93321228027344,35.54111099243164,50.415382385253906,199.80787658691406,66.4169692993164,110.39866638183594,182.5310516357422
2024-08-09,214.38290405273438,177.8544158935547,104.25054168701172,303.8604736328125,536.2999877929688,249.9128875732422,188.01141357421875,134.27000427246094,303.295654296875,207.5354461669922,166.94000244140625,61.62899398803711,167.91000366210938,36.567710876464844,135.51365661621094,820.7454833984375,42.576290130615234,76.19000244140625,123.75699615478516,55.233421325683594,330.01824951171875,265.16058349609375,270.1300048828125,323.07427978515625,33.76638412475586,101.94441223144531,234.4737548828125,845.6312255859375,43.35853958129883,52.9272346496582,133.11575317382812,337.0000915527344,264.7509765625,84.2453384399414,118.47419738769531,285.4423522949219,165.22044372558594,69.546875,162.41766357421875,470.7120056152344,331.6136779785156,187.81045532226562,182.77369689941406,619.2019653320312,463.42999267578125,227.83226013183594,151.75991821289062,197.50173950195312,73.51588439941406,64.8907699584961,435.61236572265625,879.39794921875,523.2926025390625,226.6971435546875,79.41856384277344,451.3536682128906,255.56192016601562,65.50586700439453,514.3174438476562,43.86851119995117,107.22406005859375,90.43004608154297,399.7377624511719,92.4982681274414,73.09912109375,63.39400100708008,70.83576965332031,162.21600341796875,104.57763671875,129.21966552734375,165.74000549316406,159.9962921142578,24.92967987060547,161.5825653076172,30.010000228881836,107.72821807861328,157.620849609375,1121.9732666015625,71.38016510009766,61.01848602294922,339.63818359375,41.21443176269531,524.72998046875,81.29810333251953,455.0226745605469,321.6219482421875,17.77784538269043,107.97144317626953,592.0813598632812,200.0,182.81980895996094,534.1006469726562,227.06039428710938,256.3773193359375,35.74284744262695,50.8005256652832,199.18682861328125,66.70161437988281,111.29767608642578,179.57447814941406
2024-08-12,215.91146850585938,178.08851623535156,103.37786865234375,302.06134033203125,530.9299926757812,246.99609375,189.88975524902344,136.77000427246094,300.953857421875,210.28590393066406,166.8000030517578,62.05218505859375,164.1300048828125,36.4626350402832,135.36135864257812,803.5486450195312,42.88613510131836,75.94000244140625,122.19740295410156,55.233421325683594,327.842529296875,262.9432373046875,266.6400146484375,315.34674072265625,33.29116439819336,104.02433013916016,234.4737548828125,854.1771850585938,42.776859283447266,51.722450256347656,133.14329528808594,336.0067138671875,263.8524169921875,83.99125671386719,120.57158660888672,282.300537109375,164.96337890625,68.91426849365234,161.04820251464844,466.1417541503906,328.921875,186.44615173339844,180.89295959472656,616.4606323242188,465.5299987792969,225.3654327392578,151.0607452392578,197.8760223388672,74.57515716552734,64.40889739990234,435.3785095214844,872.198486328125,528.3493041992188,222.12147521972656,79.71248626708984,450.2766418457031,257.0404968261719,65.09246826171875,512.5095825195312,43.764122009277344,106.22250366210938,90.54459381103516,400.5155944824219,94.04852294921875,73.21235656738281,63.31399917602539,71.12162017822266,161.32400512695312,108.84060668945312,129.72848510742188,165.5500030517578,159.09605407714844,24.842363357543945,158.04849243164062,29.3799991607666,107.80248260498047,156.09715270996094,1111.9063720703125,73.22432708740234,60.39274978637695,337.2797546386719,41.54566192626953,520.8400268554688,81.67274475097656,451.2596740722656,319.0417785644531,17.723121643066406,108.6444320678711,594.9515380859375,197.49000549316406,182.67713928222656,540.342529296875,226.32427978515625,256.505615234375,35.54988098144531,50.126522064208984,197.10044860839844,67.4378433227539,111.43815612792969,178.17857360839844
2024-08-13,219.6236572265625,179.07176208496094,103.79981994628906,307.2278137207031,535.219970703125,249.65557861328125,197.47195434570312,141.1300048828125,304.19854736328125,207.6007080078125,170.22999572753906,63.7646484375,168.75999450683594,36.73965835571289,140.4220733642578,819.1925048828125,44.7087516784668,75.91999816894531,126.04443359375,55.529457092285156,330.5450439453125,262.76666259765625,271.4100036621094,319.7872314453125,33.80094909667969,102.42656707763672,233.03396606445312,855.4136352539062,43.263179779052734,51.731712341308594,132.34451293945312,341.44110107421875,265.34344482421875,83.64923095703125,118.31501770019531,289.1126708984375,166.0409393310547,69.84901428222656,162.9038848876953,472.3249816894531,332.97381591796875,186.3893280029297,182.33456420898438,634.5590209960938,469.2300109863281,227.40367126464844,149.6529541015625,199.55545043945312,78.1476821899414,64.68290710449219,438.2240295410156,895.5424194335938,530.7305297851562,227.04318237304688,82.6487808227539,453.90301513671875,257.851318359375,66.08839416503906,525.015625,44.46002960205078,107.07428741455078,92.32991790771484,407.6042175292969,96.83101654052734,73.72196960449219,64.802001953125,74.79966735839844,163.75999450683594,115.94889068603516,131.37234497070312,166.61500549316406,159.97772216796875,25.19163703918457,158.50328063964844,30.389999389648438,109.49256896972656,162.40277099609375,1148.8411865234375,91.16204071044922,61.096702575683594,343.0184326171875,41.422630310058594,528.6400146484375,81.67274475097656,456.1217956542969,322.7599182128906,17.805213928222656,108.30307006835938,600.0562744140625,207.8300018310547,187.6135711669922,548.8975219726562,226.8214111328125,256.7425537109375,35.769161224365234,50.90644073486328,197.88648986816406,66.8783187866211,110.3705825805664,182.60858154296875
2024-08-14,220.07029724121094,180.72923278808594,105.38213348388672,307.7088928222656,539.7899780273438,250.52297973632812,198.2882080078125,140.75,303.52142333984375,208.08551025390625,170.10000610351562,63.78432846069336,168.5,37.07400894165039,140.6117706298828,822.0012817382812,44.11640167236328,76.41999816894531,128.70046997070312,56.6085205078125,329.3645324707031,267.23077392578125,271.7799987792969,321.8824768066406,33.70590591430664,103.36254119873047,234.45404052734375,853.3265991210938,43.329925537109375,51.8892707824707,132.82196044921875,342.1130676269531,264.7213439941406,84.33329772949219,118.48356628417969,291.96075439453125,166.0310516357422,70.00006866455078,159.14291381835938,478.8154296875,338.2908630371094,187.2135772705078,183.60427856445312,625.6276245117188,471.2099914550781,227.30841064453125,149.73797607421875,201.76271057128906,78.15359497070312,64.79630279541016,439.66619873046875,918.8468627929688,534.3356323242188,228.43702697753906,83.09801483154297,454.6935119628906,258.652587890625,66.89640808105469,523.24755859375,44.52962112426758,106.31608581542969,94.93627166748047,410.4100646972656,99.78246307373047,73.61815643310547,66.16799926757812,74.8187255859375,163.8040008544922,117.88571166992188,132.68353271484375,169.9550018310547,161.22137451171875,25.217832565307617,159.93397521972656,31.0,108.83323669433594,160.1794891357422,1147.38330078125,89.2608642578125,63.90270233154297,346.03509521484375,41.432090759277344,530.7999877929688,81.66337585449219,458.87890625,326.380126953125,17.905550003051758,106.3913803100586,597.9606323242188,201.3800048828125,186.05372619628906,554.0879516601562,230.59744262695312,257.7393798828125,35.874420166015625,51.6671028137207,200.24459838867188,67.39859771728516,111.39131164550781,177.7617950439453
2024-08-15,223.04795837402344,181.1038055419922,106.38907623291016,312.80804443359375,554.1599731445312,251.3236846923828,208.31918334960938,147.36000061035156,306.0230407714844,203.31178283691406,177.58999633789062,65.00471496582031,176.41000366210938,37.28416061401367,143.0555419921875,835.93896484375,44.75431442260742,77.58000183105469,128.80447387695312,57.79264831542969,337.2183837890625,267.4957275390625,280.1199951171875,323.61248779296875,34.14656066894531,105.15882873535156,233.3889923095703,867.807373046875,46.27643966674805,53.34428024291992,134.77752685546875,363.51953125,265.9556884765625,86.76654052734375,119.96295928955078,296.0323791503906,167.99830627441406,70.18889617919922,160.06578063964844,479.1226806640625,342.4854736328125,188.02838134765625,185.160400390625,640.759033203125,480.1700134277344,228.8323211669922,150.31430053710938,203.01991271972656,82.46839141845703,64.86243438720703,444.4996643066406,920.0321044921875,531.5559692382812,230.76332092285156,87.49901580810547,463.1419372558594,262.2011413574219,66.03201293945312,533.7470092773438,44.13817596435547,106.06336212158203,96.08191680908203,415.2626953125,106.28158569335938,73.05194091796875,66.3219985961914,78.61113739013672,166.4219970703125,122.6578369140625,133.9849090576172,171.63499450683594,160.11695861816406,25.06939125061035,159.10020446777344,31.219999313354492,109.47399139404297,166.11135864257812,1165.701904296875,90.19243621826172,63.77561950683594,350.2800598144531,42.62451934814453,548.280029296875,81.49478149414062,459.13970947265625,327.8418884277344,17.412986755371094,109.1072998046875,599.539794921875,214.13999938964844,192.06497192382812,554.030517578125,232.97779846191406,263.3256530761719,35.12009811401367,52.54330825805664,200.7880096435547,71.83555603027344,112.08042907714844,178.4403533935547
2024-08-16,224.36807250976562,181.57199096679688,106.44660949707031,314.53021240234375,553.4600219726562,251.73355102539062,204.4542999267578,148.55999755859375,304.41314697265625,204.9807586669922,177.05999755859375,64.75865173339844,179.99000549316406,37.580299377441406,142.43328857421875,836.35107421875,44.98213577270508,78.25,126.9234848022461,58.63298797607422,335.11102294921875,268.2511291503906,281.0,329.01409912109375,34.23295593261719,105.11155700683594,234.80902099609375,861.120849609375,47.16325378417969,54.076416015625,135.20901489257812,368.05792236328125,265.9458312988281,87.26492309570312,119.90677642822266,290.37518310546875,167.4842529296875,69.6601791381836,161.71310424804688,484.15374755859375,344.37823486328125,189.09532165527344,184.9980926513672,642.1248168945312,478.9800109863281,230.43240356445312,150.5977783203125,205.3423309326172,80.82926177978516,65.3631820678711,445.1623229980469,910.6892700195312,531.4041748046875,231.81109619140625,85.63522338867188,463.3099365234375,265.65423583984375,65.88168334960938,523.9031372070312,44.64270782470703,106.40034484863281,96.84569549560547,412.73773193359375,107.3150863647461,74.14662170410156,67.40699768066406,79.30672454833984,165.51199340820312,124.37498474121094,134.51332092285156,167.05499267578125,160.20973205566406,24.711376190185547,159.07177734375,32.08000183105469,109.6318588256836,164.99974060058594,1169.6495361328125,90.67061614990234,64.08848571777344,348.9459228515625,42.378456115722656,549.0,81.82258605957031,457.220947265625,331.491455078125,17.641027450561523,109.07794189453125,599.8276977539062,216.1199951171875,190.7333526611328,552.1857299804688,233.76168823242188,263.89813232421875,35.620052337646484,53.27507400512695,199.32269287109375,72.30609130859375,111.55179595947266,178.0816650390625
2024-08-19,224.20925903320312,184.35317993164062,107.30967712402344,316.9547119140625,563.1199951171875,252.267333984375,207.44390869140625,155.27999877929688,310.59722900390625,204.8035888671875,178.22000122070312,65.29997253417969,179.63999938964844,37.895530700683594,145.7059783935547,834.1657104492188,44.92746353149414,78.68000030517578,127.27320098876953,59.234588623046875,336.25250244140625,268.85943603515625,281.9599914550781,329.0236511230469,34.785945892333984,105.64099884033203,235.5387725830078,862.8616333007812,47.65910720825195,54.49346160888672,136.3137969970703,363.1786193847656,267.8713684082031,88.75028228759766,120.07533264160156,290.7373962402344,168.9769744873047,70.2927474975586,165.39468383789062,484.55694580078125,345.3389587402344,189.60972595214844,185.90504455566406,651.7243041992188,482.1600036621094,231.1181640625,150.8245391845703,206.76263427734375,80.91605377197266,65.17422485351562,446.8773498535156,910.3831787109375,529.7533569335938,233.79132080078125,86.63199615478516,461.4325256347656,274.296630859375,66.60514068603516,525.750732421875,44.64270782470703,107.10237884521484,97.14164733886719,415.755859375,107.95108032226562,74.88269805908203,68.85299682617188,79.35435485839844,166.5760040283203,129.7860870361328,134.95362854003906,171.67999267578125,161.323486328125,25.14797592163086,159.57394409179688,32.5,109.99400329589844,166.99298095703125,1187.075439453125,88.27020263671875,64.11781311035156,350.5213317871094,42.927364349365234,558.219970703125,82.10591888427734,461.7571105957031,334.60137939453125,17.77784538269043,110.09581756591797,603.4228515625,222.72000122070312,190.85702514648438,553.2372436523438,235.23388671875,262.9999694824219,35.73408126831055,54.353477478027344,200.47747802734375,72.5718994140625,111.89163208007812,178.82806396484375
2024-08-20,224.82464599609375,183.678955078125,106.22602081298828,317.8494567871094,562.25,252.16250610351562,202.74313354492188,156.39999389648438,311.1465148925781,205.4748992919922,178.8800048828125,65.95935821533203,172.10000610351562,36.959373474121094,145.72528076171875,825.308349609375,44.63584518432617,78.4800033569336,125.69471740722656,58.54704666137695,334.9353942871094,266.8971862792969,281.3699951171875,329.283203125,34.58721160888672,103.8541488647461,235.10487365722656,866.669921875,47.90703582763672,54.58613586425781,134.32705688476562,362.86700439453125,268.2564697265625,87.69489288330078,117.27568054199219,289.944580078125,168.04776000976562,70.57601165771484,165.90077209472656,477.5096130371094,349.3338623046875,190.59092712402344,187.14613342285156,655.634765625,483.2099914550781,231.8038787841797,151.32530212402344,205.87014770507812,80.04026794433594,65.55213165283203,446.38037109375,938.1940307617188,528.444091796875,231.02284240722656,84.8212661743164,463.5470886230469,272.4652099609375,66.689697265625,523.2177124023438,44.74708938598633,107.77633666992188,96.21556854248047,418.98101806640625,107.3150863647461,74.53353118896484,69.85399627685547,79.62114715576172,167.6439971923828,127.04061889648438,136.17674255371094,184.0050048828125,163.20755004882812,25.23529815673828,161.45941162109375,32.31999969482422,110.48617553710938,164.93264770507812,1182.463623046875,88.94920349121094,63.394290924072266,349.8714904785156,41.66868209838867,557.030029296875,81.97370147705078,463.73175048828125,336.43597412109375,17.77784538269043,110.89836120605469,610.3151245117188,221.10000610351562,192.64515686035156,555.0245971679688,235.64492797851562,264.5495300292969,35.83055877685547,54.06462860107422,201.94281005859375,73.3791275024414,108.1628646850586,177.97506713867188
2024-08-21,224.71548461914062,184.0347900390625,106.82061004638672,320.9570617675781,565.7899780273438,255.31759643554688,205.654052734375,157.80999755859375,311.7146911621094,204.64511108398438,180.11000061035156,66.13651275634766,173.42999267578125,37.01668167114258,147.1225128173828,827.3404541015625,44.14373779296875,78.80999755859375,127.36772918701172,57.80219650268555,334.61346435546875,266.93646240234375,284.55999755859375,329.09088134765625,34.50944900512695,103.63670349121094,236.02198791503906,871.8330688476562,48.10728454589844,54.048614501953125,134.91195678710938,367.2105712890625,267.7035217285156,88.65255737304688,117.02288818359375,293.32122802734375,169.24391174316406,70.93478393554688,164.5809783935547,476.66473388671875,352.3680725097656,191.87696838378906,188.2726593017578,658.7887573242188,487.4200134277344,234.89932250976562,152.52523803710938,205.94691467285156,81.57584381103516,65.7316665649414,449.9664611816406,940.1692504882812,525.3609008789062,232.98382568359375,85.85050964355469,462.44036865234375,276.3571472167969,66.80244445800781,531.5914306640625,45.0689582824707,108.60940551757812,96.1296615600586,418.3301086425781,107.65296173095703,75.15638732910156,69.71199798583984,80.04041290283203,167.83599853515625,128.28855895996094,137.18455505371094,179.875,162.6135711669922,25.348812103271484,161.2225341796875,32.540000915527344,111.43335723876953,166.95469665527344,1175.6300048828125,88.729248046875,63.13032531738281,352.46099853515625,41.82957077026367,564.6799926757812,82.70088195800781,464.7750549316406,338.78076171875,17.82345962524414,117.67108917236328,605.9751586914062,223.27000427246094,198.19036865234375,552.5584716796875,234.90882873535156,264.70745849609375,36.0059928894043,53.40024185180664,203.18495178222656,74.06822967529297,107.47374725341797,177.2964630126953
2024-08-22,222.85935974121094,183.8849639892578,107.50148010253906,318.0419006347656,557.4400024414062,256.7760314941406,197.2592315673828,151.6999969482422,307.33941650390625,205.21385192871094,176.1300048828125,65.70347595214844,172.75999450683594,37.48477554321289,148.3068084716797,829.4014892578125,43.39646911621094,79.58000183105469,127.4055404663086,57.69715118408203,334.018310546875,267.70172119140625,275.5799865722656,333.00274658203125,34.051513671875,103.96760559082031,237.254638671875,868.0150756835938,47.88796615600586,53.5110969543457,135.2925567626953,366.7625732421875,264.4744873046875,87.87078857421875,117.24758911132812,291.3637390136719,167.74127197265625,71.66178894042969,162.54664611816406,477.9032897949219,347.51708984375,190.65760803222656,187.0792999267578,653.6795043945312,490.42999267578125,234.1468963623047,153.39451599121094,207.8950653076172,78.75321960449219,65.5049057006836,449.927490234375,942.3419799804688,528.4631958007812,231.00363159179688,82.15335083007812,463.25067138671875,275.88018798828125,66.54878234863281,528.3829956054688,45.08634948730469,109.09614562988281,96.00553894042969,409.8577880859375,103.60839080810547,74.47692108154297,68.89600372314453,79.47822570800781,164.18600463867188,123.53638458251953,135.1101837158203,174.74000549316406,163.10543823242188,25.130517959594727,161.2130584716797,31.920000076293945,111.52623748779297,161.95233154296875,1177.93115234375,88.39453125,62.837013244628906,352.4018859863281,41.75386047363281,548.0599975585938,81.60540008544922,464.5328063964844,344.0785217285156,17.796091079711914,116.4672622680664,599.7086181640625,210.66000366210938,193.81507873535156,553.1797485351562,233.56094360351562,264.4507751464844,35.84810256958008,53.881683349609375,203.90304565429688,74.4029312133789,108.3044662475586,176.58885192871094
2024-08-23,225.15219116210938,184.98995971679688,108.0672836303711,320.6395568847656,558.2999877929688,256.9857177734375,199.6929473876953,154.97999572753906,311.3832702636719,211.64715576171875,177.0399932861328,66.28412628173828,174.9600067138672,37.99106216430664,150.76632690429688,846.2725219726562,43.84300994873047,79.16999816894531,131.64955139160156,59.33964157104492,339.9209289550781,270.8904113769531,273.8999938964844,340.23046875,34.40576171875,105.31954193115234,234.4441680908203,869.6471557617188,48.38381576538086,54.447120666503906,137.0471954345703,371.23284912109375,266.1038513183594,88.49620056152344,118.82064056396484,293.6246643066406,169.26370239257812,72.4360122680664,164.3527374267578,489.1080017089844,357.24749755859375,192.88674926757812,187.21298217773438,609.0325317382812,486.54998779296875,235.2421875,155.07632446289062,209.50732421875,80.65863800048828,65.93953704833984,453.8546142578125,940.9296875,526.546630859375,240.3856658935547,83.29855346679688,460.89886474609375,276.1759338378906,66.92459869384766,524.479248046875,45.61698532104492,109.14295196533203,97.27530670166016,411.0807800292969,102.20720672607422,75.1752700805664,68.6729965209961,80.08805847167969,165.6540069580078,129.1571044921875,136.1963348388672,175.375,163.22608947753906,25.23529815673828,160.2845458984375,31.780000686645508,111.5726547241211,166.2646942138672,1189.2972412109375,89.91511535644531,62.954341888427734,353.2093200683594,42.700233459472656,539.3900146484375,81.3315200805664,466.274658203125,346.5998229980469,17.99676513671875,116.92726135253906,601.9530029296875,220.32000732421875,199.62657165527344,558.7142944335938,235.97952270507812,263.95733642578125,36.14632797241211,54.59419250488281,203.76718139648438,74.52104949951172,109.80540466308594,175.3577423095703
2024-08-26,225.48965454101562,184.88694763183594,108.07687377929688,324.0165100097656,559.4400024414062,258.65386962890625,193.3475341796875,149.99000549316406,309.4702453613281,210.07147216796875,175.5,65.60505676269531,173.47999572753906,38.13435363769531,149.4796905517578,846.56005859375,43.96147918701172,79.47000122070312,134.18275451660156,59.00541687011719,342.6038818359375,270.4292297363281,268.25,340.182373046875,34.777305603027344,107.36164093017578,231.18991088867188,882.8023681640625,48.43149185180664,54.400787353515625,137.86416625976562,373.09295654296875,264.7115173339844,89.68840026855469,121.77945709228516,290.600341796875,169.26370239257812,72.66261291503906,164.8885955810547,487.6197814941406,355.8398132324219,194.19183349609375,189.0077667236328,606.3502197265625,479.19000244140625,236.77561950683594,155.52984619140625,210.3326416015625,78.79762268066406,66.93159484863281,456.5052490234375,938.7471923828125,529.478271484375,240.7990264892578,80.5008773803711,463.0727844238281,275.3746032714844,67.07491302490234,517.6452026367188,45.85185623168945,108.83404541015625,97.69538116455078,407.82598876953125,98.29183197021484,76.10008239746094,68.84400177001953,80.30721282958984,165.57200622558594,126.25190734863281,135.9125518798828,173.55999755859375,163.31890869140625,25.25275993347168,161.40255737304688,30.850000381469727,112.5941162109375,162.42193603515625,1189.544921875,91.4548110961914,63.04233932495117,355.1391296386719,43.15449142456055,525.9099731445312,81.68093872070312,467.6065979003906,347.5906982421875,18.024131774902344,117.57320404052734,601.4266967773438,213.2100067138672,198.0762176513672,561.2186889648438,236.92593383789062,264.71728515625,36.39191818237305,54.61345672607422,202.64151000976562,74.84591674804688,112.15595245361328,175.99754333496094
2024-08-27,226.33331298828125,183.4635772705078,108.4604721069336,327.4801025390625,567.8200073242188,261.8280334472656,192.89430236816406,150.5,309.6123046875,210.8639678955078,173.1199951171875,65.46725463867188,173.0500030517578,37.895530700683594,152.7684783935547,849.4262084960938,43.85211944580078,79.83000183105469,133.51161193847656,58.90037155151367,342.56494140625,271.9794616699219,268.92999267578125,340.13427734375,34.7686653137207,106.29331970214844,230.26295471191406,899.01416015625,48.35520935058594,53.25160598754883,136.42518615722656,366.1685485839844,265.4520568847656,88.82845306396484,120.37496185302734,289.7390441894531,169.03631591796875,72.70037078857422,163.419921875,487.0340881347656,354.9552001953125,196.3447723388672,189.72377014160156,615.3895263671875,482.3500061035156,237.4137725830078,155.12998962402344,211.30189514160156,80.16059112548828,67.55518341064453,460.2862548828125,942.648193359375,531.6697387695312,238.94375610351562,80.65128326416016,469.3473815917969,276.2904357910156,66.94338989257812,515.6385498046875,46.11281967163086,109.0493392944336,97.45670318603516,408.1711730957031,97.2483901977539,75.1280746459961,69.5719985961914,81.26959991455078,166.34800720214844,128.08889770507812,135.5015869140625,175.09500122070312,162.6970977783203,25.165441513061523,160.36033630371094,30.84000015258789,113.67131805419922,166.67674255371094,1191.9154052734375,94.29512786865234,62.485042572021484,354.4400939941406,42.62451934814453,521.780029296875,80.97264099121094,471.6004333496094,351.72100830078125,17.923791885375977,117.50469207763672,606.2037353515625,209.2100067138672,200.3970184326172,561.4288940429688,239.32540893554688,267.1946716308594,36.35683822631836,54.1705322265625,203.01028442382812,74.94436645507812,111.08924102783203,176.52099609375
2024-08-28,224.80479431152344,182.9766387939453,108.26866149902344,324.6033935546875,560.5399780273438,259.921630859375,190.05662536621094,146.36000061035156,312.0367126464844,210.01553344726562,170.8000030517578,65.24090576171875,170.7100067138672,38.16301345825195,153.42929077148438,851.8512573242188,44.7087516784668,79.5199966430664,132.4057159423828,58.80487823486328,339.716064453125,273.4511413574219,263.0899963378906,344.0173034667969,34.50080871582031,106.02861022949219,233.1720428466797,878.390869140625,47.53514099121094,53.0477180480957,135.54322814941406,368.0871276855469,262.7266540527344,87.4505844116211,120.5247573852539,287.3606872558594,169.90626525878906,74.17326354980469,161.60391235351562,483.26080322265625,354.4891662597656,195.287353515625,189.4659881591797,606.2716674804688,482.2099914550781,236.73751831054688,156.05343627929688,212.36715698242188,79.32032775878906,67.79138946533203,460.7734375,937.1768798828125,535.0567016601562,239.29942321777344,79.14430236816406,466.19525146484375,273.81976318359375,66.94338989257812,513.3340454101562,46.295501708984375,109.89178466796875,97.57125854492188,404.9755859375,94.26712799072266,74.93933868408203,68.38400268554688,78.88745880126953,162.82200622558594,125.40331268310547,134.9144744873047,175.22000122070312,161.41629028320312,25.10431671142578,160.18031311035156,30.360000610351562,113.81989288330078,164.6835174560547,1189.4656982421875,91.13922882080078,62.55348205566406,356.1335754394531,41.39424133300781,509.9800109863281,80.98208618164062,471.4884948730469,349.4056701660156,18.078861236572266,116.74130249023438,608.9248046875,205.75,197.5911407470703,562.56640625,241.54322814941406,265.68450927734375,36.39191818237305,54.95045471191406,203.11700439453125,74.89513397216797,109.99420928955078,177.30618286132812
2024-08-29,228.0802459716797,182.7706298828125,108.1343994140625,327.3165283203125,569.6300048828125,260.56982421875,190.14529418945312,145.49000549316406,313.4761962890625,208.40252685546875,172.1199951171875,65.73300170898438,172.25999450683594,38.3731689453125,153.13690185546875,857.8041381835938,45.310211181640625,80.66999816894531,132.87831115722656,59.09136199951172,343.0722351074219,276.65948486328125,265.6300048828125,347.025634765625,34.0947151184082,108.12744140625,234.3061065673828,876.9864501953125,48.050071716308594,52.79749298095703,136.8615264892578,371.85614013671875,263.6746520996094,87.76329040527344,121.70455932617188,294.69146728515625,171.59674072265625,75.0135726928711,160.5421142578125,489.7608947753906,351.2547302246094,197.67843627929688,189.8860626220703,611.9310302734375,487.1700134277344,238.52810668945312,156.34854125976562,213.25006103515625,78.48003387451172,68.07484436035156,460.66632080078125,928.545166015625,537.7794799804688,237.21347045898438,78.37853240966797,475.08831787109375,274.59234619140625,66.45482635498047,514.7644653320312,46.41728591918945,109.94795227050781,97.9531478881836,407.4610595703125,94.97270965576172,75.52442932128906,69.24800109863281,79.33529663085938,166.25399780273438,117.39649963378906,136.42138671875,179.10499572753906,159.71786499023438,25.078123092651367,161.099365234375,31.0,113.80133056640625,162.42193603515625,1169.272705078125,90.71842956542969,63.48229217529297,355.0603332519531,41.810646057128906,517.02001953125,81.02930450439453,474.0826416015625,351.1519775390625,18.024131774902344,114.8719482421875,607.4747924804688,206.27999877929688,200.7774658203125,565.4627685546875,242.04986572265625,270.74774169921875,36.18141174316406,55.22005081176758,203.67013549804688,75.2298583984375,111.5140380859375,177.28677368164062
2024-08-30,227.296142578125,183.82879638671875,108.62348937988281,328.9906005859375,574.4099731445312,263.0005187988281,194.36241149902344,148.55999755859375,316.1467590332031,208.906005859375,178.5,66.3825454711914,173.74000549316406,38.92722702026367,153.8618621826172,864.4567260742188,45.519813537597656,81.79000091552734,134.56080627441406,59.817115783691406,347.4235534667969,278.81793212890625,268.92999267578125,347.7464599609375,34.189754486083984,107.5791015625,236.24880981445312,882.673828125,48.19310760498047,53.0477180480957,137.35357666015625,375.673828125,265.9359436035156,88.32030487060547,120.61840057373047,300.4073791503906,172.62484741210938,74.58868408203125,162.12989807128906,492.80316162109375,352.6326599121094,198.05947875976562,192.96969604492188,619.2608642578125,492.6300048828125,241.13775634765625,157.90032958984375,215.73561096191406,80.81546020507812,68.47166442871094,466.0453796386719,948.1195068359375,538.96533203125,238.87646484375,80.7072982788086,477.5981140136719,275.3555603027344,67.46953582763672,517.8338623046875,46.7739372253418,110.87464141845703,98.91741180419922,411.4259948730469,95.63850402832031,76.46949005126953,70.13500213623047,79.39247131347656,171.0,119.17357635498047,138.25112915039062,181.36000061035156,160.4510498046875,25.33134651184082,162.5300750732422,31.479999542236328,114.48848724365234,167.98965454101562,1174.9853515625,90.44110107421875,63.64849853515625,363.685546875,41.63083267211914,519.5800170898438,81.59595489501953,478.9256591796875,353.59478759765625,18.15183448791504,114.77407836914062,610.841552734375,214.11000061035156,203.8686981201172,564.1531372070312,246.1151123046875,272.77105712890625,36.64628982543945,56.2984619140625,205.7662353515625,76.02723693847656,111.33468627929688,177.86842346191406
2024-09-03,221.11251831054688,185.1210479736328,109.95647430419922,328.9232482910156,571.0399780273438,262.6573486328125,180.6764373779297,136.94000244140625,313.0027160644531,214.78924560546875,176.25,60.93022155761719,161.02000427246094,38.87947082519531,150.1050567626953,849.7137451171875,46.03925704956055,81.13999938964844,130.572021484375,58.690284729003906,331.949951171875,281.2904052734375,256.2799987792969,351.2738342285156,34.1292724609375,103.8541488647461,240.34124755859375,869.0140380859375,47.73540115356445,53.17746353149414,134.29920959472656,375.6250915527344,260.9196472167969,87.09879302978516,115.75881958007812,283.57293701171875,162.3337860107422,75.24959564208984,156.1559295654297,470.7923889160156,349.0345458984375,195.1540069580078,192.158203125,613.9059448242188,483.44000244140625,237.89950561523438,159.13796997070312,211.41708374023438,73.12277221679688,68.98188018798828,461.95257568359375,944.6729125976562,541.1309204101562,235.9541778564453,75.27216339111328,476.39263916015625,273.94512939453125,67.88294219970703,508.3475646972656,47.03490447998047,109.12422943115234,94.77396392822266,403.8314514160156,88.02639770507812,75.9186019897461,67.53199768066406,77.8323745727539,167.1719970703125,107.82228088378906,136.4996337890625,177.53500366210938,164.77603149414062,24.711376190185547,165.35353088378906,30.510000228881836,116.73572540283203,156.43255615234375,1159.235595703125,89.11177825927734,63.34543228149414,358.1520690917969,40.02200698852539,481.2200012207031,83.96639251708984,476.64874267578125,352.8099670410156,18.635272979736328,115.038330078125,602.2608642578125,210.60000610351562,191.9698486328125,572.2589111328125,245.2694091796875,274.9127502441406,37.65497970581055,56.20217514038086,203.20436096191406,75.9681625366211,109.00301361083984,177.94598388671875
2024-09-04,219.20677185058594,184.48426818847656,109.70713806152344,330.95330810546875,575.25,262.3428039550781,179.70098876953125,140.8699951171875,313.1257629394531,216.79383850097656,173.3300018310547,60.32987976074219,163.22000122070312,38.688411712646484,149.53164672851562,849.771240234375,45.52892303466797,81.95999908447266,130.29791259765625,58.21281814575195,328.54498291015625,285.4503479003906,254.1300048828125,353.7438049316406,33.41212844848633,102.6345443725586,240.0256805419922,880.3395385742188,47.39210891723633,54.95683670043945,131.8946990966797,381.7218322753906,261.17633056640625,87.21605682373047,114.96294403076172,282.6332702636719,164.45921325683594,74.71142578125,155.25289916992188,473.8636779785156,348.9676208496094,195.80177307128906,194.85997009277344,612.2257690429688,481.7300109863281,233.0896759033203,159.32835388183594,210.48619079589844,73.48572540283203,68.55670166015625,461.43463134765625,934.5794677734375,548.34326171875,235.944580078125,75.14633178710938,477.40057373046875,276.3533630371094,70.72039031982422,509.321044921875,47.59164047241211,108.39412689208984,95.6141128540039,403.298828125,88.73194885253906,77.0108871459961,67.96800231933594,77.54525756835938,166.96600341796875,106.03523254394531,137.72276306152344,173.0749969482422,165.68557739257812,24.78997039794922,166.66107177734375,30.59000015258789,117.57149505615234,158.43539428710938,1169.7088623046875,88.29888916015625,62.47526931762695,357.11822509765625,39.3599739074707,477.5299987792969,84.17414093017578,478.9909362792969,353.47705078125,18.76297378540039,115.01874542236328,607.6932983398438,219.41000366210938,194.03382873535156,577.5162353515625,245.7403106689453,276.8373718261719,36.38315200805664,55.96146011352539,203.12673950195312,76.03706359863281,107.67198181152344,181.59075927734375
2024-09-05,220.72535705566406,180.59814453125,108.4604721069336,328.00921630859375,567.9299926757812,257.529052734375,177.59243774414062,139.44000244140625,307.17840576171875,217.8380889892578,177.88999938964844,60.88102340698242,162.14999389648438,38.344512939453125,148.8495635986328,840.3292846679688,45.383113861083984,81.37000274658203,130.69488525390625,57.89768981933594,325.4327087402344,281.9084777832031,250.85000610351562,342.62896728515625,34.388484954833984,101.58514404296875,232.9649658203125,876.3434448242188,46.84858322143555,53.816925048828125,130.83633422851562,373.67730712890625,261.3935241699219,86.62973022460938,113.81126403808594,279.64813232421875,161.97792053222656,74.37152099609375,156.03684997558594,471.1980895996094,346.26904296875,193.363037109375,193.40882873535156,610.6340942382812,476.69000244140625,231.49913024902344,157.07208251953125,208.854736328125,71.80418395996094,67.24339294433594,454.974365234375,901.4354858398438,542.4380493164062,234.656494140625,74.30879211425781,471.68914794921875,276.29583740234375,70.53248596191406,513.4135131835938,47.20888137817383,111.00568389892578,95.05082702636719,402.79583740234375,88.8313217163086,76.29853057861328,68.36199951171875,77.36339569091797,167.0800018310547,107.0335922241211,139.54275512695312,171.8699951171875,166.4095001220703,24.89475440979004,166.25364685058594,30.15999984741211,116.24356842041016,157.68406677246094,1141.135009765625,87.56250762939453,62.26994705200195,354.53851318359375,39.26471710205078,476.0299987792969,84.53302764892578,482.4342041015625,351.2206726074219,18.835947036743164,115.49832916259766,602.7078247070312,230.1699981689453,191.70350646972656,569.209716796875,241.73272705078125,274.99176025390625,36.234039306640625,54.748252868652344,202.23394775390625,75.76143646240234,106.83183288574219,180.87344360351562
2024-09-06,219.17698669433594,181.1038055419922,109.18928527832031,326.9605407714844,563.4099731445312,256.9476623535156,172.18307495117188,134.35000610351562,303.5797424316406,220.18765258789062,171.38999938964844,58.902828216552734,157.6199951171875,37.267635345458984,147.2013397216797,831.0118408203125,44.380680084228516,81.5999984741211,129.60787963867188,56.42708969116211,321.3350524902344,282.07525634765625,247.52000427246094,341.0562744140625,34.22431564331055,100.23319244384766,231.71255493164062,867.1445922851562,46.247833251953125,53.520362854003906,128.6361083984375,371.6029052734375,262.8649597167969,85.9359130859375,112.68766021728516,278.9140625,159.38783264160156,74.3243179321289,149.76519775390625,463.2107849121094,344.5465087890625,188.7428436279297,191.6427001953125,604.385009765625,471.82000732421875,232.013427734375,156.49134826660156,203.89320373535156,69.31292724609375,67.21504211425781,446.5007629394531,891.5199584960938,540.568115234375,234.36807250976562,72.13729858398438,470.4638977050781,277.7734069824219,70.75798034667969,496.93414306640625,46.704345703125,110.30364227294922,92.21533966064453,396.1974792480469,85.84013366699219,75.9660873413086,66.5770034790039,77.1719741821289,165.00799560546875,102.6607894897461,138.7599639892578,167.91000366210938,165.84371948242188,24.938411712646484,166.36734008789062,30.329999923706055,116.82859802246094,152.37655639648438,1122.2310791015625,87.17041015625,61.49756622314453,355.2769775390625,38.693172454833984,463.9700012207031,83.49418640136719,476.4994812011719,352.1231994628906,19.127836227416992,113.1592025756836,607.127197265625,210.72999572753906,187.8038330078125,570.5383911132812,239.90673828125,275.7319641113281,36.09370422363281,51.994476318359375,198.6725311279297,75.44642639160156,106.33150482177734,183.43255615234375
2024-09-09,219.2663116455078,183.93179321289062,111.65386962890625,328.85589599609375,569.8800048828125,262.6954345703125,174.94195556640625,138.14999389648438,308.65582275390625,222.39735412597656,175.39999389648438,59.76890182495117,162.91000366210938,37.95030212402344,150.0235595703125,846.5556640625,44.19841766357422,82.6500015258789,132.11273193359375,56.8568115234375,325.90106201171875,286.6866149902344,252.80999755859375,345.0313720703125,34.319358825683594,99.83612823486328,233.2509307861328,886.7391967773438,46.43854904174805,52.3341064453125,130.25148010253906,377.12493896484375,269.6686096191406,86.32679748535156,112.8281021118164,283.2303771972656,163.4607696533203,74.74918365478516,147.7679443359375,471.8644714355469,349.781005859375,191.62928771972656,194.30624389648438,616.0478515625,479.3900146484375,235.0041046142578,158.6143341064453,208.06781005859375,70.01217651367188,67.8858642578125,452.5896301269531,897.0110473632812,550.0509033203125,235.25245666503906,72.18448638916016,481.3035583496094,279.4812316894531,71.1338119506836,501.42401123046875,47.08710479736328,108.02906799316406,93.73333740234375,400.1623840332031,85.73081970214844,77.11537170410156,67.54199981689453,76.08086395263672,171.11599731445312,106.29479217529297,136.8812713623047,172.02499389648438,166.6386260986328,25.68062400817871,166.81268310546875,34.599998474121094,118.35152435302734,154.8617706298828,1135.3924560546875,88.18412780761719,61.605106353759766,358.2997131347656,38.49313735961914,464.1600036621094,84.35358428955078,481.3424072265625,355.9101257324219,19.61127471923828,114.57833099365234,616.15478515625,216.27000427246094,191.34210205078125,567.881103515625,241.3291015625,281.8907165527344,37.47956466674805,52.562564849853516,202.29217529296875,76.13552856445312,108.56877899169922,185.85592651367188
2024-09-10,218.47227478027344,186.67552185058594,112.30596160888672,334.5226745605469,574.47998046875,266.19378662109375,175.43458557128906,142.83999633789062,311.5063171386719,226.40652465820312,179.5500030517578,59.82795333862305,160.07000732421875,37.76761245727539,151.283203125,852.235107421875,44.90924072265625,83.05999755859375,134.41905212402344,55.33846664428711,326.01812744140625,285.5386962890625,255.85000610351562,345.504150390625,33.8182258605957,98.32345581054688,234.237060546875,884.5630493164062,46.52436828613281,52.769683837890625,128.32972717285156,377.1931457519531,271.2781677246094,86.38542938232422,111.39551544189453,282.17327880859375,165.0721435546875,76.89244842529297,147.71826171875,451.1575622558594,354.900634765625,191.4292449951172,196.01512145996094,622.5621337890625,484.239990234375,235.7946319580078,159.347412109375,197.27142333984375,70.36427307128906,67.60242462158203,453.2151184082031,890.0780639648438,545.8723754882812,237.7998504638672,71.9141616821289,482.2225036621094,279.4620361328125,70.58885955810547,501.42401123046875,47.04360580444336,107.95417785644531,92.24398803710938,408.5262756347656,86.30719757080078,78.1696548461914,67.36199951171875,74.74089813232422,172.02999877929688,107.92211151123047,152.53712463378906,173.7899932861328,166.28323364257812,25.968778610229492,168.45176696777344,34.7599983215332,117.70149993896484,155.7383270263672,1127.041259765625,89.2647933959961,61.653995513916016,366.12738037109375,37.7120361328125,465.5,84.6557846069336,485.18701171875,358.1370849609375,19.802825927734375,115.32215881347656,619.9187622070312,226.1699981689453,190.0390167236328,572.5935668945312,242.74185180664062,281.6242370605469,38.2865104675293,51.94633102416992,202.08837890625,77.5826187133789,104.61344909667969,185.49728393554688
2024-09-11,221.0032958984375,182.21815490722656,111.81688690185547,337.0337829589844,580.3800048828125,264.4970397949219,183.20870971679688,149.86000061035156,312.5007629394531,222.8075714111328,184.52000427246094,61.077850341796875,161.3300018310547,37.49839782714844,150.9932403564453,845.7649536132812,44.28043746948242,82.94000244140625,135.42095947265625,54.71775817871094,326.837646484375,278.9749450683594,264.7200012207031,345.1954040527344,33.4207649230957,96.97150421142578,232.9452362060547,890.6066284179688,46.82950210571289,52.00047302246094,128.00479125976562,378.4494323730469,268.572509765625,86.3072509765625,110.39364624023438,290.8254699707031,164.4493408203125,76.42036437988281,150.20240783691406,455.0593566894531,354.5370178222656,194.37283325195312,200.37799072265625,632.6824951171875,490.92999267578125,235.270751953125,156.9102325439453,198.87408447265625,73.85161590576172,67.15835571289062,454.5735778808594,909.4746704101562,540.8829956054688,237.7998504638672,75.38324737548828,482.380615234375,278.4642333984375,69.85602569580078,508.4170837402344,46.25200653076172,107.37383270263672,92.63541412353516,417.24517822265625,90.08345794677734,79.24295043945312,68.14700317382812,75.03761291503906,175.19200134277344,116.71762084960938,153.7993927001953,170.88499450683594,164.3848419189453,25.898923873901367,164.7850341796875,34.849998474121094,116.31787109375,160.43898010253906,1132.0994873046875,93.9126205444336,61.99618911743164,365.8812561035156,37.6929817199707,481.5,83.83415985107422,481.32379150390625,359.4125061035156,19.565670013427734,115.34172821044922,614.2083129882812,228.1300048828125,192.52151489257812,563.7230834960938,237.85971069335938,280.26220703125,38.41808319091797,51.734500885009766,201.49642944335938,77.61214447021484,103.5750503540039,184.16928100585938
2024-09-12,221.11251831054688,181.68438720703125,112.0374526977539,336.6296691894531,586.5499877929688,265.3740234375,180.51881408691406,150.77000427246094,312.57647705078125,221.10134887695312,187.0,62.445858001708984,162.77000427246094,37.286869049072266,152.69866943359375,853.4788818359375,43.96147918701172,83.83000183105469,138.4739990234375,54.74640655517578,331.30609130859375,283.115234375,269.8999938964844,349.4309997558594,33.96510314941406,97.28350830078125,234.35537719726562,905.077392578125,47.30628967285156,53.31647491455078,129.23953247070312,376.90093994140625,269.07611083984375,87.26492309570312,110.69328308105469,296.9328308105469,167.76104736328125,78.51640319824219,153.71005249023438,457.8506164550781,358.30731201171875,194.9729766845703,202.02008056640625,635.0897216796875,494.010009765625,236.3946533203125,156.7388916015625,198.26950073242188,72.31900024414062,67.30007934570312,456.7530822753906,923.429443359375,542.1326293945312,242.2889862060547,73.50862884521484,486.263916015625,280.498291015625,69.88419342041016,522.0952758789062,45.79096603393555,107.8792953491211,92.2630844116211,421.1509094238281,86.66495513916016,79.27143859863281,68.68000030517578,75.03761291503906,177.2259979248047,118.95413208007812,157.9090576171875,172.5800018310547,165.75955200195312,25.46232795715332,164.35870361328125,34.90999984741211,115.75140380859375,158.91702270507812,1154.9208984375,94.9454574584961,60.36342239379883,368.21478271484375,37.91207504272461,488.95001220703125,83.56973266601562,485.2429504394531,360.82525634765625,19.693368911743164,115.70384979248047,609.9378051757812,229.80999755859375,186.40565490722656,562.4517211914062,239.19554138183594,281.65380859375,38.47071075439453,49.65472412109375,201.70989990234375,78.41938781738281,105.00048065185547,184.86721801757812
2024-09-13,220.84451293945312,181.8623046875,111.62509155273438,336.3314208984375,536.8699951171875,265.86260986328125,185.7015380859375,152.30999755859375,314.83990478515625,222.369384765625,186.49000549316406,62.57379913330078,156.77000427246094,37.161869049072266,155.1402130126953,854.0672607421875,44.772544860839844,83.30999755859375,142.9070587158203,55.07107925415039,336.8964538574219,284.3160705566406,268.7200012207031,351.8913269042969,34.17247772216797,97.85074615478516,236.5545196533203,906.0369262695312,47.48746871948242,53.7335090637207,130.5392608642578,384.38055419921875,270.8140563964844,88.48643493652344,111.7700424194336,299.3013916015625,176.24302673339844,78.91665649414062,156.46250915527344,462.6120300292969,363.6279296875,194.4776153564453,205.05593872070312,643.8736572265625,489.8599853515625,239.7758026123047,157.57666015625,196.0814208984375,74.11592864990234,67.93270111083984,458.1898193359375,912.2596435546875,543.6972045898438,245.5188751220703,75.66536712646484,487.49908447265625,284.5087890625,70.71101379394531,521.121826171875,46.0693244934082,108.45027160644531,93.80016326904297,424.6917419433594,90.64989471435547,80.40172576904297,69.70600128173828,75.62144470214844,175.7899932861328,118.9141845703125,158.5450897216797,173.4499969482422,165.86241149902344,25.558382034301758,164.9366455078125,35.59000015258789,116.65214538574219,161.56597900390625,1143.9019775390625,94.2664566040039,60.734947204589844,369.6227722167969,38.06447982788086,490.07000732421875,84.46691131591797,484.7204284667969,363.2386169433594,19.738977432250977,117.260009765625,607.3540649414062,230.2899932861328,190.16265869140625,568.0913696289062,239.41659545898438,283.60809326171875,38.97066879272461,50.819786071777344,202.62539672851562,79.34474182128906,104.92497253417969,185.23558044433594
2024-09-16,214.71047973632812,183.28562927246094,112.80464172363281,340.6993408203125,521.5,266.9068603515625,184.82460021972656,152.0800018310547,317.50103759765625,224.06629943847656,184.88999938964844,62.26870346069336,155.5500030517578,37.594547271728516,156.97109985351562,863.1793212890625,45.55626678466797,83.51000213623047,146.0924530029297,55.758636474609375,339.4818420410156,286.7274169921875,273.1300048828125,353.9463806152344,34.0083122253418,99.78885650634766,237.89564514160156,897.9954223632812,48.66034698486328,54.094947814941406,131.9132537841797,384.36102294921875,272.5717468261719,89.7568130493164,113.92361450195312,300.03546142578125,179.36692810058594,79.25019836425781,157.0587158203125,468.571044921875,365.56097412109375,194.9824981689453,207.31854248046875,634.9717407226562,491.3900146484375,242.9950408935547,158.97613525390625,199.47866821289062,72.626708984375,68.58910369873047,464.15167236328125,912.0917358398438,546.5687866210938,246.7012481689453,74.5594711303711,491.79742431640625,284.6623229980469,70.96468353271484,530.2294311523438,45.8564567565918,111.15470886230469,95.55681610107422,425.43145751953125,86.63513946533203,80.39221954345703,69.6500015258789,76.3775634765625,178.49200439453125,116.5978012084961,166.6665496826172,173.05499267578125,165.72215270996094,26.256935119628906,167.9306640625,36.310001373291016,116.9771728515625,160.48715209960938,1143.63427734375,92.1051254272461,62.26994705200195,373.2264404296875,38.483612060546875,498.57000732421875,84.89188385009766,492.1202697753906,364.916259765625,20.313634872436523,117.06427001953125,610.3154296875,226.77999877929688,188.77401733398438,565.1369018554688,242.59768676757812,286.6972961425781,39.47063446044922,51.79227828979492,202.8883819580078,79.30537414550781,106.39759063720703,188.2987518310547
2024-09-17,215.17694091796875,181.15061950683594,113.28412628173828,324.26666259765625,515.030029296875,267.6828308105469,185.81976318359375,150.82000732421875,315.17132568359375,223.25509643554688,186.8800048828125,63.1419792175293,156.38999938964844,38.027217864990234,159.473388671875,872.1854858398438,45.10061264038086,82.5199966430664,146.55560302734375,56.61807632446289,345.0722961425781,286.1959228515625,274.7900085449219,343.699951171875,33.93919372558594,102.3792953491211,231.2786407470703,887.5107421875,48.259849548339844,53.59450149536133,133.1387481689453,387.49700927734375,269.05633544921875,90.74378967285156,115.34684753417969,305.10540771484375,178.26959228515625,79.1453857421875,158.31072998046875,468.793212890625,366.7380065917969,194.56338500976562,204.4258575439453,633.5667114257812,483.32000732421875,242.6045379638672,159.05227661132812,200.8126220703125,72.94230651855469,68.3037109375,460.9752502441406,894.9469604492188,540.9306030273438,246.77813720703125,75.53266143798828,495.0384521484375,281.84149169921875,70.5606689453125,533.251953125,44.792091369628906,111.46566009521484,95.31814575195312,429.1893310546875,88.17546081542969,80.70565795898438,70.69100189208984,77.18153381347656,177.16600036621094,115.40966796875,163.86810302734375,168.96499633789062,165.4041748046875,26.0473690032959,166.64210510253906,36.45000076293945,114.43277740478516,162.5003204345703,1137.3560791015625,92.22944641113281,62.416603088378906,372.1827392578125,39.53143310546875,502.25,84.66523742675781,487.45452880859375,357.0578918457031,19.866682052612305,115.33194732666016,606.6783447265625,227.8699951171875,191.55133056640625,554.4124145507812,243.67405700683594,287.7632141113281,38.66368103027344,52.485530853271484,197.82395935058594,77.37588500976562,107.7852554321289,189.71405029296875
2024-09-18,219.04795837402344,180.6730499267578,110.16743469238281,323.43927001953125,508.1300048828125,264.32977294921875,183.40576171875,148.2899932861328,315.2850341796875,219.99185180664062,186.42999267578125,62.461116790771484,155.11000061035156,38.09452438354492,158.91598510742188,889.7252197265625,45.328433990478516,82.56999969482422,146.44216918945312,57.20058822631836,346.4674377441406,284.62115478515625,269.69000244140625,342.8894958496094,34.40576171875,102.6912841796875,225.3125457763672,882.8123168945312,48.221710205078125,54.14128875732422,133.6493377685547,390.60382080078125,268.4935302734375,91.44738006591797,116.46107482910156,307.96337890625,181.4528350830078,79.94586944580078,158.797607421875,468.0108642578125,367.474853515625,192.0865478515625,205.1991729736328,622.021728515625,482.0899963378906,240.93775939941406,158.17640686035156,199.16200256347656,72.09807586669922,68.25614166259766,456.4501037597656,893.7518920898438,539.4805297851562,246.69161987304688,74.52989196777344,488.8824768066406,280.1912536621094,70.51371002197266,534.8726196289062,44.90739440917969,111.79547882080078,94.80260467529297,424.9087219238281,86.80406951904297,80.05027770996094,69.0469970703125,77.43038177490234,178.0780029296875,113.19313049316406,160.99131774902344,164.875,163.85179138183594,25.977514266967773,164.7850341796875,36.380001068115234,112.32482147216797,162.11502075195312,1129.481201171875,91.92342376708984,62.14284896850586,369.5340881347656,39.455230712890625,495.95001220703125,84.06082153320312,484.7857360839844,354.5169677734375,19.821073532104492,114.7544937133789,606.310546875,227.1999969482422,190.90455627441406,556.9927368164062,241.41558837890625,284.7233581542969,38.488250732421875,52.244815826416016,196.61631774902344,77.7991943359375,108.1628646850586,190.46041870117188
2024-09-19,227.16708374023438,181.30979919433594,109.4673843383789,322.5348815917969,526.4400024414062,266.0350646972656,193.8204803466797,156.74000549316406,318.1545104980469,216.59800720214844,189.8699951171875,64.42475128173828,154.58999633789062,39.29639434814453,158.4903106689453,901.4505004882812,44.67229461669922,83.70999908447266,150.91305541992188,60.179988861083984,364.2142028808594,285.9990539550781,280.3500061035156,344.6936950683594,34.794578552246094,104.51593780517578,223.41915893554688,890.94287109375,49.05131149291992,54.12276077270508,134.60557556152344,399.0378112792969,272.9667053222656,91.32034301757812,117.22887420654297,321.9300537109375,184.03298950195312,79.95541381835938,161.1128692626953,486.6026611328125,373.53228759765625,194.04893493652344,204.19674682617188,642.8223876953125,490.010009765625,245.6904296875,156.9102325439453,201.99302673339844,76.18012237548828,67.1811752319336,458.54168701171875,903.697021484375,539.184814453125,250.89236450195312,77.80345916748047,487.1532897949219,281.93743896484375,70.26002502441406,555.9017333984375,44.5526008605957,110.46682739257812,96.1678466796875,432.6808166503906,88.69219970703125,78.16014862060547,70.43199920654297,77.50696563720703,183.85000610351562,117.68610382080078,163.9854736328125,166.8000030517578,163.3374481201172,25.898923873901367,162.5300750732422,36.83000183105469,111.1919174194336,167.52850341796875,1140.76806640625,92.66935729980469,63.31609344482422,373.90576171875,40.72214126586914,514.1199951171875,83.91915893554688,489.1715087890625,358.1370849609375,19.48357391357422,115.77236938476562,616.3773193359375,243.9199981689453,197.45799255371094,553.55859375,238.76309204101562,281.5255432128906,38.54087448120117,53.727622985839844,199.30430603027344,76.8246078491211,109.50333404541016,187.3197021484375
2024-09-20,226.5020751953125,181.1693572998047,109.03585052490234,323.4776916503906,522.2999877929688,264.8087463378906,189.33731079101562,155.9499969482422,319.50872802734375,219.16204833984375,191.60000610351562,65.03652954101562,153.2899932861328,38.71949768066406,160.32472229003906,895.5877685546875,45.027706146240234,83.91999816894531,149.45741271972656,59.33964157104492,359.8336486816406,286.0778503417969,273.760009765625,343.6130676269531,34.656333923339844,103.87305450439453,224.94764709472656,897.114990234375,49.556697845458984,53.297943115234375,135.24615478515625,395.2980041503906,269.21429443359375,91.6135025024414,118.00601959228516,323.5743713378906,185.28848266601562,79.99353790283203,162.55369567871094,481.3873291015625,373.07293701171875,193.7155303955078,207.8340606689453,633.7337646484375,486.20001220703125,242.2235565185547,156.2819366455078,202.5784454345703,74.84082794189453,68.15149688720703,461.2196044921875,910.0671997070312,545.6148071289062,250.06568908691406,76.2376708984375,486.8864440917969,284.796630859375,69.79024505615234,558.1387939453125,44.694515228271484,110.41028594970703,97.82903289794922,429.3076477050781,90.3318862915039,78.60658264160156,70.10299682617188,82.80936431884766,187.4720001220703,115.81902313232422,164.38670349121094,170.05999755859375,160.08303833007812,25.689359664916992,165.06930541992188,37.20000076293945,112.16696166992188,162.71224975585938,1135.6502685546875,91.85649108886719,63.93203353881836,372.6947326660156,40.39826202392578,506.6499938964844,84.71244812011719,488.6582946777344,357.901611328125,19.647762298583984,115.42003631591797,609.8582763671875,238.25,193.3680419921875,551.5729370117188,235.83187866210938,281.0616760253906,38.88296127319336,54.199424743652344,198.77838134765625,77.82872772216797,108.814208984375,186.73806762695312
2024-09-23,224.7849578857422,181.50645446777344,110.10030364990234,326.3544006347656,527.8699951171875,265.9296569824219,191.18968200683594,156.75,317.83251953125,220.2902069091797,193.8800048828125,64.79972076416016,156.3000030517578,38.33489990234375,161.6293487548828,904.0925903320312,45.574493408203125,84.0,148.59727478027344,59.75981521606445,362.1263732910156,287.5049743652344,274.0799865722656,342.455322265625,35.19203567504883,103.702880859375,225.16461181640625,907.105224609375,49.766483306884766,53.35354232788086,136.97293090820312,398.2781677246094,269.7278137207031,90.85128021240234,119.5978012084961,322.7816467285156,186.51431274414062,80.04116821289062,160.82472229003906,480.4021911621094,375.0824890136719,194.11563110351562,210.50717163085938,630.7664184570312,489.07000732421875,244.44273376464844,155.38702392578125,202.91433715820312,75.07948303222656,68.23712158203125,466.546142578125,907.1339721679688,553.8096923828125,252.1324462890625,77.31143951416016,491.2342224121094,286.9361877441406,70.06271362304688,561.1813354492188,45.25331115722656,108.9591293334961,97.82903289794922,427.57171630859375,92.98519897460938,80.56318664550781,70.53700256347656,82.5030746459961,185.11000061035156,116.07862854003906,162.38076782226562,172.0850067138672,160.95277404785156,25.59330940246582,164.64292907714844,37.95000076293945,112.44554901123047,159.8610076904297,1083.034912109375,91.31136322021484,63.48229217529297,375.99322509765625,40.865028381347656,505.7900085449219,85.48686981201172,486.241455078125,359.5890808105469,19.602153778076172,114.63704681396484,606.5390625,250.0,193.8911895751953,550.0477294921875,234.49603271484375,284.87139892578125,38.82155227661133,53.06324768066406,201.7001953125,79.07894134521484,110.78716278076172,187.65895080566406
2024-09-24,225.67825317382812,181.206787109375,108.69061279296875,326.7489013671875,524.0700073242188,265.0291442871094,193.88946533203125,158.32000732421875,313.3909606933594,220.4766845703125,193.9600067138672,65.27334594726562,155.80999755859375,37.93106460571289,164.80426025390625,907.5831298828125,46.422000885009766,83.51000213623047,148.9186553955078,58.604347229003906,376.5267028808594,285.1920166015625,273.32000732421875,340.7475891113281,35.72772979736328,102.9654541015625,222.22593688964844,891.7342529296875,50.08116149902344,53.826194763183594,136.88937377929688,400.1675720214844,270.76470947265625,91.55487823486328,119.75697326660156,320.4326171875,187.49301147460938,79.85057067871094,161.26190185546875,480.9913635253906,383.4079284667969,195.5445556640625,210.95590209960938,627.0623779296875,484.3999938964844,246.22378540039062,154.9681396484375,203.05828857421875,75.97400665283203,67.85659790039062,468.4910583496094,912.9707641601562,552.0161743164062,255.73719787597656,77.99967956542969,481.6197814941406,288.09716796875,69.6775131225586,560.1075439453125,45.40409469604492,108.32776641845703,97.93405151367188,423.29119873046875,93.41252136230469,80.05978393554688,72.22599792480469,83.70904541015625,184.72000122070312,120.68143463134766,162.2339630126953,171.75999450683594,158.90472412109375,25.759214401245117,164.1407928466797,36.900001525878906,112.5569839477539,160.8146209716797,1037.41162109375,90.32632446289062,63.14010238647461,375.6879577636719,40.941226959228516,506.8299865722656,84.74078369140625,483.4700012207031,354.16375732421875,19.693368911743164,115.14598846435547,608.0595703125,254.27000427246094,194.92791748046875,551.7552490234375,239.2628173828125,269.227783203125,39.17240905761719,52.148529052734375,202.10923767089844,79.41365814208984,110.49452209472656,187.7559051513672
2024-09-25,224.68568420410156,179.099853515625,107.99055480957031,324.27630615234375,517.9000244140625,263.6974182128906,194.41168212890625,162.02000427246094,296.28759765625,219.69351196289062,192.52999877929688,64.49382019042969,152.22000122070312,37.738765716552734,164.7308807373047,903.3115234375,45.519813537597656,83.5,144.4005126953125,57.65895462036133,369.0338439941406,285.7530212402344,271.79998779296875,336.58917236328125,35.071067810058594,99.95902252197266,220.33255004882812,898.5393676757812,50.20512390136719,54.345176696777344,133.65859985351562,396.3108825683594,264.52386474609375,91.77962493896484,116.62960815429688,321.56793212890625,187.1667938232422,78.34485626220703,160.4669647216797,474.34661865234375,379.8385314941406,196.98300170898438,211.2041015625,623.66259765625,484.3900146484375,245.78565979003906,152.89279174804688,201.71473693847656,76.14364624023438,67.97074890136719,466.2041015625,913.0990600585938,551.3579711914062,254.70863342285156,79.25093078613281,483.63555908203125,288.2890319824219,69.58354187011719,565.0590209960938,45.27104949951172,108.1110610961914,97.70491790771484,426.1909484863281,95.17144775390625,80.37322235107422,72.15599822998047,84.22589111328125,178.00599670410156,123.31731414794922,162.70367431640625,170.2550048828125,158.41844177246094,25.261493682861328,163.21226501464844,37.119998931884766,113.00272369384766,162.0861358642578,1022.7032470703125,91.44525146484375,62.612144470214844,375.3138122558594,39.826725006103516,510.3599853515625,84.38191986083984,480.3999938964844,352.69219970703125,19.66600227355957,115.61576843261719,596.03515625,257.0199890136719,195.04205322265625,552.82958984375,235.9376220703125,266.1188049316406,39.075923919677734,51.618961334228516,202.27481079101562,80.13227844238281,108.34221649169922,185.66207885742188
2024-09-26,225.82713317871094,179.69915771484375,108.10562896728516,342.3253173828125,515.3800048828125,262.911865234375,206.531005859375,167.49000549316406,302.19708251953125,216.0945587158203,191.16000366210938,64.84905242919922,154.5800018310547,37.99837875366211,168.4091796875,911.2376708984375,45.67473220825195,83.08000183105469,145.06216430664062,58.92901611328125,381.4342041015625,285.270751953125,274.2300109863281,332.85528564453125,35.44260787963867,96.7257080078125,220.7763214111328,891.6353149414062,50.39583206176758,54.688079833984375,131.8204345703125,400.7323913574219,273.4604797363281,93.03045654296875,112.70639038085938,325.94293212890625,182.75119018554688,79.13583374023438,161.69911193847656,479.9289855957031,379.6184387207031,197.22116088867188,213.3043975830078,625.7162475585938,486.3299865722656,249.5382843017578,153.6448516845703,201.32127380371094,79.34793090820312,67.92317962646484,470.7682800292969,898.0480346679688,550.8427734375,255.32382202148438,83.56474304199219,485.4339599609375,291.3401184082031,69.82783508300781,564.591796875,45.315399169921875,106.5656509399414,99.8625717163086,425.4018859863281,109.19327545166016,79.27143859863281,71.14299774169922,85.55628204345703,176.9720001220703,123.84648132324219,164.48452758789062,169.36500549316406,158.68966674804688,25.296419143676758,164.1123504638672,37.099998474121094,113.48161315917969,166.31480407714844,1031.44091796875,93.21448516845703,62.416603088378906,378.021484375,39.21708297729492,515.4000244140625,84.00415802001953,477.4886169433594,354.5071716308594,19.74810028076172,115.56682586669922,615.4630126953125,254.22000122070312,199.03684997558594,551.3905639648438,233.7560272216797,268.1520080566406,39.13732147216797,54.29570770263672,199.98606872558594,78.67533111572266,106.48255157470703,188.89974975585938
2024-09-27,226.0951385498047,182.40541076660156,107.81794738769531,336.4468688964844,515.47998046875,261.42694091796875,201.90989685058594,164.35000610351562,305.57794189453125,214.74264526367188,187.97000122070312,64.1583251953125,156.32000732421875,37.88300323486328,167.58706665039062,911.4208374023438,46.3946647644043,83.3499984741211,146.4516143798828,59.08180236816406,381.55126953125,285.0050048828125,274.1300048828125,335.469970703125,35.97830581665039,99.00415802001953,221.80189514160156,875.9873657226562,50.55793380737305,56.88450241088867,135.06976318359375,407.0920104980469,272.2546081542969,93.82200622558594,114.64459228515625,321.4700622558594,183.53334045410156,79.67904663085938,162.91139221191406,481.464599609375,382.3265686035156,197.79273986816406,210.83177185058594,608.226806640625,479.17999267578125,251.41456604003906,153.6543426513672,202.01222229003906,77.16340637207031,68.29419708251953,468.6474304199219,866.9088745117188,555.5745849609375,256.7946472167969,81.55525207519531,487.7757873535156,291.3785705566406,69.71508026123047,564.1144409179688,45.2799186706543,107.13105773925781,99.39476013183594,422.15692138671875,106.82814025878906,80.29724884033203,70.73500061035156,85.60413360595703,176.35800170898438,121.21060943603516,165.11074829101562,167.875,158.9795379638672,25.401206970214844,164.4344940185547,36.84000015258789,113.2656478881836,163.87777709960938,1034.1484375,93.10928344726562,62.98366928100586,376.8399658203125,40.283958435058594,513.3099975585938,85.09021759033203,478.44036865234375,353.4476013183594,19.976137161254883,114.99917602539062,610.5838012695312,260.4599914550781,198.9227294921875,558.1438598632812,234.7074737548828,271.586669921875,39.3741455078125,53.82391357421875,200.15164184570312,78.53751373291016,109.33341979980469,188.8415985107422
2024-09-30,231.26637268066406,184.9243927001953,109.33313751220703,340.0835876464844,517.780029296875,265.11529541015625,199.08206176757812,164.0800018310547,305.1423034667969,216.83111572265625,186.3300018310547,64.29647064208984,152.0399932861328,38.152217864990234,166.1676788330078,915.5671997070312,47.151058197021484,83.80000305175781,144.74078369140625,59.77891159057617,381.59027099609375,283.8436279296875,271.0299987792969,334.2542724609375,36.09062957763672,99.53358459472656,221.95968627929688,876.8776245117188,50.74864959716797,58.27463912963867,136.72227478027344,407.8738708496094,274.8047180175781,93.9979019165039,115.1033935546875,324.39654541015625,186.70144653320312,79.89823150634766,164.79937744140625,478.1808166503906,387.7524108886719,196.9163055419922,211.06089782714844,610.1624755859375,491.2699890136719,251.0314483642578,154.28269958496094,202.35772705078125,76.37540435791016,68.36077117919922,466.0574645996094,874.957763671875,557.6734008789062,260.3609313964844,80.46669006347656,487.933837890625,292.165283203125,69.65834045410156,569.1654052734375,45.27104949951172,107.00855255126953,99.51885986328125,424.4056701660156,103.06182861328125,80.28775024414062,70.927001953125,84.6087417602539,178.8780059814453,121.25054931640625,166.73504638671875,170.89999389648438,159.02630615234375,25.270225524902344,164.1028594970703,37.20000076293945,113.99809265136719,163.8007354736328,1042.6285400390625,93.23361206054688,63.36497116088867,375.7962951660156,39.9600944519043,506.3900146484375,85.165771484375,482.07965087890625,355.2076416015625,20.067352294921875,115.038330078125,614.7078857421875,261.6300048828125,196.47828674316406,560.8585815429688,236.87942504882812,271.3695068359375,39.39168930053711,54.391998291015625,202.1871337890625,79.49241638183594,110.65499877929688,189.39413452148438
2024-10-01,224.5269012451172,184.43748474121094,108.9015884399414,338.6405029296875,502.79998779296875,268.32470703125,194.3032989501953,159.75,303.3524169921875,216.374267578125,185.1300048828125,62.77687454223633,154.22000122070312,37.709922790527344,161.78358459472656,900.6309204101562,48.20817184448242,84.13999938964844,143.5309295654297,59.024513244628906,382.8293151855469,287.5148010253906,263.32000732421875,335.8462219238281,36.0301399230957,103.40036010742188,221.12144470214844,867.8369750976562,50.29094314575195,57.03278350830078,138.97824096679688,407.0039978027344,271.3847961425781,91.90666961669922,118.87682342529297,320.61859130859375,184.4441680908203,79.99353790283203,165.93212890625,473.40972900390625,391.4366455078125,196.30665588378906,209.40928649902344,595.6994018554688,484.760009765625,250.34173583984375,154.216064453125,198.69174194335938,74.3319091796875,68.21809387207031,464.2591247558594,873.5159301757812,577.9938354492188,262.08160400390625,78.62284851074219,490.4832458496094,290.6973571777344,69.01536560058594,573.1723022460938,45.17348861694336,108.1204605102539,99.6906967163086,414.9273376464844,99.6830825805664,80.9906005859375,70.61299896240234,85.30741882324219,173.43600463867188,116.81746673583984,163.5647430419922,164.64500427246094,160.2700958251953,25.03446388244629,163.95127868652344,36.459999084472656,113.23747253417969,159.68763732910156,1038.3338623046875,93.17623138427734,62.485042572021484,374.7230224609375,41.0936393737793,495.55999755859375,85.82685089111328,477.9738464355469,351.2844543457031,20.185930252075195,114.15747833251953,609.113037109375,258.0199890136719,191.75108337402344,559.5347900390625,235.98565673828125,273.98504638671875,39.65482711791992,53.33284378051758,202.50852966308594,80.00430297851562,113.2132339477539,188.46356201171875
2024-10-02,225.09266662597656,184.30636596679688,108.97830200195312,342.7871398925781,505.80999755859375,271.6490783691406,198.1952667236328,159.77999877929688,302.793701171875,216.19712829589844,184.75999450683594,61.31649398803711,152.88999938964844,37.719539642333984,162.73118591308594,923.0304565429688,48.99188995361328,84.48999786376953,143.87120056152344,59.234588623046875,384.4488525390625,286.73724365234375,267.010009765625,328.7258605957031,35.95180130004883,104.33631134033203,218.56735229492188,868.9745483398438,50.55998229980469,57.681514739990234,140.13870239257812,407.05291748046875,270.7423095703125,92.00439453125,120.15959167480469,321.01983642578125,184.582763671875,80.75592041015625,164.80929565429688,475.16754150390625,393.5515441894531,194.22042846679688,209.77207946777344,596.6818237304688,486.6199951171875,250.85899353027344,153.43540954589844,198.931640625,76.66634368896484,67.55217742919922,465.060546875,880.0242309570312,575.4561157226562,261.331787109375,80.27046203613281,489.6828308105469,291.4457092285156,68.34403991699219,569.5332641601562,44.871917724609375,105.61394500732422,99.78618621826172,411.4161071777344,99.22595977783203,81.14258575439453,71.10900115966797,79.53602600097656,176.08200073242188,118.66458129882812,164.1029052734375,166.06500244140625,158.55873107910156,24.982072830200195,162.8900909423828,37.4900016784668,112.30784606933594,162.13429260253906,1031.7484130859375,92.28683471679688,61.937522888183594,372.3403015136719,41.855690002441406,496.82000732421875,86.49737548828125,480.29736328125,349.1606750488281,20.240659713745117,113.97151947021484,608.8943481445312,249.02000427246094,193.49168395996094,568.177734375,233.87135314941406,273.3928527832031,39.51448440551758,53.24618911743164,201.91445922851562,79.17739868164062,114.71417999267578,186.5635986328125
2024-10-03,223.9908905029297,183.02346801757812,107.62614440917969,347.54949951171875,503.79998779296875,272.67413330078125,196.65817260742188,162.85000610351562,300.6629333496094,213.77296447753906,181.9600067138672,61.24742126464844,150.52000427246094,37.738765716552734,161.9070587158203,917.476318359375,49.39287185668945,83.81999969482422,142.91653442382812,58.54704666137695,381.5610046386719,283.99127197265625,265.7900085449219,328.5810546875,35.52526092529297,106.28386688232422,217.8967742919922,866.1455688476562,50.37742233276367,58.311710357666016,140.41720581054688,399.478515625,267.3914794921875,91.49623107910156,122.46297454833984,320.01171875,182.05819702148438,80.21271514892578,164.80929565429688,469.4789733886719,393.857666015625,193.26780700683594,212.62657165527344,593.2723999023438,479.6300048828125,249.0390167236328,152.7975616455078,196.9547119140625,76.39020538330078,67.08602905273438,459.1085205078125,874.5726318359375,577.9555053710938,259.7456970214844,79.97565460205078,489.0899658203125,291.14825439453125,67.28504180908203,579.4363403320312,44.33086013793945,103.82353973388672,99.83391571044922,410.834228515625,101.18363952636719,80.7816390991211,70.68000030517578,78.57891845703125,178.1280059814453,122.65834045410156,163.27117919921875,167.97000122070312,157.60484313964844,24.74631118774414,161.1846466064453,39.2400016784668,111.1622085571289,162.71224975585938,1006.2786865234375,91.38787078857422,61.986412048339844,367.358154296875,42.76062774658203,495.4100036621094,85.65685272216797,480.1947021484375,345.7193298339844,20.112958908081055,112.6111068725586,597.16796875,240.66000366210938,191.8176727294922,568.5997924804688,231.25730895996094,273.25469970703125,39.04961395263672,52.938072204589844,203.63827514648438,79.17739868164062,115.71481323242188,185.13864135742188
2024-10-04,225.11245727539062,181.9372100830078,108.01933288574219,348.51165771484375,507.2200012207031,273.1915283203125,199.0032501220703,170.89999389648438,302.7274169921875,208.53306579589844,186.50999450683594,61.57305145263672,155.0,38.56565475463867,165.20428466796875,915.2586059570312,49.724613189697266,84.54000091552734,143.5970458984375,59.817115783691406,387.414794921875,286.0089111328125,268.6499938964844,329.6810302734375,35.85604476928711,108.28815460205078,216.89093017578125,873.5046997070312,50.68489456176758,59.859397888183594,139.94374084472656,398.7454833984375,266.9071350097656,92.98159790039062,124.64464569091797,325.9723205566406,185.2163848876953,80.61296081542969,166.00169372558594,478.2291259765625,390.7763366699219,194.12515258789062,215.7579345703125,600.0126342773438,481.95001220703125,247.52560424804688,152.59764099121094,203.9453582763672,77.65554809570312,66.75308227539062,457.5740966796875,876.1627197265625,577.2973022460938,257.3905944824219,80.3996353149414,491.7875671386719,291.4457092285156,67.61597442626953,592.5309448242188,44.43730163574219,103.43719482421875,102.9940185546875,410.3607482910156,101.61095428466797,79.64187622070312,71.97000122070312,78.72248840332031,183.53599548339844,124.72511291503906,167.18515014648438,171.17999267578125,157.08116149902344,24.955875396728516,160.00978088378906,40.0099983215332,111.83831024169922,162.69296264648438,1004.523193359375,92.36333465576172,63.306312561035156,365.5858154296875,43.3035888671875,499.1199951171875,85.28853607177734,477.92718505859375,345.33587646484375,19.985260009765625,112.24899291992188,594.8723754882812,250.0800018310547,192.80685424804688,567.1129760742188,229.55625915527344,274.31072998046875,38.75138854980469,54.84454345703125,202.6643829345703,79.67945098876953,117.83880615234375,184.20803833007812
2024-10-07,220.04054260253906,181.30044555664062,108.70979309082031,343.27777099609375,487.29998779296875,270.27911376953125,197.19024658203125,170.97000122070312,300.6344909667969,208.26266479492188,180.8000030517578,62.01708221435547,155.91000366210938,38.42143630981445,164.49893188476562,907.0430908203125,49.24542999267578,84.41000366210938,140.90321350097656,59.77891159057617,388.5466003417969,272.8103332519531,262.8599853515625,328.30133056640625,35.30763244628906,108.45832824707031,216.45703125,864.0881958007812,50.454288482666016,60.4710578918457,140.2965087890625,396.8396911621094,265.6814880371094,90.28450012207031,125.69334411621094,327.5187683105469,184.1075439453125,80.46048736572266,161.94754028320312,477.70758056640625,390.4892578125,193.6964874267578,216.82716369628906,591.91650390625,471.2300109863281,245.25540161132812,151.8740997314453,203.66534423828125,77.09140014648438,65.64957427978516,452.7459716796875,887.2633666992188,577.6884765625,258.1403503417969,79.48265075683594,485.4635314941406,288.6536865234375,67.13372802734375,581.4349365234375,44.27764129638672,102.32527923583984,102.76487731933594,403.9300842285156,102.3819808959961,76.26053619384766,70.19200134277344,77.36339569091797,181.18800354003906,127.520751953125,166.31431579589844,168.97000122070312,156.37042236328125,25.497257232666016,158.3422088623047,38.88999938964844,111.65990447998047,160.8050079345703,987.8906860351562,91.89472198486328,62.856571197509766,362.1200256347656,43.42742156982422,494.8699951171875,83.94747924804688,472.5616149902344,339.35772705078125,19.866682052612305,109.74346923828125,595.1109008789062,240.8300018310547,191.4372100830078,559.7842407226562,227.6437530517578,270.2246398925781,38.45317077636719,55.037109375,200.05426025390625,77.86809539794922,118.34854888916016,181.5423126220703
2024-10-08,224.0901641845703,180.73858642578125,109.92770385742188,346.72210693359375,496.239990234375,273.4405822753906,197.9292755126953,172.8000030517578,300.852294921875,209.11111450195312,182.72000122070312,63.47747039794922,154.64999389648438,38.3925895690918,166.9984588623047,915.1429443359375,48.36077880859375,85.83999633789062,141.25296020507812,60.39006805419922,378.50726318359375,275.5465393066406,270.1499938964844,331.83258056640625,35.64712905883789,104.75230407714844,217.74887084960938,880.7351684570312,50.665679931640625,61.07345962524414,138.09625244140625,391.2101745605469,265.7012634277344,90.40177154541016,122.0697021484375,328.44854736328125,185.60250854492188,81.20381164550781,163.3386688232422,479.5909118652344,396.3456726074219,197.1925811767578,218.2592010498047,602.6656494140625,480.7900085449219,244.94886779785156,152.02642822265625,203.49154663085938,77.31134033203125,65.81129455566406,458.8055419921875,902.3934326171875,580.0830688476562,262.6871643066406,79.8770523071289,491.1551208496094,289.66107177734375,66.99190521240234,589.4984130859375,43.949459075927734,102.2593002319336,102.62168884277344,409.0292663574219,102.01388549804688,76.46000671386719,72.1760025024414,77.30596160888672,184.39999389648438,132.68267822265625,170.61968994140625,177.56500244140625,159.37229919433594,25.47979164123535,159.32760620117188,41.45000076293945,111.55661010742188,160.22705078125,997.025146484375,92.00949096679688,63.45295715332031,367.65350341796875,42.04620361328125,517.760009765625,84.32524871826172,483.6940002441406,344.9130554199219,19.939651489257812,111.0353775024414,591.7322387695312,244.5,192.331298828125,557.8848266601562,228.306884765625,271.37939453125,38.602272033691406,55.171913146972656,203.23898315429688,78.46859741210938,115.20504760742188,181.62953186035156
2024-10-09,227.83209228515625,182.3679656982422,111.19355010986328,351.2439880371094,494.0799865722656,275.69189453125,202.04783630371094,171.02000427246094,305.33172607421875,207.34552001953125,185.1699981689453,64.07939147949219,149.3699951171875,38.642578125,169.31890869140625,921.7479858398438,48.655662536621094,86.69999694824219,140.28880310058594,61.23041915893555,386.5367736816406,278.3712158203125,279.55999755859375,334.5244140625,36.03885269165039,104.91301727294922,218.09402465820312,899.2119140625,51.46318054199219,61.138336181640625,138.93179321289062,396.2923889160156,266.116455078125,91.4669189453125,122.62214660644531,331.0618591308594,187.3944854736328,82.09010314941406,160.8346405029297,487.9065246582031,398.1543884277344,203.5751495361328,223.68177795410156,610.7617797851562,490.3800048828125,247.1136932373047,152.94036865234375,206.06961059570312,79.35581970214844,66.18229675292969,458.9326171875,908.3388061523438,577.2781982421875,266.44573974609375,81.70117950439453,494.667724609375,291.5128173828125,67.18101501464844,587.132080078125,44.5526008605957,103.9083480834961,104.10147094726562,411.7416076660156,101.17819213867188,76.53598022460938,72.74299621582031,78.91390991210938,187.72999572753906,132.44305419921875,174.45535278320312,181.43499755859375,161.3548583984375,26.361719131469727,160.37928771972656,43.130001068115234,112.85247802734375,163.9644775390625,1003.8984375,91.69389343261719,65.21282196044922,373.1279296875,42.11288070678711,529.0,83.98526763916016,486.6053466796875,348.0299987792969,20.00349998474121,111.55410766601562,595.5084228515625,241.0500030517578,194.95645141601562,567.1320190429688,228.4221954345703,273.3237609863281,38.68998336791992,55.40299987792969,206.6964111328125,79.14786529541016,115.25225067138672,184.34375
2024-10-10,227.3358154296875,181.993408203125,110.87708282470703,348.7999572753906,503.57000732421875,274.8680419921875,200.96400451660156,164.17999267578125,304.0058898925781,204.64076232910156,186.64999389648438,63.704429626464844,146.6199951171875,38.43104934692383,169.1697998046875,921.4298095703125,48.28705978393555,86.19999694824219,140.86538696289062,60.6192512512207,386.97576904296875,280.2117919921875,280.6400146484375,338.1714782714844,35.7776985168457,105.75443267822266,219.1195831298828,883.9102172851562,51.443965911865234,61.95387268066406,139.8323211669922,396.5660095214844,263.3685607910156,90.8708267211914,123.77385711669922,329.7796630859375,186.2460174560547,80.689208984375,161.05322265625,486.4964599609375,392.30743408203125,203.4799041748047,222.45977783203125,609.5119018554688,483.8399963378906,246.01211547851562,152.8070831298828,205.5095672607422,78.69996643066406,65.87787628173828,458.7860107421875,899.4010620117188,570.0087280273438,262.6295471191406,80.91236877441406,492.7580261230469,291.7143859863281,67.26612091064453,580.4902954101562,44.06476593017578,103.08854675292969,103.18495178222656,410.143798828125,105.147705078125,76.87791442871094,73.02899932861328,78.57891845703125,188.92599487304688,134.59970092773438,172.0232391357422,184.6999969482422,161.77574157714844,25.6195011138916,160.0760955810547,43.52000045776367,112.11062622070312,162.32696533203125,990.8363647460938,89.78121948242188,65.1639404296875,370.6566162109375,42.484378814697266,533.0800170898438,83.35253143310547,480.679931640625,347.4498291015625,19.604393005371094,110.19367980957031,590.0825805664062,238.77000427246094,192.57858276367188,573.34814453125,229.51779174804688,273.8567199707031,38.260616302490234,55.605201721191406,205.7322540283203,78.37017059326172,116.24346160888672,184.4503631591797
2024-10-11,225.85691833496094,181.84356689453125,111.3565673828125,348.481201171875,495.4200134277344,276.2571716308594,202.04783630371094,167.88999938964844,310.9571228027344,205.9274139404297,188.82000732421875,64.691162109375,151.02000427246094,40.334808349609375,169.03211975097656,954.8604736328125,48.10275650024414,87.0999984741211,144.6557159423828,62.77740478515625,392.22467041015625,282.3081970214844,282.3900146484375,337.9784851074219,35.916988372802734,104.45921325683594,219.47459411621094,879.3602905273438,52.12616729736328,61.74998092651367,140.57504272460938,401.7654724121094,267.2037048339844,91.9848403930664,124.01728057861328,334.1351318359375,189.25575256347656,80.95603942871094,162.20591735839844,498.6462707519531,394.16387939453125,205.7566375732422,222.6888885498047,606.933349609375,484.7799987792969,249.61375427246094,153.7115020751953,214.63409423828125,79.2670669555664,66.18229675292969,463.30133056640625,920.5060424804688,576.3814697265625,265.08074951171875,81.73076629638672,496.9532470703125,292.673828125,66.812255859375,586.5752563476562,44.206687927246094,103.3995132446289,105.45716094970703,410.6172180175781,106.37139892578125,77.75173950195312,72.27899932861328,78.62677764892578,187.71800231933594,134.58970642089844,172.37628173828125,186.60000610351562,163.4777374267578,25.46232795715332,162.1036834716797,43.5099983215332,112.77735137939453,163.73329162597656,1007.349853515625,91.37830352783203,66.17097473144531,373.1575012207031,42.65584182739258,539.9199829101562,84.01360321044922,487.1092834472656,349.64251708984375,19.74297332763672,111.3094253540039,593.1929931640625,217.8000030517578,195.08961486816406,573.6837768554688,232.87185668945312,274.2218933105469,38.305152893066406,58.72486877441406,206.28738403320312,78.85252380371094,116.68712615966797,184.2565155029297
2024-10-14,229.57901000976562,183.2107391357422,112.44022369384766,352.21002197265625,509.6499938964844,278.78643798828125,210.74813842773438,165.27000427246094,307.4246826171875,208.2095184326172,187.5399932861328,66.4870376586914,148.99000549316406,40.296356201171875,169.5445556640625,956.2682495117188,48.53586196899414,87.55000305175781,146.97149658203125,63.03523254394531,384.3513488769531,284.1585388183594,282.1400146484375,339.08807373046875,36.53504180908203,103.49488067626953,221.69342041015625,880.0823364257812,52.145389556884766,62.51919937133789,140.90927124023438,398.48162841796875,268.41949462890625,92.80570220947266,123.09969329833984,338.2653503417969,190.7111053466797,81.05133819580078,163.9149932861328,504.875732421875,397.5323791503906,207.2903594970703,224.59825134277344,607.4056396484375,487.6099853515625,250.48541259765625,153.84478759765625,213.85198974609375,81.82337951660156,66.914794921875,466.7611389160156,917.9877319335938,582.7733154296875,269.8583068847656,84.50146484375,501.3067321777344,297.2792053222656,66.68933868408203,587.04248046875,44.22442626953125,103.36181640625,107.19474029541016,413.3985900878906,107.78411865234375,78.74906158447266,71.30000305175781,78.10037994384766,188.93800354003906,137.8546142578125,172.71951293945312,186.9550018310547,164.68411254882812,25.392471313476562,163.4490966796875,43.400001525878906,112.7585678100586,171.49708557128906,1005.9415893554688,90.622802734375,66.307861328125,378.2478942871094,42.57964324951172,545.4600219726562,84.84467315673828,492.2508850097656,353.6836242675781,19.64134407043457,112.78729248046875,600.02001953125,219.16000366210938,198.4661865234375,580.7343139648438,235.71656799316406,277.02490234375,38.47441101074219,59.85142135620117,207.9333038330078,79.03958129882812,117.13079833984375,186.74778747558594
2024-10-15,232.11004638671875,181.09640502929688,111.8139419555664,356.13201904296875,508.0299987792969,277.8667297363281,188.21408081054688,156.63999938964844,307.8697509765625,215.46917724609375,187.69000244140625,64.82931518554688,152.35000610351562,40.51749801635742,169.94102478027344,971.001953125,48.61880111694336,86.7699966430664,147.75604248046875,59.817115783691406,378.5364990234375,282.8692321777344,269.4700012207031,336.5698547363281,36.65690994262695,99.4674072265625,229.88819885253906,884.879638671875,51.962825775146484,60.2393684387207,137.14930725097656,392.88140869140625,269.5264892578125,92.07279205322266,119.17645263671875,330.8562927246094,188.671630859375,81.78514099121094,164.41184997558594,504.5184020996094,397.6854248046875,206.9760284423828,222.4025115966797,608.1241455078125,478.4700012207031,250.34173583984375,156.2248077392578,214.73065185546875,69.79817199707031,66.914794921875,469.8202209472656,901.9984130859375,577.17333984375,270.9156799316406,75.29208374023438,501.8707275390625,300.6373596191406,67.89017486572266,582.9163208007812,44.25990295410156,105.09567260742188,107.137451171875,413.0040283203125,103.78473663330078,78.63507080078125,70.5979995727539,78.59807586669922,185.5919952392578,131.3946990966797,170.7287139892578,187.22000122070312,164.49705505371094,25.70682144165039,164.45343017578125,42.43000030517578,113.07782745361328,167.69224548339844,1008.2029418945312,90.89057159423828,70.35554504394531,382.57037353515625,40.91264724731445,517.5599975585938,85.66629791259766,493.11871337890625,352.96588134765625,19.872314453125,114.2749252319336,596.7705688476562,219.57000732421875,190.0770721435547,533.6251831054688,236.21630859375,275.65301513671875,38.9643669128418,60.68910217285156,208.2157440185547,80.3783950805664,113.60970306396484,186.49574279785156
2024-10-16,230.05543518066406,179.7749481201172,113.51934051513672,359.60968017578125,502.5400085449219,278.4990234375,181.87850952148438,156.1300048828125,304.5930480957031,213.6754150390625,186.88999938964844,66.11207580566406,154.89999389648438,41.1520881652832,171.10479736328125,979.4392700195312,49.18092346191406,87.0,150.96031188964844,61.35455322265625,384.0293884277344,288.4793701171875,262.95001220703125,345.9672546386719,36.77878189086914,99.4201431274414,233.2904052734375,877.728271484375,54.17278289794922,60.257896423339844,138.07769775390625,400.0942077636719,264.9302978515625,94.5451431274414,119.25135803222656,333.85125732421875,190.26559448242188,82.6714096069336,164.11375427246094,511.74267578125,400.5849914550781,208.5859375,223.080322265625,599.758544921875,476.5899963378906,249.8436279296875,156.39614868164062,215.9376220703125,67.31974792480469,67.13359832763672,473.01617431640625,905.0599975585938,584.6431274414062,273.0497131347656,73.10313415527344,508.638427734375,300.234375,67.99418640136719,573.490478515625,44.490516662597656,104.04969787597656,114.0972900390625,410.4199523925781,108.67949676513672,80.15477752685547,70.19999694824219,80.34000396728516,183.7740020751953,135.50827026367188,171.3955841064453,186.61500549316406,163.16912841796875,25.907655715942383,163.32594299316406,41.93000030517578,113.51918029785156,165.1781463623047,999.703125,91.29225158691406,70.47286987304688,383.3974914550781,41.60802459716797,501.3500061035156,87.15843963623047,493.6319274902344,355.2568054199219,20.057086944580078,114.90131378173828,587.8565673828125,221.3300018310547,190.8855743408203,548.06201171875,238.43634033203125,283.77581787109375,39.11579895019531,61.51716232299805,207.58270263671875,79.95508575439453,113.90235900878906,188.48292541503906
2024-10-17,230.4226837158203,177.990966796875,113.58677673339844,362.4014892578125,496.8299865722656,279.7060546875,180.54835510253906,156.25,304.3089294433594,210.5198516845703,187.52999877929688,66.64493560791016,155.30999755859375,40.95978546142578,172.4263916015625,966.6629028320312,49.005836486816406,86.41999816894531,160.43136596679688,61.0871696472168,384.8781433105469,297.13079833984375,263.0299987792969,340.6993408203125,36.761375427246094,100.35609436035156,232.37326049804688,875.6609497070312,54.19200134277344,59.00677490234375,140.3708038330078,395.9600524902344,268.8346252441406,94.33992767333984,119.80777740478516,341.084228515625,190.70120239257812,83.25274658203125,161.89784240722656,510.9119567871094,397.7046203613281,209.1479949951172,222.32614135742188,599.6010131835938,473.7300109863281,249.6808319091797,156.57705688476562,216.6907501220703,66.10273742675781,66.49623107910156,475.04901123046875,905.7513427734375,581.5808715820312,270.41583251953125,72.11711120605469,508.3317565917969,301.9422302246094,67.24720764160156,573.629638671875,44.11798858642578,103.41835021972656,114.03044891357422,411.01171875,111.47508239746094,79.57538604736328,68.76499938964844,79.82318115234375,183.4239959716797,136.71636962890625,172.2880096435547,188.0749969482422,163.34681701660156,25.558382034301758,163.23118591308594,42.0,112.81491088867188,164.8121337890625,990.0527954101562,91.11053466796875,70.30667877197266,383.09228515625,41.9033203125,504.69000244140625,87.54563903808594,484.26318359375,353.7033386230469,20.075565338134766,114.9796142578125,595.5084228515625,220.88999938964844,188.61233520507812,542.9683837890625,232.30484008789062,286.6084899902344,39.06235122680664,61.98896408081055,207.52426147460938,79.6302261352539,113.60970306396484,185.1483154296875
2024-10-18,233.25149536132812,178.2646942138672,115.03202056884766,364.0533752441406,494.8999938964844,280.0222473144531,183.62252807617188,155.97000122070312,304.6214294433594,212.52964782714844,188.99000549316406,66.56598663330078,155.0,40.6905632019043,171.6393585205078,971.0214233398438,49.042701721191406,88.06999969482422,162.9172821044922,60.017642974853516,384.2635192871094,296.9044189453125,258.5199890136719,324.1814880371094,36.500221252441406,99.90230560302734,234.13845825195312,879.8844604492188,54.53790283203125,55.92067337036133,139.95303344726562,399.46875,271.2068786621094,95.06305694580078,119.41168212890625,340.7807922363281,190.69131469726562,82.64282989501953,162.38473510742188,510.4291687011719,397.1304626464844,211.50094604492188,221.6769561767578,603.5968627929688,521.1500244140625,250.0352020263672,157.19586181640625,217.60800170898438,66.9183578491211,67.00993347167969,475.4302673339844,906.5907592773438,583.6700439453125,270.73309326171875,71.82130432128906,510.8845520019531,303.726806640625,67.68215942382812,573.1723022460938,44.002681732177734,102.42892456054688,115.57707977294922,412.4320068359375,110.57970428466797,80.14527130126953,76.38899993896484,79.3637466430664,184.35000610351562,137.78469848632812,171.317138671875,187.4149932861328,163.71151733398438,25.514719009399414,163.2378692626953,42.970001220703125,112.8806381225586,164.63873291015625,982.5646362304688,92.61198425292969,69.76893615722656,382.3832702636719,39.9315071105957,507.0299987792969,88.05562591552734,489.7127685546875,363.36859130859375,20.186426162719727,115.20470428466797,597.9530639648438,220.6999969482422,188.77401733398438,546.4025268554688,234.59213256835938,286.8354797363281,39.18706512451172,61.96971130371094,207.202880859375,80.04368591308594,113.28874969482422,187.35845947265625
2024-10-21,234.72047424316406,176.0748748779297,112.71964263916016,363.2515869140625,497.7099914550781,278.7001647949219,181.75045776367188,157.89999389648438,299.9620666503906,207.9935302734375,189.07000732421875,65.98381042480469,159.82000732421875,40.152122497558594,172.14828491210938,964.7633666992188,48.02903747558594,88.05000305175781,161.4143829345703,59.04361343383789,382.33465576171875,293.1545104980469,253.14999389648438,308.9662170410156,35.28151321411133,99.25941467285156,233.2607879638672,877.1249389648438,54.37455368041992,54.510353088378906,140.07373046875,397.7388000488281,268.94329833984375,94.41810607910156,118.55348205566406,339.69439697265625,192.295166015625,82.23303985595703,163.03065490722656,500.0950012207031,388.9007263183594,211.005615234375,221.24732971191406,604.2267456054688,518.8599853515625,247.48727416992188,155.0157470703125,215.3196563720703,66.4341049194336,66.06813049316406,472.4101867675781,894.8975219726562,586.34130859375,266.1189270019531,71.82130432128906,509.5685119628906,302.12451171875,66.59478759765625,571.8698120117188,43.51484680175781,100.205078125,112.9229965209961,413.0435485839844,108.52032470703125,79.81282806396484,77.20700073242188,77.98551940917969,183.66799926757812,143.4857940673828,170.4050750732422,189.2050018310547,163.6647491455078,25.261493682861328,161.5795440673828,42.70000076293945,111.70684814453125,162.79893493652344,960.5662841796875,92.23899841308594,69.28986358642578,375.8750305175781,40.417320251464844,505.5899963378906,87.57398223876953,488.2103271484375,361.09735107421875,20.010892868041992,113.19834899902344,591.6526489257812,218.85000610351562,186.20591735839844,548.1866455078125,230.9882049560547,283.11456298828125,38.928733825683594,61.642333984375,206.29710388183594,79.55147552490234,113.3548355102539,183.64581298828125
2024-10-22,234.10507202148438,178.17030334472656,111.88138580322266,359.1556701660156,493.1099853515625,279.11212158203125,180.31190490722656,154.08999633789062,302.7274169921875,207.98414611816406,189.6999969482422,65.96408081054688,159.8800048828125,40.67133712768555,172.70294189453125,965.0332641601562,48.61880111694336,88.01000213623047,159.2687225341797,60.69565200805664,380.35675048828125,292.4261474609375,251.50999450683594,306.29364013671875,36.1694221496582,99.26887512207031,230.9236602783203,883.7717895507812,54.38417053222656,53.273399353027344,140.11087036132812,397.4358825683594,258.2583312988281,94.53536987304688,117.94991302490234,336.2491760253906,174.9001922607422,84.01512908935547,164.09384155273438,500.5779113769531,384.5466613769531,211.81532287597656,221.7246856689453,599.9554443359375,517.5,246.15582275390625,155.60598754882812,216.40106201171875,66.08597564697266,66.06813049316406,471.03216552734375,897.8801879882812,550.4420166015625,261.6778564453125,71.97907257080078,507.5995788574219,301.9326171875,67.46467590332031,578.6806030273438,44.40182113647461,100.4877700805664,112.96117401123047,421.6539611816406,107.26678466796875,79.4993896484375,76.42400360107422,77.92808532714844,183.58999633789062,143.36599731445312,171.9251708984375,188.0500030517578,163.06625366210938,25.18290901184082,161.73207092285156,42.939998626708984,123.39775848388672,166.81568908691406,954.4568481445312,92.59285736083984,69.32896423339844,355.81854248046875,39.9410400390625,502.4100036621094,87.9045181274414,479.1869201660156,359.88787841796875,19.863075256347656,112.73836517333984,582.7188110351562,217.97000122070312,184.49383544921875,546.6424560546875,232.04534912109375,281.0813903808594,36.968929290771484,62.40299606323242,205.5471954345703,80.74263000488281,113.94010162353516,183.70396423339844
2024-10-23,229.04302978515625,177.33970642089844,112.73890686035156,358.03509521484375,485.0299987792969,277.8667297363281,180.0163116455078,152.91000366210938,298.21954345703125,212.50146484375,184.7100067138672,67.56261444091797,157.05999755859375,40.709800720214844,170.14773559570312,952.8355102539062,48.89525604248047,87.44999694824219,157.7753143310547,60.25637435913086,377.6837158203125,290.3493957519531,249.08999633789062,306.3997497558594,36.1694221496582,98.80562591552734,231.268798828125,889.3900146484375,54.07669448852539,53.207801818847656,139.7023468017578,399.3807678222656,253.03939819335938,94.04676055908203,117.62928009033203,337.6292419433594,179.88009643554688,83.12884521484375,161.74880981445312,499.5155334472656,382.4318542480469,209.9005584716797,222.20204162597656,592.4951782226562,512.5800170898438,245.5236358642578,157.90032958984375,215.7155303955078,65.54845428466797,64.69825744628906,466.61456298828125,892.05322265625,544.8324584960938,260.7511291503906,71.84103393554688,508.30206298828125,286.46612548828125,66.71770477294922,560.4653930664062,44.171207427978516,100.24278259277344,112.9229965209961,418.7838134765625,104.51100158691406,80.69615173339844,74.92900085449219,76.6168441772461,181.53599548339844,139.34226989746094,169.75782775878906,179.09500122070312,161.73829650878906,25.20037078857422,161.61770629882812,42.59000015258789,123.39775848388672,160.4774932861328,933.6783447265625,93.38663482666016,70.11112976074219,357.1378479003906,40.13155746459961,493.4100036621094,88.9150390625,476.7607727050781,357.15447998046875,20.777698516845703,111.78899383544922,572.8905639648438,213.64999389648438,191.88424682617188,541.6350708007812,231.94924926757812,280.0648193359375,38.18043899536133,62.16228485107422,206.2776336669922,81.9731674194336,113.5341796875,183.19992065429688
2024-10-24,228.8544464111328,179.0103759765625,112.28606414794922,351.85260009765625,482.8699951171875,277.28228759765625,181.05087280273438,153.44000244140625,298.9676818847656,212.18212890625,186.3800048828125,68.8749771118164,155.1999969482422,41.00786209106445,171.1623992919922,948.82421875,48.76624298095703,85.0999984741211,160.3651885986328,60.160884857177734,378.9859313964844,289.3257751464844,251.27999877929688,307.0461730957031,36.25647735595703,98.67326354980469,231.89991760253906,883.7025146484375,53.769229888916016,52.589324951171875,139.67449951171875,401.7557067871094,245.13194274902344,93.22589874267578,117.35578918457031,337.95220947265625,177.94952392578125,84.60597229003906,161.689208984375,506.5659484863281,385.3409118652344,199.193115234375,208.4927978515625,594.4340209960938,511.6300048828125,244.76687622070312,155.81544494628906,217.23146057128906,65.69934844970703,64.02283477783203,463.7118225097656,880.2710571289062,538.2594604492188,261.957763671875,75.49915313720703,505.2248840332031,289.35406494140625,66.14092254638672,564.5321044921875,44.29538345336914,99.77162170410156,113.77266693115234,418.91204833984375,106.3017578125,78.65406036376953,75.45500183105469,75.65016174316406,191.3159942626953,140.19093322753906,171.0131378173828,182.2899932861328,160.99952697753906,25.00826644897461,161.6558074951172,43.560001373291016,124.7030029296875,161.92236328125,921.2907104492188,92.90843963623047,70.97151184082031,356.0252685546875,39.29329299926758,495.25,88.4050521850586,460.23480224609375,353.8704528808594,20.509780883789062,111.76941680908203,553.89990234375,260.4800109863281,196.51634216308594,537.9610595703125,221.7621307373047,279.5318908691406,37.28962707519531,62.999969482421875,203.46299743652344,81.74674987792969,112.89227294921875,175.9393768310547
2024-10-25,229.6881866455078,177.31138610839844,110.05074310302734,348.53912353515625,483.7200012207031,275.8739929199219,183.7801971435547,156.22999572753906,300.1893310546875,209.24261474609375,187.8300018310547,68.49014282226562,155.00999450683594,40.277122497558594,171.52101135253906,939.2492065429688,47.84473419189453,84.7300033569336,158.32351684570312,58.97676467895508,377.918701171875,283.449951171875,257.29998779296875,305.705078125,36.26518249511719,98.8528823852539,231.21949768066406,881.5263671875,53.557838439941406,52.93605422973633,140.00872802734375,398.6868591308594,242.55209350585938,92.86433410644531,116.1580810546875,337.169189453125,177.31590270996094,84.81562805175781,164.22303771972656,495.07275390625,381.7332763671875,198.14520263671875,204.94139099121094,599.6404418945312,511.2699890136719,243.3779296875,153.15933227539062,214.65341186523438,66.38084411621094,63.661338806152344,463.02764892578125,881.634033203125,536.427734375,258.3667297363281,76.5936279296875,501.99932861328125,280.7476806640625,65.46012878417969,569.9707641601562,44.09138107299805,97.98124694824219,111.58638763427734,422.28515625,107.35633087158203,77.34331512451172,75.46800231933594,75.46830749511719,190.1699981689453,141.3191680908203,170.16973876953125,183.22000122070312,160.65350341796875,24.842363357543945,160.32154846191406,44.86000061035156,121.94225311279297,164.0126190185547,925.3770141601562,93.06147003173828,70.21868133544922,353.5145568847656,39.760047912597656,501.5799865722656,86.771240234375,457.8086242675781,346.9090576171875,20.167949676513672,111.39750671386719,550.9185791015625,269.19000244140625,196.82066345214844,541.558349609375,221.32968139648438,278.0612487792969,36.862030029296875,62.13339614868164,201.40802001953125,81.2249984741211,112.7978744506836,174.49501037597656
2024-10-28,231.66336059570312,179.03872680664062,109.90621948242188,349.0414733886719,481.0400085449219,274.41778564453125,182.6175079345703,159.9199981689453,300.36932373046875,208.69790649414062,188.38999938964844,67.76982116699219,150.69000244140625,40.9790153503418,171.5119171142578,950.96484375,48.50822067260742,84.76000213623047,161.48733520507812,61.268611907958984,382.46185302734375,285.44793701171875,252.77000427246094,303.8429870605469,36.421878814697266,97.62385559082031,230.33197021484375,881.269287109375,53.115840911865234,53.751312255859375,139.758056640625,403.0067443847656,241.29678344726562,94.0076675415039,115.1207046508789,338.16754150390625,173.61317443847656,84.5869140625,165.66384887695312,505.6773376464844,385.5418701171875,196.33522033691406,203.2611541748047,602.4158325195312,510.8800048828125,246.05043029785156,153.84478759765625,217.73353576660156,66.507080078125,63.42350769042969,465.2169494628906,884.4882202148438,529.6351928710938,258.685302734375,74.39481353759766,502.8403625488281,284.7582702636719,65.75324249267578,574.8527221679688,44.570343017578125,98.21681213378906,113.73448181152344,420.7465515136719,105.8441162109375,78.71105194091797,74.91200256347656,75.52572631835938,189.0,140.30078125,169.09097290039062,181.1750030517578,158.82992553710938,25.20037078857422,161.35084533691406,44.970001220703125,122.54324340820312,165.89096069335938,921.0030517578125,93.74046325683594,70.43376159667969,357.67938232421875,39.42665100097656,496.17999267578125,86.68624877929688,454.6639099121094,350.045654296875,20.4266300201416,111.74005889892578,549.090087890625,262.510009765625,195.77442932128906,542.2105102539062,222.94422912597656,280.4892272949219,37.075828552246094,63.17329025268555,202.82992553710938,81.46125793457031,112.24092102050781,177.16075134277344
2024-10-29,231.93138122558594,178.8216094970703,109.26068115234375,350.7030334472656,485.3900146484375,275.8644104003906,187.32730102539062,166.25,299.26123046875,199.9544219970703,190.8300018310547,67.96717834472656,152.97999572753906,40.89248275756836,174.6659698486328,948.0238647460938,48.37921142578125,84.55999755859375,161.3353271484375,61.77473068237305,379.42657470703125,282.6723937988281,284.45001220703125,297.3883361816406,36.62208557128906,96.73515319824219,228.55691528320312,877.342529296875,53.500186920166016,52.711151123046875,137.88275146484375,396.8396911621094,239.88333129882812,93.93927001953125,113.63064575195312,338.2066650390625,172.3162078857422,83.93888854980469,168.60508728027344,506.3534851074219,378.0586242675781,196.22093200683594,200.89353942871094,613.8423461914062,516.3099975585938,245.25540161132812,152.40725708007812,215.2230987548828,68.66497802734375,62.3675537109375,463.9073181152344,892.3792114257812,521.6502075195312,253.85850524902344,77.21481323242188,500.9307861328125,283.0408630371094,65.38448333740234,589.88623046875,44.30425262451172,97.74567413330078,113.89678192138672,426.0331115722656,107.62493896484375,75.56716918945312,75.94400024414062,75.03761291503906,190.61599731445312,141.0296173095703,170.08145141601562,182.69500732421875,156.64161682128906,24.851093292236328,159.3208465576172,44.93000030517578,123.54801940917969,169.53204345703125,919.733642578125,93.13797760009766,70.287109375,356.0548095703125,38.51219177246094,529.2100219726562,84.8257827758789,454.2066650390625,352.9953308105469,20.491300582885742,111.68132781982422,544.3499145507812,259.5199890136719,201.02476501464844,539.2273559570312,222.95384216308594,278.20928955078125,36.81748962402344,62.874794006347656,213.39703369140625,80.42761993408203,110.71163940429688,175.71641540527344
2024-10-30,228.387939453125,190.1956024169922,110.27234649658203,334.7926940917969,486.67999267578125,280.4917297363281,182.57810974121094,148.60000610351562,298.82562255859375,200.48973083496094,192.72999572753906,67.45407104492188,154.2899932861328,40.68095397949219,176.1015625,944.8418579101562,48.52665328979492,83.98999786376953,162.97898864746094,61.59328842163086,371.3290710449219,279.16851806640625,290.0,301.8843688964844,36.770076751708984,97.35911560058594,226.29867553710938,869.5284423828125,53.41371154785156,52.84233856201172,137.44642639160156,395.5202941894531,239.51760864257812,92.91319274902344,113.658935546875,335.5249328613281,172.9003143310547,84.1390151977539,173.35479736328125,506.4693603515625,375.6183776855469,194.5252685546875,195.61416625976562,611.2932739257812,513.77001953125,253.19618225097656,152.90228271484375,216.6811065673828,68.22807312011719,62.71002960205078,462.6758117675781,836.3326416015625,520.8297119140625,252.33328247070312,75.38082122802734,508.262451171875,279.7019348144531,65.98963165283203,588.4146118164062,44.792091369628906,98.78219604492188,112.57928466796875,426.6051330566406,103.54598236083984,75.1207504272461,75.3740005493164,73.17123413085938,190.0,139.1226043701172,171.1896514892578,179.7550048828125,155.43524169921875,24.90348243713379,158.35829162597656,43.689998626708984,124.05508422851562,161.4600067138672,915.230712890625,93.07102966308594,69.51471710205078,356.3207092285156,38.24547576904297,536.4199829101562,84.391357421875,453.4508972167969,357.3412780761719,20.34348487854004,110.5460205078125,547.1820678710938,257.54998779296875,197.77183532714844,540.0234985351562,223.12681579589844,286.3814697265625,36.77294921875,62.980716705322266,209.2188720703125,80.12244415283203,110.15467834472656,177.14138793945312
2024-10-31,224.22911071777344,192.4326171875,109.23177337646484,333.1021728515625,478.0799865722656,277.10028076171875,178.91273498535156,144.07000732421875,303.200927734375,200.54608154296875,186.39999389648438,66.13182067871094,149.30999755859375,40.20981979370117,184.47752380371094,945.9603881835938,51.392539978027344,84.0199966430664,159.3781280517578,61.27814865112305,368.3525390625,277.9874267578125,276.1199951171875,303.7368469238281,38.014896392822266,103.56106567382812,224.91807556152344,864.6717529296875,52.62580871582031,52.907936096191406,138.1612548828125,395.5202941894531,242.81898498535156,94.0076675415039,115.01695251464844,324.5335693359375,170.06883239746094,84.64408874511719,170.02601623535156,500.0853271484375,376.7954406738281,195.9351348876953,197.35166931152344,600.6541137695312,503.8399963378906,250.13101196289062,152.18829345703125,214.27682495117188,65.70625305175781,62.129737854003906,445.81658935546875,819.4544067382812,520.9346313476562,252.75802612304688,73.31019592285156,494.3114318847656,280.2679443359375,64.75096893310547,564.333251953125,48.30449295043945,96.4169921875,111.86241149902344,400.7838439941406,99.1386947631836,75.2727279663086,75.60299682617188,73.82208251953125,186.59800720214844,132.55287170410156,164.59938049316406,180.1649932861328,155.31365966796875,24.711376190185547,157.42425537109375,41.560001373291016,124.60911560058594,156.7882537841797,831.333740234375,93.43443298339844,69.25076293945312,353.2486572265625,38.16926574707031,513.6099853515625,85.96851348876953,448.2438659667969,350.31109619140625,20.823894500732422,110.62432098388672,542.908935546875,249.85000610351562,194.507080078125,541.500732421875,223.03073120117188,286.07550048828125,37.5301513671875,62.508907318115234,210.2220458984375,80.67371368408203,110.23965454101562,173.71337890625
2024-11-01,221.25144958496094,192.13058471679688,114.27085876464844,333.9233093261719,482.79998779296875,276.0847473144531,180.6863250732422,141.86000061035156,302.3106994628906,198.40481567382812,197.92999267578125,66.96068572998047,154.58999633789062,40.152122497558594,187.3518524169922,949.8656005859375,50.05635452270508,83.62000274658203,159.7486572265625,60.83888244628906,371.7109375,273.0367126464844,282.0899963378906,305.35772705078125,37.91914367675781,101.953857421875,231.0222625732422,868.9208374023438,53.32722854614258,52.298831939697266,142.1068878173828,391.3470458984375,244.89468383789062,93.62655639648438,113.96072387695312,327.8808898925781,169.98959350585938,85.3016586303711,170.20489501953125,501.59197998046875,375.68536376953125,199.27883911132812,198.81234741210938,611.913330078125,506.3399963378906,251.99888610839844,152.44532775878906,215.26171875,66.01692199707031,61.8443489074707,446.9503479003906,808.7784423828125,520.266845703125,252.8642120361328,73.75390625,502.71173095703125,283.2423400878906,64.77932739257812,563.9155883789062,47.781185150146484,96.00238037109375,112.43975830078125,404.74871826171875,99.21829223632812,73.46807861328125,75.61000061035156,74.7121810913086,188.6820068359375,135.18878173828125,166.73731994628906,181.32000732421875,154.8554229736328,24.52800941467285,157.34805297851562,41.91999816894531,122.68408966064453,159.19639587402344,836.6893310546875,94.55335998535156,69.3582992553711,352.46099853515625,37.87397003173828,518.4000244140625,83.61695861816406,450.9967346191406,360.9989318847656,20.435871124267578,109.9979476928711,554.4364624023438,248.97999572753906,196.19210815429688,544.4360961914062,223.62657165527344,286.9538879394531,36.844215393066406,62.277828216552734,208.41053771972656,80.90998077392578,108.51213073730469,176.79351806640625
2024-11-04,220.35812377929688,189.22337341308594,113.35554504394531,332.21343994140625,481.3500061035156,277.6942443847656,179.1492462158203,140.7100067138672,300.123046875,199.20309448242188,195.77999877929688,67.31592559814453,155.07000732421875,39.73869323730469,188.4307861328125,956.05615234375,51.097660064697266,84.72000122070312,158.7035675048828,60.06816864013672,368.66583251953125,271.7276611328125,289.3399963378906,301.33441162109375,37.02252197265625,102.9181900024414,230.64752197265625,877.5970458984375,53.64431381225586,51.21181106567383,142.94239807128906,392.5784606933594,244.32139587402344,93.60701751708984,115.9317398071289,325.0050964355469,170.0490264892578,85.61612701416016,168.1678924560547,493.9814453125,378.537109375,197.7069854736328,196.9698028564453,609.2265014648438,507.4200134277344,252.76519775390625,150.64602661132812,212.21054077148438,65.42420196533203,61.93947219848633,447.9374694824219,796.1470947265625,518.1203002929688,255.7989044189453,73.1327133178711,500.2381591796875,280.97796630859375,64.63750457763672,557.47265625,47.79005432128906,95.99296569824219,111.75655364990234,402.8648986816406,101.2080307006836,74.43689727783203,75.5510025024414,73.87950897216797,190.91799926757812,135.83775329589844,166.3155975341797,180.55999755859375,155.5568389892578,24.23985481262207,157.32899475097656,41.40999984741211,122.38359832763672,159.10968017578125,822.0504150390625,92.79368591308594,69.37785339355469,368.6381530761719,38.407405853271484,524.52001953125,83.22030639648438,453.292236328125,360.7531433105469,20.251096725463867,110.29155731201172,552.001708984375,242.83999633789062,194.9857940673828,535.044921875,220.95486450195312,288.0494384765625,36.57697296142578,61.33422088623047,208.6540069580078,81.16592407226562,111.96714782714844,170.21539306640625
2024-11-05,221.78741455078125,190.36549377441406,113.43263244628906,333.7493896484375,486.4200134277344,278.9588317871094,183.74075317382812,141.66000366210938,302.37701416015625,200.83721923828125,199.5,68.78617858886719,151.0,40.26750946044922,193.8953857421875,978.0892333984375,51.558414459228516,85.54000091552734,161.15480041503906,61.33985900878906,375.3729248046875,272.9186096191406,291.2099914550781,307.1909484863281,37.04863739013672,103.24909210205078,230.7461395263672,881.6577758789062,53.96139907836914,51.858402252197266,142.42251586914062,391.2981872558594,247.177978515625,94.42787170410156,115.1584243774414,331.23760986328125,173.51414489746094,85.978271484375,168.6647186279297,508.9417724609375,382.8624572753906,198.8882598876953,198.1631622314453,609.04931640625,515.1699829101562,255.20779418945312,150.75076293945312,213.86167907714844,66.11061096191406,62.18682098388672,444.5851745605469,796.0680541992188,521.6024169921875,259.85333251953125,75.33152770996094,500.2183532714844,285.26678466796875,65.28993225097656,569.1553955078125,48.06501007080078,95.78565979003906,113.36351776123047,405.8237609863281,104.94873809814453,74.70284271240234,76.39099884033203,74.63562774658203,194.20799255371094,139.6917266845703,168.46331787109375,183.14500427246094,156.9689178466797,24.440690994262695,157.97705078125,51.130001068115234,124.13020324707031,159.81285095214844,822.635498046875,92.85106658935547,69.72003936767578,372.3894958496094,38.626495361328125,521.97998046875,83.76805877685547,456.9687805175781,363.66357421875,20.371198654174805,111.32899475097656,557.28857421875,251.44000244140625,193.8369140625,543.9276733398438,224.76060485839844,289.47076416015625,36.755126953125,61.69047546386719,210.25125122070312,82.37678527832031,112.29754638671875,170.3028564453125
2024-11-06,221.0628662109375,189.91241455078125,112.53657531738281,344.02783203125,504.8299865722656,292.3711853027344,184.76548767089844,145.10000610351562,304.74456787109375,185.4539337158203,207.08999633789062,71.21356201171875,147.16000366210938,43.66159439086914,197.29637145996094,993.0061645507812,50.941001892089844,86.44000244140625,167.57742309570312,66.50370025634766,408.1839294433594,275.5957336425781,296.75,304.13238525390625,39.29454040527344,107.42782592773438,241.97825622558594,890.6510009765625,55.604454040527344,57.73393630981445,146.423828125,396.5171813964844,244.89468383789062,96.63636779785156,119.95865631103516,352.5362243652344,178.95936584472656,87.37915802001953,175.39183044433594,575.601806640625,371.6470947265625,206.147216796875,203.91989135742188,638.1421508789062,515.5499877929688,263.86700439453125,150.30328369140625,238.55099487304688,66.04454803466797,60.598140716552734,452.1497802734375,766.7557983398438,526.439208984375,252.66151428222656,75.70620727539062,515.6239013671875,282.08135986328125,62.755863189697266,568.7775268554688,48.15371322631836,94.91873931884766,126.52720642089844,414.42431640625,111.25621032714844,70.78010559082031,78.02100372314453,72.0896987915039,198.89599609375,145.38284301757812,177.7406768798828,192.58999633789062,154.032470703125,23.890581130981445,153.4882049560547,55.529998779296875,117.66968536376953,166.6326904296875,809.9602661132812,91.88516235351562,74.06105041503906,374.8707275390625,41.693756103515625,553.1500244140625,82.5592269897461,457.2301025390625,362.83758544921875,20.620641708374023,113.16898345947266,556.1854858398438,288.5299987792969,205.8140869140625,572.3792114257812,238.8111572265625,303.39697265625,36.66605758666992,69.77850341796875,212.783447265625,82.14051818847656,114.22330474853516,165.5417022705078
2024-11-07,225.78741455078125,189.26113891601562,111.0913314819336,348.4521789550781,500.9200134277344,292.05511474609375,191.23898315429688,149.82000732421875,304.85821533203125,185.82958984375,210.0500030517578,72.96998596191406,150.97999572753906,43.046241760253906,194.12777709960938,999.023193359375,50.415740966796875,86.87999725341797,167.50143432617188,65.61737060546875,399.6947326660156,273.6075744628906,301.7200012207031,308.2521667480469,38.467559814453125,106.26495361328125,244.32525634765625,905.190673828125,55.80622863769531,53.47956085205078,145.5418701171875,401.8436584472656,243.25390625,96.67545318603516,119.26078033447266,353.89068603515625,177.06837463378906,93.29719543457031,179.60498046875,562.2639770507812,382.240478515625,207.1951141357422,204.0058135986328,663.4949951171875,524.280029296875,261.41485595703125,149.20849609375,228.2388458251953,67.67085266113281,60.560081481933594,454.92547607421875,787.5648193359375,526.4583740234375,257.0731506347656,78.10222625732422,512.4082641601562,282.714599609375,62.141258239746094,588.315185546875,47.48848342895508,95.33333587646484,123.59233093261719,419.6023864746094,112.82810974121094,70.87509155273438,79.65399932861328,72.6639633178711,203.05599975585938,148.6477508544922,182.7716064453125,193.5,153.36851501464844,23.97789764404297,155.7373809814453,55.880001068115234,116.23296356201172,166.55560302734375,817.7260131835938,91.92342376708984,71.53858184814453,378.0904235839844,41.188899993896484,573.5900268554688,82.09648132324219,463.86468505859375,363.634033203125,20.361961364746094,114.36300659179688,552.4190673828125,296.9100036621094,208.27459716796875,580.7822875976562,233.1121063232422,301.8177795410156,36.140472412109375,67.2269287109375,214.69235229492188,82.54413604736328,114.36489868164062,169.311767578125
2024-11-08,225.51913452148438,188.3078155517578,112.33423614501953,343.44818115234375,494.67999267578125,291.9401550292969,189.20925903320312,147.9499969482422,308.0497131347656,189.5204620361328,208.17999267578125,72.89104461669922,151.67999267578125,43.39237594604492,195.01145935058594,1002.128173828125,49.890480041503906,88.25,168.6035614013672,66.11833190917969,385.1643371582031,276.9244079589844,301.25,308.5223388671875,38.22381591796875,106.23640441894531,244.96624755859375,934.7750244140625,55.78701400756836,52.045814514160156,145.6903839111328,385.131103515625,242.55209350585938,96.76339721679688,126.48468780517578,359.8877258300781,182.96900939941406,92.02971649169922,177.2201690673828,569.111572265625,388.4222717285156,209.09083557128906,204.03445434570312,673.4058227539062,536.4500122070312,260.49530029296875,148.00894165039062,228.8181610107422,67.79510498046875,60.80742645263672,449.0711669921875,821.2321166992188,538.5933837890625,261.70684814453125,77.10636138916016,519.2155151367188,286.84991455078125,62.59512710571289,585.96875,47.94083786010742,96.98239135742188,124.64119720458984,416.75201416015625,111.32583618164062,73.1071548461914,79.50399780273438,72.62568664550781,201.61599731445312,147.399658203125,185.59600830078125,195.6999969482422,154.4065399169922,23.694135665893555,159.83551025390625,58.38999938964844,118.54298400878906,164.6291046142578,821.6337890625,93.2909927368164,72.50001525878906,380.7193298339844,41.13174057006836,561.5499877929688,83.7114028930664,469.20233154296875,369.6613464355469,20.639122009277344,115.32215881347656,548.2950439453125,321.2200012207031,210.907470703125,590.7202758789062,232.0838165283203,303.86083984375,36.06029510498047,67.82733917236328,218.27639770507812,83.50887298583984,114.32714080810547,171.80892944335938
2024-11-11,222.80648803710938,164.6442413330078,112.53657531738281,345.1580810546875,504.4800109863281,293.90411376953125,185.7902069091797,147.35000610351562,304.76348876953125,184.14852905273438,206.83999633789062,72.43714904785156,148.9600067138672,44.30580139160156,199.82943725585938,1016.1674194335938,55.124656677246094,88.4800033569336,174.01907348632812,67.24551391601562,388.2682189941406,276.2748718261719,300.8999938964844,330.9931335449219,38.476261138916016,106.67434692382812,245.63682556152344,923.9593505859375,56.33470153808594,52.298831939697266,145.2911834716797,393.5264892578125,240.43685913085938,98.56147766113281,125.52278900146484,365.0700378417969,182.7215118408203,92.46809387207031,179.20751953125,581.744384765625,390.7093811035156,214.5684051513672,203.8912353515625,686.3283081054688,535.75,262.717529296875,147.59959411621094,231.04859924316406,65.6865463256836,60.27469253540039,446.10003662109375,822.1209716796875,544.33642578125,264.9986877441406,75.10474395751953,524.5189208984375,289.3060607910156,62.50056838989258,579.8340454101562,47.83440017700195,94.91873931884766,128.48060607910156,412.2840270996094,108.09252166748047,72.10035705566406,80.54399871826172,73.31480407714844,207.20199584960938,145.0333709716797,185.4783172607422,199.0500030517578,153.6116180419922,23.26849365234375,158.23435974121094,60.2400016784668,117.33162689208984,162.1053924560547,818.916259765625,95.93048858642578,76.37517547607422,383.2596740722656,42.189090728759766,556.260009765625,83.41863250732422,473.3454284667969,372.51275634765625,20.611404418945312,115.5472640991211,543.5051879882812,350.0,206.6757354736328,599.775634765625,232.52587890625,306.87109375,36.02466583251953,70.2677230834961,217.78944396972656,82.89852905273438,113.72298431396484,171.15789794921875
2024-11-12,222.80648803710938,161.4916229248047,112.18971252441406,348.3555908203125,526.4199829101562,294.98663330078125,183.8688507080078,143.6300048828125,283.0102233886719,181.93212890625,208.91000366210938,71.03595733642578,145.1699981689453,44.094268798828125,198.1536102294922,999.302734375,54.38744354248047,88.72000122070312,171.64381408691406,66.49406433105469,384.8118591308594,278.4303283691406,297.7699890136719,327.91534423828125,38.336978912353516,105.33198547363281,245.34097290039062,923.4642333984375,56.411563873291016,50.63081359863281,144.1678466796875,384.828125,236.8290557861328,98.68850708007812,125.55106353759766,362.1647644042969,180.8206329345703,89.91409301757812,180.46946716308594,572.3277587890625,385.72369384765625,222.82762145996094,202.8905487060547,688.4148559570312,537.0700073242188,259.77685546875,145.3147735595703,231.30931091308594,65.56324768066406,60.12248229980469,445.269287109375,808.7093505859375,539.9290161132812,260.54840087890625,74.64131164550781,523.5789184570312,286.5428466796875,62.897701263427734,581.4745483398438,48.28675079345703,92.89276885986328,127.31625366210938,417.23529052734375,103.56585693359375,70.53315734863281,81.94999694824219,73.37223815917969,209.6580047607422,148.05862426757812,185.91964721679688,199.00999450683594,153.6864471435547,23.224157333374023,158.05328369140625,59.849998474121094,116.6461410522461,157.40472412109375,814.2745361328125,94.48641204833984,76.708740234375,377.76556396484375,42.227195739746094,553.469970703125,82.8331069946289,469.80877685546875,380.6245422363281,20.463586807250977,117.29916381835938,537.3737182617188,328.489990234375,203.71734619140625,589.626708984375,229.60430908203125,306.3964538574219,35.98902893066406,70.30647277832031,218.919189453125,83.66636657714844,113.60970306396484,169.0299835205078
2024-11-13,223.69082641601562,160.7931365966797,111.5152587890625,357.6390075683594,532.5,294.5938415527344,180.10496520996094,139.3000030517578,285.4725341796875,183.2845001220703,214.10000610351562,71.37145233154297,139.97000122070312,44.1038818359375,196.75393676757812,994.1248779296875,53.825321197509766,88.7699966430664,172.49891662597656,66.36882019042969,378.99578857421875,278.91259765625,306.4700012207031,320.3607482910156,38.22381591796875,106.45537567138672,246.50462341308594,924.80126953125,56.86316680908203,50.855716705322266,147.35220336914062,380.6256103515625,238.7367401123047,100.37908172607422,126.70162200927734,362.8223876953125,181.73147583007812,88.27496337890625,177.746826171875,573.9019775390625,392.5275573730469,222.02745056152344,202.9482879638672,695.087646484375,536.6900024414062,261.46270751953125,145.885986328125,232.8542022705078,63.56809616088867,59.932220458984375,445.904541015625,801.7467041015625,532.0775146484375,262.88458251953125,72.81718444824219,516.3660888671875,285.2955322265625,62.40602111816406,576.68212890625,49.00519943237305,92.81737518310547,127.74928283691406,419.3755798339844,99.40731048583984,70.51416015625,83.0469970703125,73.23824310302734,209.11000061035156,146.0417938232422,185.9686737060547,201.17999267578125,154.060546875,23.694135665893555,158.75856018066406,60.70000076293945,117.60395050048828,154.5246124267578,797.7411499023438,95.44276428222656,76.7676010131836,381.32977294921875,41.52229309082031,557.9600219726562,82.65367126464844,476.1728210449219,381.8339538574219,20.60216522216797,118.55191040039062,538.5166015625,330.239990234375,196.95803833007812,581.1851806640625,231.04588317871094,306.0306091308594,36.64823913574219,70.47108459472656,219.7957305908203,84.16844940185547,114.66698455810547,172.0226593017578
2024-11-14,226.77114868164062,160.11354064941406,110.8311767578125,349.7659912109375,529.8699951171875,289.3151550292969,183.267822265625,138.83999633789062,280.25439453125,182.91824340820312,211.47999572753906,71.58853149414062,138.13999938964844,44.132728576660156,196.10459899902344,1009.6492919921875,53.90826416015625,87.58999633789062,172.1663818359375,65.6559066772461,379.2796936035156,282.4066467285156,303.0400085449219,312.4878234863281,37.8494987487793,107.50260162353516,240.03555297851562,915.0554809570312,55.652488708496094,51.624122619628906,150.2115936279297,385.6979675292969,236.61163330078125,106.63324737548828,127.4937973022461,355.1666259765625,176.6228485107422,87.77941131591797,174.46774291992188,568.4838256835938,388.25,219.7411346435547,201.0912322998047,689.6844482421875,537.7999877929688,258.50286865234375,144.5817108154297,233.5397491455078,63.61247253417969,59.50413131713867,443.21685791015625,776.4838256835938,514.1994018554688,260.9828186035156,73.7440414428711,514.901611328125,286.4565124511719,61.98997497558594,573.8583984375,49.12937927246094,92.68545532226562,127.43171691894531,421.04241943359375,98.67111206054688,71.50196838378906,83.72599792480469,72.43426513671875,207.9600067138672,146.53103637695312,183.4384765625,197.19500732421875,154.44393920898438,23.073406219482422,159.2350616455078,59.18000030517578,120.38346862792969,157.94415283203125,776.0999755859375,94.89763641357422,78.67085266113281,382.48175048828125,41.38893127441406,548.3099975585938,81.9548110961914,476.4994812011719,376.8587341308594,20.555971145629883,117.72235107421875,529.6919555664062,311.17999267578125,197.22610473632812,568.9835205078125,226.4040069580078,304.81427001953125,36.407711029052734,70.50015258789062,215.93899536132812,83.15447998046875,114.74311828613281,169.6809844970703
2024-11-15,223.5715789794922,155.73385620117188,111.66942596435547,341.5548400878906,503.3699951171875,285.147705078125,166.3992919921875,134.89999389648438,268.58697509765625,184.49600219726562,202.61000061035156,69.58543395996094,140.19000244140625,44.95000076293945,196.2706756591797,1009.9288330078125,51.807220458984375,86.98999786376953,172.3563995361328,66.24357604980469,376.0583190917969,283.45977783203125,289.7099914550781,310.2108154296875,37.32720184326172,106.93138885498047,237.44602966308594,898.396240234375,55.21049880981445,49.84366226196289,149.85882568359375,389.91033935546875,227.83428955078125,112.45741271972656,126.89967346191406,352.3497619628906,175.16751098632812,84.24384307861328,171.39730834960938,573.2452392578125,390.6040954589844,219.214599609375,197.242431640625,676.9981689453125,527.6099853515625,259.22125244140625,146.6094970703125,236.8612518310547,60.60049057006836,58.73357391357422,438.92633056640625,738.1705932617188,510.2308044433594,260.06573486328125,69.0703353881836,516.375732421875,280.7669372558594,60.978233337402344,550.9104614257812,49.60834503173828,90.75372314453125,129.0001983642578,409.3152770996094,95.8456802368164,72.51826477050781,82.39600372314453,73.37223815917969,202.2779998779297,141.75848388671875,180.19239807128906,193.5,148.33726501464844,21.991561889648438,161.5795440673828,65.7699966430664,120.74970245361328,154.60166931152344,750.6104125976562,94.70518493652344,79.11233520507812,373.8456115722656,41.13174057006836,520.75,83.0408706665039,469.6408386230469,383.5447998046875,20.953231811523438,117.78125,509.8764953613281,320.7200012207031,192.553955078125,568.1008911132812,226.39439392089844,306.1888122558594,37.10255432128906,71.99150085449219,212.2185821533203,82.93789672851562,113.55342864990234,170.17654418945312
2024-11-18,226.5724334716797,156.9514923095703,113.07612609863281,340.8013610839844,499.510009765625,285.38726806640625,168.2221221923828,138.92999267578125,266.10504150390625,186.74057006835938,201.6999969482422,68.95392608642578,143.8699951171875,44.9211540222168,197.9508514404297,1012.4359130859375,52.341697692871094,90.44999694824219,173.87655639648438,66.47479248046875,376.4402160644531,284.1782531738281,294.3299865722656,311.1081237792969,37.431663513183594,108.30230712890625,240.04544067382812,910.7173461914062,55.06637191772461,52.52373123168945,150.76853942871094,395.3638916015625,227.39939880371094,110.95249938964844,128.7669219970703,351.2112121582031,175.75164794921875,84.30101013183594,174.18951416015625,567.8849487304688,392.7668151855469,219.08058166503906,200.22523498535156,668.081298828125,531.6400146484375,258.68487548828125,147.34254455566406,236.59088134765625,61.34223175048828,58.84773635864258,438.4083557128906,719.375,506.53875732421875,262.3536071777344,69.58305358886719,516.1185913085938,279.2989807128906,60.36362838745117,551.2286376953125,49.972007751464844,90.98930358886719,128.73077392578125,410.0649108886719,97.00968170166016,72.55625915527344,84.70500183105469,71.67813873291016,201.0679931640625,139.9313201904297,182.14398193359375,193.4149932861328,148.06607055664062,22.044769287109375,162.73275756835938,61.2599983215332,123.6888656616211,158.4546661376953,755.7578125,96.6104507446289,79.84811401367188,370.2550048828125,41.42703628540039,523.97998046875,83.83118438720703,469.3702392578125,382.876220703125,21.23963165283203,117.4867172241211,498.1601257324219,338.739990234375,198.35586547851562,565.6260986328125,225.27960205078125,308.68072509765625,37.637046813964844,71.7493896484375,212.61788940429688,82.77054595947266,114.50518798828125,171.4202423095703
2024-11-19,226.83078002929688,157.22523498535156,112.85453033447266,341.92193603515625,499.6099853515625,285.0519714355469,166.82298278808594,139.38999938964844,267.2409973144531,188.9099884033203,204.61000061035156,70.03934478759766,145.60000610351562,44.62308883666992,196.34169006347656,991.3573608398438,53.659454345703125,90.33000183105469,175.68173217773438,66.08944702148438,374.3546142578125,279.39483642578125,299.6300048828125,311.1563720703125,36.839717864990234,107.66444396972656,238.1774139404297,921.2555541992188,54.77811813354492,52.26134490966797,149.6806182861328,391.02447509765625,228.17039489746094,109.8580322265625,127.48435974121094,356.96282958984375,175.791259765625,83.6243896484375,176.99160766601562,561.5011596679688,389.28350830078125,218.45834350585938,202.30360412597656,633.9888305664062,538.8200073242188,255.2365264892578,145.65750122070312,234.7177276611328,60.88730239868164,59.542179107666016,434.00048828125,721.877685546875,508.73291015625,250.27706909179688,69.18864440917969,513.9715576171875,278.9439392089844,60.392005920410156,557.88037109375,49.54625701904297,90.970458984375,127.2489013671875,412.06707763671875,97.22855377197266,73.21163177490234,87.13200378417969,70.74017333984375,204.4199981689453,146.7806396484375,185.25277709960938,194.02999877929688,146.5604248046875,22.257591247558594,162.74227905273438,62.97999954223633,121.64176177978516,158.65695190429688,738.5003662109375,94.63783264160156,78.67085266113281,368.4301452636719,41.055538177490234,534.02001953125,84.0692367553711,468.7263488769531,382.1683044433594,20.99942970275879,117.37872314453125,505.94122314453125,346.0,192.50611877441406,553.4913940429688,224.20318603515625,308.3741760253906,37.351985931396484,71.11024475097656,213.338623046875,85.25130462646484,112.90624237060547,170.58460998535156
2024-11-20,227.54620361328125,158.3484344482422,111.69833374023438,344.9359130859375,499.5,286.0578308105469,167.9856414794922,137.60000610351562,274.80145263671875,188.65643310546875,202.8800048828125,69.95053100585938,146.0800018310547,44.28657150268555,197.89759826660156,988.0403442382812,53.3369255065918,90.16999816894531,175.79574584960938,65.78113555908203,373.54193115234375,278.3810729980469,304.010009765625,312.0150451660156,37.42294692993164,107.9881362915039,240.37159729003906,919.2053833007812,55.24893569946289,53.254661560058594,151.30311584472656,395.7841491699219,230.40426635742188,111.65609741210938,128.474609375,353.7925109863281,176.20703125,84.46302795410156,174.86520385742188,562.0321655273438,382.7763366699219,216.99366760253906,206.48919677734375,640.3171997070312,541.8200073242188,255.15988159179688,145.76220703125,232.48728942871094,61.003013610839844,59.92271041870117,439.9427795410156,745.3029174804688,510.1352844238281,253.91641235351562,69.0703353881836,507.1246032714844,279.11663818359375,60.91204833984375,562.2850341796875,49.6526985168457,91.81853485107422,126.71965789794922,409.7985534667969,97.86526489257812,73.02166748046875,88.38500213623047,70.2137680053711,204.5959930419922,145.6623992919922,187.06704711914062,196.44500732421875,148.44949340820312,22.11570930480957,162.86618041992188,62.119998931884766,122.43994903564453,148.60064697265625,737.2605590820312,94.55123138427734,78.93572998046875,366.6151123046875,41.46514129638672,541.5599975585938,83.76453399658203,469.4916076660156,379.2185363769531,21.091812133789062,117.55545043945312,509.63800048828125,342.0299987792969,189.74874877929688,576.0339965820312,224.46267700195312,303.9638977050781,37.61031723022461,71.25550842285156,213.07562255859375,85.82228088378906,114.51470184326172,170.69151306152344
2024-11-21,227.06922912597656,162.09571838378906,112.97978210449219,348.7806396484375,504.44000244140625,291.786865234375,173.5756072998047,137.49000549316406,276.7392883300781,190.46897888183594,198.3800048828125,72.2693862915039,143.41000366210938,44.67116928100586,205.57020568847656,991.2513427734375,53.659454345703125,91.5,184.3275604248047,66.42662048339844,381.4631652832031,280.6153564453125,306.510009765625,318.4600830078125,37.866905212402344,106.53153991699219,242.83265686035156,946.51171875,55.30658721923828,53.50767135620117,151.58444213867188,427.6259460449219,232.33168029785156,112.1056137084961,127.7861557006836,364.0885314941406,176.9198760986328,85.5398941040039,166.56808471679688,575.7274169921875,392.7763671875,216.43841552734375,213.994384765625,667.9730834960938,550.6199951171875,258.48370361328125,148.03750610351562,236.33023071289062,62.618011474609375,60.65521240234375,444.7610778808594,741.8504638671875,517.08056640625,256.030517578125,72.10725402832031,509.6575927734375,276.7755432128906,61.261898040771484,559.8688354492188,49.69704055786133,94.09892272949219,129.89511108398438,408.0295715332031,102.23274230957031,73.47759246826172,89.74800109863281,71.87913513183594,209.41000366210938,146.44119262695312,188.71461486816406,198.85000610351562,149.94577026367188,22.28419303894043,164.63885498046875,61.36000061035156,123.20994567871094,149.74688720703125,738.4011840820312,96.28328704833984,79.26929473876953,378.1168518066406,41.96999740600586,557.9400024414062,83.92640686035156,477.1806335449219,383.60382080078125,21.23039436340332,117.58489990234375,512.8775634765625,339.6400146484375,189.7583465576172,573.1466674804688,229.7100372314453,306.4459228515625,37.859745025634766,72.46602630615234,215.75392150878906,87.013427734375,116.0470199584961,171.70204162597656
2024-11-22,228.41065979003906,167.0228729248047,113.46153259277344,346.47186279296875,512.1500244140625,292.34246826171875,172.71640014648438,138.35000610351562,281.15911865234375,191.87771606445312,197.1199951171875,73.30548095703125,149.2899932861328,45.19038009643555,204.23794555664062,999.4088745117188,54.24921798706055,90.0,189.1160430908203,67.2840576171875,389.1983642578125,280.7137451171875,311.8699951171875,316.8970642089844,37.840797424316406,106.38873291015625,242.17044067382812,954.7918090820312,56.25783157348633,54.36042022705078,152.2690887451172,436.52947998046875,233.112548828125,113.0144271850586,128.5877685546875,370.4290466308594,179.34547424316406,85.9496841430664,163.7162628173828,582.16943359375,401.9151306152344,219.32949829101562,214.54283142089844,630.0028076171875,547.8699951171875,262.4110107421875,147.72335815429688,239.9896697998047,63.249961853027344,60.80742645263672,444.4776916503906,739.9610595703125,517.2808227539062,255.50929260253906,71.62411499023438,515.356689453125,278.51220703125,60.89313888549805,555.9414672851562,50.31792068481445,93.45814514160156,129.60643005371094,412.11114501953125,102.11335754394531,72.66960906982422,89.77899932861328,74.08050537109375,212.1199951171875,141.72854614257812,188.5773162841797,191.67999267578125,151.49813842773438,22.745304107666016,168.0030975341797,64.3499984741211,122.06433868408203,151.0279998779297,731.9545288085938,98.63117980957031,79.7205810546875,383.02923583984375,42.13193130493164,565.0700073242188,83.4122314453125,480.0640563964844,378.40240478515625,21.4151668548584,119.25387573242188,510.0553283691406,352.55999755859375,189.56686401367188,566.79638671875,232.94873046875,306.4656677246094,38.438785552978516,73.56031799316406,218.55885314941406,89.03150177001953,115.91377258300781,171.9449462890625
2024-11-25,231.39161682128906,167.126708984375,113.81803131103516,349.0124816894531,518.72998046875,291.8826904296875,172.3904571533203,141.1300048828125,280.6531677246094,194.92056274414062,201.4499969482422,72.3187255859375,153.10000610351562,45.67112731933594,201.54273986816406,994.616455078125,54.166282653808594,89.25,183.4819793701172,68.16075134277344,397.1881103515625,281.90472412109375,312.3900146484375,321.29669189453125,37.60576629638672,101.0097885131836,241.38961791992188,951.7015991210938,56.44039535522461,56.300193786621094,150.39340209960938,452.2060241699219,234.9312744140625,113.35643768310547,124.46653747558594,369.7125549316406,178.4148406982422,86.2355728149414,166.58795166015625,582.4108276367188,410.2118225097656,220.75588989257812,217.5834197998047,624.5896606445312,536.5499877929688,264.72906494140625,148.3040771484375,241.66973876953125,63.75632095336914,61.245018005371094,445.3670349121094,746.8758544921875,497.88592529296875,265.78057861328125,72.67914581298828,521.0360717773438,284.1825866699219,61.40373611450195,561.8773193359375,50.335662841796875,95.32392883300781,128.61532592773438,413.88018798828125,103.94393157958984,73.28156280517578,86.55899810791016,75.86073303222656,210.54200744628906,135.8077850341797,184.36033630371094,193.19000244140625,152.48007202148438,23.206418991088867,169.06097412109375,64.6500015258789,122.7404556274414,152.9833984375,743.3702392578125,97.99609375,80.22090911865234,394.28436279296875,41.674705505371094,561.8699951171875,84.19302368164062,485.7095031738281,378.46142578125,21.341257095336914,122.5133056640625,510.9895324707031,338.5899963378906,194.286865234375,581.1467895507812,239.6088104248047,309.6992492675781,39.17815399169922,74.47063446044922,219.76651000976562,88.10614013671875,114.18159484863281,173.64535522460938
2024-11-26,233.56771850585938,170.9778289794922,113.65422821044922,350.8382873535156,525.2999877929688,295.04412841796875,171.05715942382812,137.72000122070312,267.2983093261719,195.3431854248047,207.86000061035156,72.28913116455078,150.75999450683594,45.911495208740234,205.72010803222656,989.78564453125,54.12942886352539,90.20999908447266,182.09486389160156,67.19734191894531,399.32269287109375,283.9322204589844,310.1000061035156,323.2166748046875,37.118282318115234,101.65716552734375,245.56053161621094,962.2101440429688,57.25710678100586,55.297508239746094,152.42852783203125,450.5934753417969,233.84400939941406,112.81897735595703,124.99465942382812,370.3112487792969,182.7611083984375,87.05514526367188,168.04864501953125,584.7963256835938,411.02520751953125,220.56442260742188,220.18138122558594,628.7333374023438,542.0999755859375,264.86322021484375,148.28489685058594,241.3607635498047,62.450870513916016,61.40674591064453,446.25640869140625,780.82666015625,497.4661560058594,264.9600830078125,71.67341613769531,522.896240234375,284.31689453125,61.34699630737305,570.2591552734375,51.080718994140625,95.75739288330078,126.32513427734375,422.9723205566406,101.27767944335938,74.09429931640625,87.26000213623047,74.28148651123047,214.01400756835938,136.70639038085938,186.6943817138672,198.1999969482422,151.6477813720703,22.851715087890625,170.89083862304688,65.73999786376953,124.2146987915039,151.16285705566406,746.8613891601562,96.87989807128906,80.69182586669922,390.7628173828125,41.417510986328125,553.9500122070312,85.05952453613281,487.9156188964844,383.1809997558594,21.332015991210938,123.8975830078125,509.7770080566406,338.2300109863281,192.39120483398438,582.067626953125,236.0625457763672,308.344482421875,39.52557373046875,74.90641021728516,221.51959228515625,89.88794708251953,112.2780990600586,170.72067260742188
2024-11-27,233.43853759765625,172.80897521972656,114.60807800292969,349.8529357910156,513.6799926757812,294.0382080078125,169.200439453125,136.24000549316406,267.35552978515625,196.56410217285156,205.74000549316406,71.77600860595703,152.39999389648438,45.930728912353516,206.05267333984375,983.0069580078125,54.617828369140625,90.75,179.58660888671875,67.59234619140625,395.2788391113281,285.76287841796875,304.67999267578125,324.6639099121094,37.04863739013672,102.23789978027344,246.7861328125,952.355224609375,56.9688606262207,56.187740325927734,152.03463745117188,455.4410705566406,236.06797790527344,114.91999053955078,125.51335906982422,365.09942626953125,178.8009490966797,88.06531524658203,168.15794372558594,584.7285766601562,410.9482727050781,219.83688354492188,218.34356689453125,626.1152954101562,538.5499877929688,264.4129943847656,149.12937927246094,241.1869659423828,62.51713180541992,61.29258346557617,446.7646484375,779.7086791992188,501.5683288574219,263.7244567871094,70.56906127929688,526.7549438476562,283.1175537109375,61.51720428466797,565.9439697265625,51.133934020996094,97.17084503173828,126.25777435302734,418.0309143066406,97.6961441040039,75.07917022705078,87.73400115966797,74.98018646240234,208.27999877929688,135.12884521484375,179.1724853515625,192.18499755859375,152.1715087890625,22.904922485351562,170.9384765625,66.05000305175781,123.78277587890625,150.65234375,748.686279296875,97.6785659790039,81.03518676757812,388.6123962402344,41.58897399902344,547.739990234375,85.44992065429688,488.7569274902344,381.6372985839844,21.498315811157227,124.05467224121094,518.40283203125,332.8900146484375,190.70616149902344,583.5929565429688,235.6781463623047,311.1924133300781,39.534488677978516,74.77082061767578,222.5032501220703,90.4490737915039,111.98304748535156,171.731201171875
2024-11-29,235.8233184814453,172.66737365722656,114.43464660644531,350.0557861328125,515.9299926757812,294.0478210449219,172.54847717285156,137.17999267578125,270.0284423828125,196.2823486328125,207.88999938964844,71.68721008300781,155.44000244140625,45.68074035644531,205.21751403808594,986.2372436523438,54.57175064086914,90.66000366210938,181.55331420898438,68.27637481689453,397.6385498046875,284.1782531738281,306.80999755859375,325.9181823730469,37.59705352783203,103.14232635498047,248.62449645996094,962.5864868164062,56.89198684692383,56.084659576416016,151.86581420898438,455.3432922363281,236.9180145263672,114.79293823242188,125.67366027832031,368.475830078125,180.34542846679688,88.2273178100586,167.87974548339844,587.7613525390625,412.8144836425781,222.98643493652344,218.81503295898438,631.58740234375,542.0,265.83062744140625,148.755126953125,241.119384765625,63.98971939086914,61.4219856262207,450.54693603515625,786.7916259765625,505.05999755859375,262.99078369140625,72.84676361083984,527.3091430664062,284.0098571777344,61.41318893432617,571.0346069335938,51.21376419067383,95.77622985839844,126.6427001953125,418.4953918457031,97.44743347167969,75.22261810302734,88.68099975585938,75.39173889160156,209.88800048828125,138.03431701660156,181.27113342285156,193.91000366210938,152.85414123535156,23.24188995361328,170.84315490722656,67.08000183105469,124.94715881347656,152.70407104492188,744.0743408203125,98.59270477294922,81.19215393066406,392.00567626953125,41.855690002441406,558.489990234375,84.86907958984375,488.4297180175781,385.5801086425781,21.39668846130371,123.39690399169922,526.3231201171875,345.1600036621094,192.46780395507812,585.3388671875,235.13034057617188,311.56817626953125,39.49885559082031,73.76367950439453,222.2694854736328,91.05941772460938,112.26856231689453,170.28341674804688
2024-12-02,238.0689697265625,171.57247924804688,112.54620361328125,349.0993957519531,516.2000122070312,293.185546875,181.00259399414062,142.05999755859375,265.4750061035156,194.71395874023438,210.7100067138672,72.11151885986328,156.5399932861328,45.22883987426758,206.09725952148438,983.6432495117188,55.2352294921875,90.43000030517578,177.71493530273438,68.77732849121094,394.1136474609375,285.33966064453125,310.2699890136719,325.2042236328125,37.68410110473633,101.04786682128906,246.9640350341797,965.6766357421875,57.10337448120117,55.36310577392578,152.12840270996094,452.460205078125,238.49952697753906,114.4900131225586,123.76866912841797,365.3350524902344,178.6425323486328,89.59960174560547,170.40362548828125,584.014892578125,410.72698974609375,220.13365173339844,218.79579162597656,624.0484619140625,542.8499755859375,266.7694091796875,148.55360412597656,237.7689208984375,65.8687744140625,61.009822845458984,449.27642822265625,791.1937255859375,499.52093505859375,262.6239013671875,77.4120101928711,525.7457885742188,282.2724914550781,61.67794418334961,589.438720703125,50.71706008911133,94.80565643310547,126.08458709716797,425.92724609375,98.04434204101562,73.6927261352539,89.77400207519531,76.08436584472656,209.68600463867188,138.41372680664062,177.90737915039062,195.0850067138672,152.48007202148438,22.896053314208984,171.26251220703125,66.38999938964844,123.03153991699219,157.03871154785156,756.0951538085938,97.6785659790039,79.84811401367188,390.21038818359375,41.56039810180664,565.9299926757812,83.57408142089844,488.7662658691406,383.10235595703125,20.971710205078125,123.88777160644531,526.6411743164062,357.0899963378906,193.18585205078125,583.7272338867188,231.40145874023438,313.12066650390625,39.06235122680664,72.90179443359375,219.2503204345703,91.19725036621094,112.16387939453125,171.79920959472656
2024-12-03,241.10952758789062,171.31761169433594,112.04519653320312,340.5598449707031,516.260009765625,290.8288269042969,180.89395141601562,141.97999572753906,265.6850280761719,195.14596557617188,213.44000244140625,72.16085052490234,155.0,45.01730728149414,205.70668029785156,1001.858154296875,54.083351135253906,90.47000122070312,176.87884521484375,68.80622100830078,390.9315185546875,281.73736572265625,313.25,323.1202087402344,37.30978775024414,100.96218872070312,247.1419219970703,972.7582397460938,57.15142059326172,55.466182708740234,151.8564453125,448.8440246582031,238.08436584472656,113.79618835449219,124.29678344726562,366.8367614746094,178.91976928710938,88.14154052734375,170.2545928955078,584.3739624023438,413.02618408203125,217.27127075195312,220.34495544433594,625.9676513671875,541.7100219726562,264.3650817871094,146.21205139160156,236.3881378173828,65.8381118774414,60.88521957397461,449.09991455078125,804.5782470703125,496.31451416015625,264.88287353515625,77.24439239501953,520.6204833984375,284.2608642578125,61.28080368041992,610.1397094726562,50.46870803833008,95.97412109375,125.51685333251953,426.14471435546875,99.32772827148438,72.94689178466797,90.21700286865234,75.86312103271484,211.46400451660156,140.04119873046875,179.3588104248047,196.2949981689453,151.21759033203125,22.665498733520508,167.1834716796875,70.95999908447266,121.78263854980469,156.60523986816406,743.4298095703125,97.73629760742188,79.58323669433594,389.9539489746094,41.579444885253906,570.1900024414062,82.13629150390625,484.3914794921875,384.419921875,21.932531356811523,122.47403717041016,531.0831909179688,351.4200134277344,188.82965087890625,580.5712890625,227.7591094970703,309.5212707519531,39.04454040527344,71.79781341552734,219.1431884765625,92.0536880493164,111.9925537109375,171.925537109375
2024-12-04,241.46725463867188,166.56039428710938,111.73687744140625,347.7953186035156,536.489990234375,290.7521667480469,178.91868591308594,143.99000549316406,265.6277770996094,194.8736114501953,218.16000366210938,73.41401672363281,158.27999877929688,44.58462905883789,206.84207153320312,998.0010375976562,53.78846740722656,90.83999633789062,176.24229431152344,68.88329315185547,391.1762390136719,280.11334228515625,324.5400085449219,319.8453674316406,37.03993606567383,98.5440444946289,245.45181274414062,981.4443359375,57.28593826293945,54.39789962768555,148.48019409179688,445.92181396484375,233.52767944335938,114.32388305664062,122.15601348876953,370.5369873046875,180.83053588867188,87.28385162353516,173.26539611816406,581.10302734375,411.6504821777344,219.98048400878906,224.66525268554688,644.2933959960938,549.9500122070312,264.27886962890625,144.39833068847656,235.01705932617188,65.88755798339844,59.629547119140625,450.40380859375,820.9105834960938,496.7945251464844,262.8363342285156,77.16551971435547,515.6338500976562,284.830322265625,59.82467269897461,610.2689208984375,50.06957244873047,95.52182006835938,125.08383178710938,432.291748046875,102.67048645019531,72.4209976196289,91.10600280761719,75.3917465209961,224.62600708007812,144.91357421875,184.55650329589844,202.2899932861328,149.79612731933594,22.372867584228516,166.88803100585938,69.8499984741211,122.52446746826172,157.3372802734375,748.081298828125,96.89912414550781,79.96585083007812,386.748046875,40.970733642578125,588.0,81.74588012695312,486.3264465332031,383.23016357421875,21.73851776123047,123.21035766601562,525.5678100585938,357.92999267578125,188.27435302734375,585.90478515625,225.84658813476562,306.4459228515625,37.8775634765625,70.75192260742188,219.41587829589844,92.97904205322266,108.76612091064453,170.3514404296875
2024-12-05,241.4970703125,166.28663635253906,111.3707275390625,345.9598388671875,538.219970703125,289.1330871582031,169.90164184570312,141.36000061035156,261.8761291503906,196.43260192871094,220.5500030517578,73.4041519165039,156.6699981689453,45.19038009643555,208.608642578125,1012.4202270507812,54.221580505371094,90.52999877929688,177.857421875,69.58659362792969,386.7407531738281,282.1014709472656,303.7900085449219,312.5691223144531,37.24885177612305,99.42943572998047,241.46868896484375,972.8673095703125,57.670284271240234,53.282772064208984,149.42739868164062,437.9662170410156,225.23471069335938,113.84504699707031,122.61812591552734,364.1866760253906,171.1875762939453,88.99922943115234,171.5463409423828,579.249267578125,410.3229675292969,216.6298828125,225.87762451171875,638.4471435546875,547.6500244140625,263.6754150390625,143.4866485595703,237.02540588378906,63.55258560180664,60.31010437011719,439.7478332519531,816.7359619140625,496.77532958984375,260.7125244140625,74.15815734863281,519.2254638671875,289.0580749511719,59.79630661010742,605.4465942382812,50.477577209472656,97.57604217529297,125.40137481689453,437.4308166503906,100.35244750976562,72.86083984375,91.78700256347656,75.59375762939453,224.74400329589844,144.84368896484375,182.64413452148438,201.51499938964844,150.08604431152344,22.789644241333008,167.7648468017578,71.87000274658203,124.41190338134766,155.30389404296875,761.609619140625,95.48461151123047,80.26016235351562,380.0107421875,40.28053665161133,515.2899780273438,82.06963348388672,480.3719482421875,376.0426940917969,22.01568031311035,123.62268829345703,517.60791015625,369.489990234375,184.77024841308594,555.3811645507812,225.49099731445312,305.6350402832031,37.90428924560547,71.33297729492188,218.20823669433594,93.81581115722656,109.24198913574219,169.81703186035156
2024-12-06,241.29832458496094,166.30551147460938,111.38037109375,350.37457275390625,552.9600219726562,291.7772521972656,170.87939453125,138.58999633789062,260.20556640625,194.49794006347656,227.02999877929688,73.2265396118164,153.92999267578125,45.20003890991211,209.44435119628906,1010.5693359375,54.71918487548828,90.06999969482422,177.6674346923828,69.509521484375,386.7896728515625,278.8535461425781,307.510009765625,307.9185485839844,37.56223678588867,98.26795959472656,240.57916259765625,983.1182250976562,57.54536819458008,51.811546325683594,145.5915985107422,433.93951416015625,227.45867919921875,114.06981658935547,120.53392028808594,364.35357666015625,173.8309783935547,87.7984619140625,173.60325622558594,582.0444946289062,414.96929931640625,216.71604919433594,229.0432891845703,636.2523803710938,550.4099731445312,262.0086975097656,143.28512573242188,238.84063720703125,64.11927795410156,59.936279296875,440.5908508300781,817.814208984375,492.50341796875,263.9560852050781,75.51887512207031,522.9851684570312,288.5850830078125,59.43699645996094,620.2017822265625,50.84123611450195,97.14257049560547,125.05494689941406,438.36968994140625,100.6509017944336,71.94290924072266,93.4739990234375,75.89197540283203,224.8679962158203,142.22760009765625,187.98892211914062,202.9499969482422,148.81753540039062,22.816246032714844,165.6586151123047,76.33999633789062,122.59957885742188,154.4517822265625,771.6268920898438,96.33140563964844,79.92660522460938,379.7345886230469,39.2644157409668,517.280029296875,80.75559997558594,483.06414794921875,378.5695495605469,22.061870574951172,123.78959655761719,526.0548095703125,389.2200012207031,184.8755645751953,527.22705078125,224.4722900390625,307.5435485839844,37.74394226074219,71.98181915283203,217.12353515625,94.20958709716797,108.09037780761719,171.4591522216797
2024-12-09,245.1835174560547,166.66419982910156,110.7059326171875,347.2832946777344,547.9299926757812,285.07110595703125,169.7337646484375,130.8699951171875,265.0263671875,196.31988525390625,226.08999633789062,72.69367980957031,157.0399932861328,44.38789367675781,203.48782348632812,1013.970703125,54.101776123046875,88.72000122070312,176.09976196289062,69.2301254272461,390.9315185546875,272.9481506347656,309.75,309.216796875,33.993167877197266,98.2108383178711,237.71287536621094,978.4136352539062,56.64216995239258,52.5424690246582,147.31724548339844,439.2269287109375,233.18174743652344,111.99812316894531,120.57164764404297,357.3259582519531,169.6134033203125,86.33087158203125,174.45877075195312,576.6480712890625,412.86260986328125,215.48109436035156,221.30715942382812,636.3606567382812,538.8599853515625,262.5259704589844,143.56341552734375,235.4129180908203,64.51782989501953,60.00337219238281,433.8659362792969,794.93310546875,489.60418701171875,264.651123046875,76.3668441772461,517.2959594726562,290.8919677734375,58.094329833984375,610.0601196289062,49.54625701904297,97.80220794677734,123.72703552246094,440.7909240722656,102.29244232177734,71.42656707763672,91.36900329589844,74.68949127197266,224.0959930419922,138.6029815673828,186.77285766601562,194.47000122070312,150.4019775390625,23.14434814453125,162.77085876464844,72.45999908447266,120.86239624023438,155.64279174804688,781.544921875,95.56159973144531,79.96585083007812,371.3401184082031,39.465721130371094,508.489990234375,80.27950286865234,479.8672180175781,374.7250671386719,21.590702056884766,123.60305786132812,533.875732421875,389.7900085449219,185.2106475830078,539.8414306640625,225.738525390625,304.86370849609375,37.73503112792969,70.32584381103516,212.5111541748047,92.36871337890625,107.45270538330078,173.10122680664062
2024-12-10,246.197021484375,165.81468200683594,111.28401947021484,350.5677490234375,547.0499877929688,289.54510498046875,166.0894012451172,127.73999786376953,263.231689453125,187.38858032226562,225.0399932861328,71.6477279663086,164.10000610351562,44.23319625854492,204.89968872070312,1024.3294677734375,53.55808639526367,90.19999694824219,180.10916137695312,69.84669494628906,380.2882385253906,270.27099609375,302.8599853515625,301.678955078125,34.411014556884766,97.44921875,234.25357055664062,983.9006958007812,56.421173095703125,51.680355072021484,147.2422332763672,433.9004211425781,231.62989807128906,112.11539459228516,119.40225219726562,351.8590087890625,169.56390380859375,87.99858856201172,184.2078399658203,567.8253784179688,406.52313232421875,219.30076599121094,222.962158203125,636.8429565429688,538.0900268554688,262.21942138671875,143.20835876464844,234.4956512451172,63.479408264160156,60.300514221191406,436.0520324707031,790.9761352539062,492.4169921875,260.7511291503906,74.07929229736328,523.420654296875,290.2549133300781,58.387447357177734,615.7771606445312,49.21807861328125,95.17315673828125,122.00460815429688,438.1324157714844,97.59664916992188,70.89111328125,91.33499908447266,73.82368469238281,225.5679931640625,134.8685760498047,174.30825805664062,194.8800048828125,150.75094604492188,22.674365997314453,164.19090270996094,70.88999938964844,121.11592102050781,151.49850463867188,772.1226806640625,94.45500946044922,80.760498046875,366.55596923828125,39.17814254760742,505.32000732421875,80.35567474365234,478.7454833984375,376.268798828125,21.720041275024414,124.87934112548828,532.5043334960938,400.989990234375,182.0799102783203,544.2420654296875,229.16993713378906,308.8982849121094,37.68157958984375,69.77383422851562,211.15286254882812,93.07749938964844,107.23380279541016,171.70204162597656
2024-12-11,244.9251708984375,164.58763122558594,109.97366333007812,351.475830078125,549.9299926757812,288.12713623046875,169.01275634765625,130.14999389648438,260.9978942871094,187.44493103027344,230.25999450683594,72.5555419921875,165.9600067138672,44.5522575378418,209.15432739257812,1032.265869140625,52.20347595214844,90.55999755859375,182.80743408203125,69.32646942138672,380.7581481933594,271.865478515625,308.7799987792969,284.878662109375,34.56769943237305,97.2873764038086,229.19313049316406,985.1784057617188,56.296260833740234,48.503623962402344,146.50132751464844,437.8782653808594,232.67764282226562,111.99812316894531,120.29815673828125,355.2157287597656,166.96009826660156,88.03671264648438,194.3846893310547,575.1338500976562,405.3591613769531,219.2816162109375,221.42262268066406,659.9617309570312,543.5999755859375,261.46270751953125,140.7228546142578,235.142578125,64.16871643066406,60.04171371459961,431.85626220703125,787.46435546875,484.0650329589844,258.6177062988281,77.37279510498047,528.8031616210938,285.8052673339844,59.682838439941406,629.0607299804688,48.50849533081055,93.9952621459961,122.77440643310547,443.72613525390625,101.53633117675781,70.73812103271484,93.65599822998047,75.85350036621094,229.43600463867188,139.10223388671875,175.1320343017578,199.2100067138672,147.8555145263672,22.372867584228516,162.61839294433594,72.51000213623047,119.08761596679688,154.76165771484375,766.6677856445312,94.70518493652344,80.84880065917969,366.89129638671875,39.83958053588867,512.0599975585938,79.27017974853516,482.5967712402344,369.8580322265625,21.692325592041016,124.49645233154297,531.0235595703125,424.7699890136719,183.53517150878906,513.7555541992188,225.9705352783203,310.29254150390625,37.405433654785156,69.33806610107422,209.62843322753906,93.4811019897461,106.5199966430664,172.14898681640625
2024-12-12,246.3858184814453,163.47381591796875,109.70388793945312,347.940185546875,474.6300048828125,286.21112060546875,166.98814392089844,130.60000610351562,261.6183776855469,185.81080627441406,228.97000122070312,72.62461853027344,167.75,44.5522575378418,208.20318603515625,1026.025146484375,51.86251449584961,90.41999816894531,180.80274963378906,68.81586456298828,372.8369140625,271.0386962890625,308.2200012207031,274.1531982421875,35.02907180786133,96.06878662109375,229.42042541503906,978.9385986328125,56.546085357666016,46.46078109741211,145.0945587158203,429.5219421386719,231.78805541992188,112.2815170288086,119.3645248413086,352.0062255859375,163.18804931640625,88.03671264648438,190.9625701904297,574.2118530273438,398.6637878417969,217.97010803222656,223.4817352294922,661.625,544.719970703125,261.6159973144531,140.33900451660156,233.21145629882812,63.94720458984375,61.19194412231445,429.8663024902344,773.9315185546875,476.7115173339844,254.37014770507812,74.75183868408203,526.78466796875,286.31683349609375,59.21952819824219,627.1815795898438,48.774593353271484,95.40872955322266,123.08232879638672,444.2894287109375,97.73593139648438,70.01142883300781,92.55500030517578,74.99732971191406,229.6840057373047,137.1351776123047,171.93499755859375,200.10499572753906,149.86441040039062,22.49701499938965,162.82806396484375,73.19999694824219,119.25663757324219,153.22206115722656,734.900146484375,94.1278305053711,81.28045654296875,361.8703918457031,39.39862060546875,511.7300109863281,79.38443756103516,479.41851806640625,368.77642822265625,21.58146095275879,124.11357116699219,521.7219848632812,418.1000061035156,183.54478454589844,496.6441650390625,225.90286254882812,310.7276306152344,37.4856071472168,68.56333923339844,209.56002807617188,92.62464904785156,106.42481231689453,173.7716522216797
2024-12-13,246.5547637939453,163.6437225341797,109.24139404296875,346.4911804199219,465.69000244140625,285.77777099609375,167.2548065185547,126.91000366210938,258.3345642089844,185.1627960205078,227.4600067138672,72.65422058105469,169.64999389648438,44.15584945678711,206.5704345703125,1023.8160400390625,51.401756286621094,90.11000061035156,179.0165557861328,68.41123962402344,372.57257080078125,272.6384582519531,306.75,273.08746337890625,34.75050354003906,96.17349243164062,229.5390625,979.8893432617188,56.32508850097656,46.26398849487305,144.30674743652344,430.4602355957031,232.1735382080078,110.75706481933594,119.55313110351562,349.42486572265625,164.35629272460938,88.27696990966797,188.83367919921875,568.26220703125,401.1264343261719,217.90309143066406,222.09619140625,646.0747680664062,539.5800170898438,260.6484680175781,140.7036590576172,231.67620849609375,64.65528869628906,60.501808166503906,426.729248046875,780.6286010742188,474.8587646484375,253.2986297607422,75.42436981201172,523.4107666015625,286.287841796875,58.557647705078125,616.8013305664062,48.712501525878906,96.11546325683594,122.59158325195312,442.02630615234375,101.97407531738281,70.39391326904297,91.88700103759766,74.3143081665039,224.22000122070312,134.0498046875,170.042236328125,196.55999755859375,148.98728942871094,22.683231353759766,163.0281982421875,76.06999969482422,118.8998031616211,153.50286865234375,725.309326171875,93.74292755126953,78.03317260742188,359.5522766113281,38.5550537109375,508.2799987792969,79.22257232666016,472.76287841796875,368.32415771484375,21.830902099609375,122.57221221923828,523.989501953125,436.2300109863281,183.42984008789062,501.18914794921875,227.1304473876953,311.23193359375,37.663761138916016,68.21470642089844,208.33851623535156,92.98773193359375,105.49209594726562,173.13037109375
2024-12-16,249.44625854492188,162.00135803222656,108.5091552734375,344.92620849609375,461.5299987792969,285.8259582519531,167.31405639648438,126.69000244140625,254.40158081054688,181.9415283203125,232.92999267578125,74.3514175415039,173.1699981689453,43.96248245239258,203.58779907226562,1031.6748046875,51.48469543457031,90.45999908447266,179.0545654296875,68.87366485595703,371.01580810546875,272.2730712890625,313.489990234375,264.7550964355469,33.82777404785156,94.79307556152344,227.14720153808594,983.3757934570312,56.06565856933594,43.66825485229492,140.07705688476562,428.48602294921875,231.4717559814453,110.04053497314453,117.52552795410156,348.5807800292969,164.1384735107422,88.45955657958984,195.6381378173828,569.087158203125,395.0948181152344,225.9253692626953,220.6624755859375,660.8869018554688,541.989990234375,258.3017578125,138.0454559326172,231.32862854003906,64.88968658447266,59.9554443359375,419.86712646484375,770.6176147460938,471.9787902832031,251.08798217773438,76.97718811035156,524.7068481445312,287.3592224121094,58.1416015625,621.1697387695312,48.517372131347656,95.04212951660156,124.16004943847656,446.295654296875,107.70452880859375,69.60027313232422,92.10800170898438,74.26620483398438,225.98599243164062,131.80313110351562,167.92393493652344,202.5,147.14817810058594,22.39060401916504,163.10443115234375,75.75,118.26126861572266,152.8831787109375,718.9320068359375,89.60523223876953,76.4634780883789,360.0751037597656,38.229129791259766,522.1099853515625,77.9656753540039,470.0613708496094,366.4560241699219,21.101051330566406,121.46283721923828,527.3409423828125,463.0199890136719,181.39059448242188,480.0238342285156,225.11026000976562,312.369140625,36.416629791259766,69.70606231689453,206.81410217285156,93.59942626953125,103.23644256591797,170.82752990722656
2024-12-17,251.8707733154297,165.5409698486328,109.1546859741211,345.1580810546875,455.2300109863281,284.6318359375,168.23255920410156,125.0199966430664,253.87657165527344,181.50010681152344,231.14999389648438,73.43669128417969,173.02999877929688,43.5564079284668,203.69961547851562,1016.72265625,53.12498474121094,90.43000030517578,173.97157287597656,68.5172119140625,367.9608459472656,273.23095703125,311.3500061035156,257.3238220214844,33.775535583496094,93.54592895507812,224.9925537109375,972.6890258789062,56.22900390625,41.26931381225586,138.90475463867188,433.5388488769531,230.82928466796875,110.9337387084961,116.13921356201172,340.6600341796875,164.1483917236328,89.18030548095703,194.40457153320312,557.7797241210938,392.94000244140625,223.17788696289062,220.3160858154297,667.0578002929688,545.1599731445312,256.5967102050781,140.5021514892578,230.15065002441406,64.76605224609375,60.77019500732422,421.7297058105469,770.2417602539062,470.9803771972656,248.8194122314453,76.9573974609375,525.3995361328125,285.785888671875,57.99977493286133,616.3933715820312,48.01179885864258,95.04212951660156,122.91874694824219,449.1319580078125,108.04278564453125,69.10305786132812,91.91300201416016,75.03580474853516,222.94400024414062,130.195556640625,166.4332733154297,201.24000549316406,147.2613525390625,23.436979293823242,162.33245849609375,74.38999938964844,118.35518646240234,152.91220092773438,733.9480590820312,88.6141128540039,75.30583190917969,357.865478515625,37.318450927734375,511.8699951171875,79.29874420166016,467.86468505859375,364.59765625,21.091812133789062,120.81486511230469,525.9288330078125,479.8599853515625,180.10765075683594,467.5249328613281,222.20082092285156,314.7522888183594,36.32754135131836,68.57301330566406,204.23428344726562,94.1420669555664,102.79864501953125,165.94981384277344
2024-12-18,246.4752655029297,163.3133544921875,107.84432983398438,335.7973937988281,441.30999755859375,277.82342529296875,163.40304565429688,121.41000366210938,247.0320587158203,173.60186767578125,220.52000427246094,69.32279968261719,172.6199951171875,42.057796478271484,195.33779907226562,988.698486328125,52.378562927246094,88.02999877929688,163.13099670410156,65.62700653076172,356.29931640625,268.17498779296875,301.239990234375,273.62030029296875,32.957271575927734,91.25154876708984,224.3501434326172,955.5147705078125,55.27775573730469,42.431304931640625,135.12522888183594,416.3473815917969,225.65977478027344,109.29456329345703,112.8196029663086,328.9212646484375,158.35665893554688,87.1526107788086,187.42105102539062,534.0681762695312,378.84698486328125,217.17555236816406,211.8486785888672,639.5396118164062,526.469970703125,250.22679138183594,138.9091339111328,222.43582153320312,62.38164138793945,60.24300003051758,413.955810546875,756.4813842773438,463.6172790527344,241.1544952392578,74.37599182128906,514.4662475585938,280.7666931152344,56.751651763916016,594.2528686523438,47.231266021728516,93.40839385986328,116.47162628173828,432.2620849609375,103.36689758300781,67.42974853515625,88.95500183105469,73.97760009765625,212.197998046875,128.71775817871094,162.21630859375,188.75999450683594,145.64857482910156,22.958127975463867,161.1411590576172,71.51000213623047,116.95602416992188,148.19667053222656,708.7659912109375,86.50677490234375,72.56868743896484,343.92730712890625,35.78468704223633,494.42999267578125,77.60384368896484,458.16168212890625,353.1526794433594,20.768463134765625,119.028076171875,513.33837890625,440.1300048828125,177.12057495117188,481.1986083984375,217.03916931152344,306.3272705078125,35.84649658203125,66.58777618408203,200.74571228027344,92.29710388183594,101.28535461425781,162.27691650390625
2024-12-19,248.20420837402344,161.8975067138672,108.31645202636719,359.5130920410156,437.3900146484375,280.5487060546875,159.4426727294922,118.87999725341797,249.3326873779297,168.4834747314453,223.2899932861328,69.23380279541016,177.0399932861328,41.9417724609375,196.80184936523438,984.8513793945312,51.88093948364258,88.66000366210938,160.48025512695312,65.916015625,352.8526916503906,269.74505615234375,299.8699951171875,266.2471618652344,32.55683517456055,90.61368560791016,223.6385040283203,945.6698608398438,55.37384796142578,41.025672912597656,132.3773193359375,416.9631652832031,223.5445098876953,109.31420135498047,111.48988342285156,329.4316711425781,163.1583251953125,87.53699493408203,187.53048706054688,537.6981811523438,370.3815612792969,217.1947021484375,215.4569549560547,626.8829956054688,523.9099731445312,247.23818969726562,137.7863311767578,224.93663024902344,61.532108306884766,59.8596076965332,411.3285827636719,749.3884887695312,460.468505859375,236.0477752685547,70.42971801757812,517.7510986328125,280.1393737792969,56.04249572753906,592.6406860351562,47.000648498535156,94.52921295166016,115.9520034790039,431.9063415527344,86.64314270019531,66.71260070800781,90.2040023803711,74.16999816894531,214.9739990234375,130.485107421875,165.5310516357422,189.36000061035156,142.85690307617188,22.851715087890625,161.2460174560547,74.20999908447266,114.72114562988281,145.6306915283203,702.4482421875,85.40980529785156,72.22532653808594,337.7325744628906,35.38207244873047,493.3500061035156,77.87044525146484,454.8245544433594,351.15667724609375,20.851608276367188,118.98880004882812,513.845703125,436.1700134277344,176.61312866210938,471.1167297363281,215.69561767578125,311.3703918457031,35.605979919433594,66.6749267578125,200.84344482421875,92.14911651611328,100.41927337646484,158.88584899902344
2024-12-20,252.8743896484375,165.72975158691406,110.06039428710938,353.91986083984375,447.1700134277344,283.13916015625,161.56607055664062,119.20999908447266,251.42324829101562,172.55001831054688,224.9199981689453,69.79747009277344,177.35000610351562,42.70558166503906,199.4964141845703,996.8284912109375,52.83009719848633,88.94999694824219,162.3139190673828,66.65784454345703,358.40447998046875,269.78460693359375,301.4700012207031,268.30120849609375,33.27064895629883,90.55656433105469,225.04197692871094,944.9467163085938,56.22900390625,41.569183349609375,133.97166442871094,422.6903381347656,225.9068603515625,109.96202087402344,112.26318359375,331.8658142089844,166.69276428222656,88.95927429199219,190.41542053222656,549.4520874023438,377.6733703613281,218.57322692871094,214.91810607910156,633.2212524414062,524.4299926757812,247.91831970214844,138.64041137695312,229.4168243408203,62.243186950683594,59.9554443359375,415.9556884765625,759.4985961914062,469.4540100097656,239.1369171142578,71.00336456298828,522.4509887695312,282.50408935546875,56.15595245361328,582.3714599609375,47.75457763671875,93.1329345703125,118.78105163574219,431.4814147949219,89.65760040283203,68.52935028076172,90.90499877929688,74.01608276367188,218.25,134.4990997314453,166.38426208496094,186.77999877929688,144.101806640625,23.37490463256836,160.16903686523438,80.55000305175781,116.6461410522461,148.04171752929688,696.1005859375,84.64961242675781,72.90223693847656,340.7806091308594,35.305381774902344,492.17999267578125,78.89881896972656,459.73211669921875,358.49169921875,21.01790428161621,119.77420043945312,521.1651000976562,421.05999755859375,178.91090393066406,481.59344482421875,218.75973510742188,314.1688232421875,35.57034683227539,68.11785888671875,201.1365966796875,91.00464630126953,100.76189422607422,160.16842651367188
2024-12-23,253.6494140625,168.382080078125,110.137451171875,346.578125,446.739990234375,283.2643737792969,165.38819885253906,124.5999984741211,252.0150909423828,173.16046142578125,225.05999755859375,70.20292663574219,177.69000244140625,42.43486404418945,200.070556640625,1007.4973754882812,53.060482025146484,89.86000061035156,163.59654235839844,67.21661376953125,357.76800537109375,271.9373474121094,304.4100036621094,272.8645935058594,33.061729431152344,91.756103515625,224.9925537109375,940.8265380859375,56.670989990234375,41.36302185058594,134.08421325683594,422.5828552246094,226.50978088378906,109.3436508178711,113.02709197998047,331.4633483886719,167.33631896972656,89.75688934326172,193.6186981201172,553.9945068359375,377.529052734375,217.443603515625,213.54214477539062,628.2116088867188,527.219970703125,246.78805541992188,139.40814208984375,230.17959594726562,64.08465576171875,59.79249954223633,414.0146484375,787.711669921875,467.02520751953125,238.79904174804688,72.99134063720703,523.3712158203125,281.1624450683594,56.05194091796875,596.8995361328125,47.523963928222656,94.38673400878906,119.75292205810547,430.147216796875,89.25965118408203,69.31342315673828,91.1449966430664,73.84292602539062,217.65199279785156,139.46170043945312,165.87428283691406,188.22000122070312,142.6871337890625,23.68526840209961,160.2167205810547,80.69000244140625,116.23296356201172,153.22206115722656,709.2718505859375,84.1396255493164,73.29467010498047,340.1591491699219,35.71758270263672,492.5799865722656,79.0702133178711,465.7520751953125,360.35003662109375,21.101051330566406,119.54840850830078,522.3982543945312,430.6000061035156,182.0416259765625,487.5732727050781,219.5426788330078,313.684326171875,35.579254150390625,68.3115463256836,199.1528778076172,89.13996124267578,101.171142578125,159.62429809570312
2024-12-24,256.56085205078125,169.90176391601562,110.57103729248047,349.3409423828125,447.94000244140625,285.4888610839844,166.2869110107422,126.29000091552734,252.4828643798828,173.47039794921875,229.0500030517578,70.86550903320312,179.33999633789062,42.90861511230469,202.4343719482422,1022.1588745117188,53.226341247558594,91.06999969482422,166.921875,68.40160369873047,359.90252685546875,273.0828552246094,308.5799865722656,271.34344482421875,33.42734146118164,92.45108795166016,224.89370727539062,949.6513671875,57.50693130493164,41.46609878540039,134.90013122558594,423.03240966796875,228.08140563964844,110.48223114013672,113.9512939453125,335.2225341796875,169.7816925048828,90.28543853759766,195.0909881591797,565.6512451171875,381.0787658691406,219.1284637451172,215.92843627929688,635.0911865234375,537.02001953125,248.25360107421875,139.96473693847656,233.96461486816406,64.33586120605469,60.23342514038086,417.38690185546875,787.1082153320312,468.5996398925781,241.55030822753906,73.0210189819336,530.0498657226562,283.7685852050781,56.73274230957031,604.7608642578125,47.426395416259766,94.46271514892578,122.264404296875,434.1794128417969,88.82190704345703,69.71502685546875,93.21199798583984,73.87178802490234,221.11199951171875,140.01089477539062,168.10047912597656,189.50999450683594,144.12069702148438,23.711870193481445,161.0077362060547,82.37999725341797,115.41602325439453,154.30653381347656,708.6173095703125,86.51639556884766,73.42220306396484,341.81634521484375,36.168128967285156,500.1600036621094,79.18448638916016,471.8281555175781,364.5681457519531,21.20267677307129,121.23702239990234,526.0680541992188,462.2799987792969,184.24365234375,487.3421630859375,222.0751495361328,317.0760803222656,35.45454025268555,69.328369140625,200.69683837890625,91.43875885009766,101.26631927490234,160.0323944091797
2024-12-26,257.37554931640625,169.1466522216797,111.06241607666016,348.18170166015625,450.1600036621094,286.23040771484375,165.47705078125,125.05999755859375,251.23231506347656,172.7847900390625,227.0500030517578,70.76661682128906,180.3800048828125,43.07298278808594,201.37139892578125,1021.6259765625,53.447505950927734,91.44999694824219,167.6534423828125,68.73880004882812,359.4618835449219,274.79119873046875,308.69000244140625,272.8161315917969,33.2967643737793,92.24164581298828,223.95477294921875,946.9970092773438,57.63184356689453,42.09394836425781,135.03143310546875,424.0097961425781,228.60528564453125,110.47241973876953,113.55520629882812,333.8680419921875,170.4351043701172,90.72750854492188,194.5836639404297,564.1370849609375,380.1168212890625,221.96209716796875,216.39028930664062,635.9768676757812,538.8300170898438,247.87042236328125,139.70562744140625,234.76602172851562,64.1400375366211,59.9746208190918,415.9654846191406,785.5947265625,470.3756408691406,240.78765869140625,73.17925262451172,530.4851684570312,284.5503845214844,56.59090042114258,600.3825073242188,47.5620231628418,94.86165618896484,123.19780731201172,432.9736328125,89.35914611816406,69.19869232177734,92.41400146484375,74.01608276367188,219.82200622558594,139.7213134765625,168.36524963378906,188.5,143.771728515625,23.552255630493164,162.17044067382812,82.13999938964844,115.5584487915039,153.50286865234375,710.8092041015625,88.39278411865234,73.62822723388672,340.820068359375,36.168128967285156,495.82000732421875,78.87976837158203,471.856201171875,363.2309875488281,21.211915969848633,122.72929382324219,524.2778930664062,454.1300048828125,183.56387329101562,492.2049865722656,222.5391082763672,317.33319091796875,35.59707260131836,69.49299621582031,200.34506225585938,91.54728698730469,101.35197448730469,160.82916259765625
2024-12-27,253.96739196777344,168.02340698242188,110.7926254272461,344.0760803222656,446.4800109863281,285.21923828125,164.7659912109375,125.19000244140625,250.72637939453125,172.32052612304688,223.75,69.95570373535156,180.72000122070312,42.86994552612305,199.05381774902344,1011.8387451171875,53.152626037597656,90.66000366210938,165.32568359375,68.40160369873047,357.2490234375,274.20855712890625,305.0299987792969,270.0354309082031,33.01820373535156,92.27020263671875,224.29080200195312,930.7141723632812,57.276329040527344,41.69100570678711,135.05018615722656,420.31536865234375,228.69435119628906,109.49088287353516,113.54576873779297,328.4403381347656,168.66006469726562,90.43919372558594,191.75839233398438,559.235595703125,377.9234619140625,219.71241760253906,214.3600311279297,628.477294921875,534.8800048828125,245.743896484375,139.19700622558594,232.86386108398438,63.77016830444336,59.8596076965332,414.65185546875,774.7427978515625,469.406005859375,239.73541259765625,72.5957260131836,526.5768432617188,283.41143798828125,56.931304931640625,596.8599243164062,47.36309814453125,94.70018005371094,121.9757308959961,425.4825439453125,88.17523956298828,68.9500732421875,90.75499725341797,73.51583862304688,216.29200744628906,136.80567932128906,165.69775390625,186.17999267578125,144.19615173339844,23.60546112060547,161.57003784179688,79.08000183105469,115.31156158447266,152.25379943847656,706.564208984375,88.76807403564453,73.3240966796875,338.6302185058594,36.2352294921875,490.9100036621094,79.16544342041016,469.0705261230469,360.9596252441406,21.11952781677246,121.67881774902344,523.1740112304688,431.6600036621094,183.03732299804688,491.0880126953125,222.24911499023438,315.1082763671875,35.56143569946289,68.86353302001953,199.3678741455078,90.43242645263672,101.34246826171875,159.93524169921875
2024-12-30,250.59890747070312,166.31495666503906,108.68258666992188,340.51153564453125,445.79998779296875,282.1280212402344,161.61546325683594,122.44000244140625,247.5284423828125,172.367919921875,221.3000030517578,68.72946166992188,176.5500030517578,42.454200744628906,197.215576171875,995.6076049804688,51.65978240966797,89.68000030517578,163.46356201171875,67.81391906738281,355.4377136230469,271.96697998046875,301.8599853515625,266.5765686035156,32.548133850097656,92.43204498291016,222.0966339111328,913.3914184570312,56.872772216796875,41.17560577392578,134.17800903320312,415.018310546875,227.25942993164062,108.75472259521484,113.71552276611328,326.2319641113281,166.69659423828125,88.4211196899414,190.24632263183594,556.6829223632812,374.6238708496094,216.9266357421875,211.92564392089844,620.3380126953125,526.9600219726562,244.09637451171875,137.55601501464844,231.07757568359375,62.66547393798828,59.4570198059082,409.4366149902344,765.51318359375,464.0300598144531,238.18121337890625,71.35942077636719,519.9971923828125,279.5312194824219,56.31669998168945,588.3319702148438,47.09183120727539,93.43688201904297,121.00385284423828,419.849365234375,84.98255157470703,68.61540985107422,90.04299926757812,71.8131103515625,213.5399932861328,137.28494262695312,163.68734741210938,184.1999969482422,143.0926971435547,23.428110122680664,159.2445831298828,77.18000030517578,113.9443588256836,149.67811584472656,696.8346557617188,87.16111755371094,72.52944946289062,334.1518249511719,36.244815826416016,486.739990234375,78.44176483154297,465.5371398925781,356.19091796875,20.88856315612793,118.88081359863281,515.9837646484375,417.4100036621094,179.9544677734375,488.9791259765625,220.1806182861328,311.7956237792969,35.27637481689453,68.18566131591797,197.65777587890625,89.35700988769531,100.65719604492188,157.64212036132812
2024-12-31,248.83021545410156,167.73080444335938,108.98125457763672,339.8353271484375,444.67999267578125,281.8969421386719,160.61795043945312,120.79000091552734,248.80764770507812,173.77969360351562,219.38999938964844,68.67999267578125,177.0,42.49287414550781,196.32846069335938,993.3594970703125,52.12053680419922,89.31999969482422,163.8150634765625,67.81391906738281,355.1928405761719,272.8458557128906,300.4599914550781,267.5455017089844,32.67000198364258,94.41226196289062,222.06698608398438,907.50830078125,56.88238525390625,42.06583786010742,135.83798217773438,415.68536376953125,227.16049194335938,109.29456329345703,115.60167694091797,325.73138427734375,165.3975372314453,88.76707458496094,188.31639099121094,555.7803344726562,374.2005920410156,216.24696350097656,211.52151489257812,618.5664672851562,521.9600219726562,244.31797790527344,138.78436279296875,231.4541473388672,62.317359924316406,59.67747497558594,410.4267272949219,763.6929931640625,466.4972839355469,238.24879455566406,71.43855285644531,521.0064086914062,279.8111572265625,56.92666244506836,582.6301879882812,47.28171920776367,94.4912338256836,120.97499084472656,416.5583801269531,83.83696746826172,68.54847717285156,89.13200378417969,72.79434204101562,212.0240020751953,134.08973693847656,163.42257690429688,181.9600067138672,143.41334533691406,23.525650024414062,159.77828979492188,75.62999725341797,114.26716613769531,148.74856567382812,706.4948120117188,87.80581665039062,72.6079330444336,335.3158264160156,36.752872467041016,485.3599853515625,78.38463592529297,465.5464172363281,354.8406982421875,21.0363826751709,118.60592651367188,517.3661499023438,403.8399963378906,179.5236358642578,487.1110534667969,220.42227172851562,312.5174865722656,35.62379837036133,68.0210189819336,197.18870544433594,89.13996124267578,102.3798599243164,158.3125457763672
2025-01-02,242.30194091796875,169.3732147216797,109.2992172241211,336.96624755859375,441.0,278.930908203125,161.84259033203125,120.62999725341797,247.50933837890625,171.524658203125,220.22000122070312,68.24488067626953,171.8699951171875,42.82160186767578,194.62417602539062,985.88818359375,52.33247756958008,89.37999725341797,165.0786895751953,67.3803939819336,352.2651672363281,269.11309814453125,297.6600036621094,265.94677734375,32.574249267578125,95.27860260009766,222.1262969970703,901.1099853515625,56.786293029785156,41.43799591064453,137.59178161621094,410.269775390625,227.4177703857422,108.77435302734375,117.61041259765625,325.8197326660156,167.18252563476562,88.29618835449219,188.44569396972656,558.0612182617188,373.6907653808594,215.89276123046875,211.6273651123047,612.94677734375,524.030029296875,240.9166259765625,138.20858764648438,231.73416137695312,62.9601936340332,59.274898529052734,406.01531982421875,769.6976318359375,462.9549255371094,238.42254638671875,71.64624786376953,516.88037109375,282.34002685546875,56.707454681396484,596.292724609375,47.480648040771484,94.19676208496094,120.07047271728516,413.6726379394531,86.99479675292969,68.47198486328125,88.6729965209961,70.87034606933594,210.8679962158203,138.10372924804688,162.8243408203125,180.74000549316406,141.66854858398438,23.59659194946289,158.1867218017578,75.19000244140625,114.9792709350586,148.76795959472656,709.3313598632812,88.69109344482422,72.44114685058594,328.6376953125,36.81039810180664,482.75,78.14659881591797,463.18145751953125,353.5299987792969,21.091812133789062,118.9397201538086,519.6932983398438,379.2799987792969,178.9874725341797,485.81109619140625,221.4661865234375,310.895751953125,35.81977462768555,67.97261810302734,195.9672088623047,88.79463958740234,102.13241577148438,158.00161743164062
2025-01-03,241.8150177001953,171.0533447265625,109.67499542236328,341.8253173828125,430.57000732421875,280.8954162597656,167.95602416992188,125.37000274658203,249.36131286621094,172.97430419921875,224.19000244140625,69.32279968261719,169.89999389648438,43.32436752319336,193.7769775390625,989.2120361328125,52.70515441894531,90.69000244140625,167.13088989257812,68.40160369873047,356.2013854980469,268.3330078125,303.8599853515625,271.9635925292969,32.791873931884766,96.24014282226562,226.534423828125,907.8153076171875,56.94108200073242,42.890480041503906,138.66091918945312,414.2333679199219,232.39540100097656,109.10807800292969,119.3645248413086,336.2432861328125,170.52439880371094,87.84452056884766,190.79342651367188,563.0694580078125,374.38336181640625,216.85006713867188,214.2349395751953,620.2691040039062,535.2899780273438,243.09426879882812,138.37171936035156,234.90118408203125,64.97671508789062,59.18863296508789,405.3584899902344,773.5655517578125,462.5421142578125,239.8705596923828,74.28697967529297,515.8513793945312,284.5311279296875,57.050559997558594,601.6561889648438,48.0503044128418,94.16826629638672,121.18669128417969,418.3866882324219,89.5250473022461,68.83533477783203,88.1050033569336,70.5240249633789,214.75399780273438,144.2545623779297,163.10873413085938,183.25,141.140380859375,23.578857421875,157.3766326904297,79.88999938964844,115.85276794433594,152.82508850097656,712.2671508789062,89.08561706542969,73.03959655761719,331.9718322753906,36.99252700805664,493.7099914550781,78.38463592529297,466.9859924316406,356.2894287109375,20.94399642944336,118.52738952636719,529.09130859375,410.44000244140625,182.3958282470703,493.9864501953125,223.7666778564453,311.4000549316406,35.86431121826172,69.05722045898438,197.05189514160156,89.56419372558594,102.6558837890625,158.68179321289062
2025-01-06,243.44461059570312,169.99615478515625,108.913818359375,339.3909606933594,431.17999267578125,276.504150390625,175.28421020507812,129.5500030517578,246.85067749023438,170.79507446289062,227.61000061035156,70.34137725830078,170.77999877929688,43.89480209350586,194.01168823242188,981.37255859375,52.80764389038086,91.29000091552734,166.0667724609375,70.07791900634766,356.60284423828125,263.96820068359375,308.1400146484375,270.9559326171875,32.63518524169922,95.19291687011719,226.2181396484375,913.88671875,56.8540153503418,42.93733215332031,138.10757446289062,410.0931396484375,235.72042846679688,109.00011444091797,119.19476318359375,342.1126708984375,171.01026916503906,87.6715316772461,195.84706115722656,566.233642578125,374.5661926269531,212.27410888671875,214.25421142578125,615.279296875,542.3699951171875,241.234619140625,137.8631134033203,233.7559814453125,68.26901245117188,58.28762435913086,404.7801208496094,756.8671264648438,447.35504150390625,241.08692932128906,77.12554168701172,506.5210876464844,282.0215148925781,55.48752975463867,627.1004028320312,47.100868225097656,94.71918487548828,123.7847900390625,422.8339538574219,98.8790054321289,68.11819458007812,88.17900085449219,69.2638168334961,215.41000366210938,149.20716857910156,162.4909210205078,179.5,137.95260620117188,23.84488296508789,153.059326171875,75.91999816894531,114.88432312011719,154.78102111816406,710.392578125,89.6148452758789,73.06903076171875,333.23443603515625,37.155487060546875,501.05999755859375,77.08966064453125,461.9569091796875,356.1317443847656,20.87932586669922,118.67464447021484,534.2327880859375,411.04998779296875,183.99473571777344,494.631591796875,222.32647705078125,309.5509338378906,35.28528594970703,69.75447082519531,197.15939331054688,90.20549774169922,102.54167175292969,161.19837951660156
2025-01-07,240.67233276367188,169.45814514160156,109.26068115234375,344.2790222167969,422.6300048828125,277.72711181640625,175.62001037597656,127.33000183105469,250.16319274902344,167.8673095703125,222.11000061035156,70.66773223876953,172.50999450683594,44.5522575378418,189.5191650390625,950.383056640625,53.23621368408203,91.98999786376953,162.78897094726562,70.98352813720703,355.4278259277344,265.40008544921875,301.6700134277344,271.21746826171875,32.36532211303711,96.79232025146484,231.51580810546875,912.5593872070312,57.0088005065918,42.89984893798828,140.29275512695312,405.4526672363281,236.611083984375,109.33383178710938,120.29815673828125,337.5487060546875,170.87144470214844,87.09494018554688,194.47421264648438,563.0597534179688,369.62164306640625,211.21151733398438,215.49545288085938,605.7030639648438,531.8800048828125,239.5291290283203,140.3293914794922,236.0076141357422,68.17012023925781,58.316383361816406,406.77996826171875,764.9690551757812,445.39666748046875,238.02674865722656,76.67057037353516,505.9967041015625,279.2802429199219,55.55424880981445,614.8509521484375,46.53121566772461,95.95398712158203,122.09119415283203,417.418212890625,101.51883697509766,67.34369659423828,87.91899871826172,69.35039520263672,210.8300018310547,139.9309844970703,158.90155029296875,175.50999450683594,137.13204956054688,24.057706832885742,153.72645568847656,69.98999786376953,115.26410675048828,155.42977905273438,724.317626953125,89.3357925415039,70.89107513427734,329.8608703613281,37.740234375,487.6199951171875,77.21343994140625,459.3021545410156,350.0411682128906,20.509780883789062,117.94815063476562,542.646240234375,394.3599853515625,184.02346801757812,495.19012451171875,222.83872985839844,308.1961975097656,34.670623779296875,69.328369140625,198.75221252441406,89.59379577636719,103.50293731689453,158.856689453125
2025-01-08,241.15921020507812,168.48593139648438,110.07965087890625,345.573486328125,419.5799865722656,281.0880126953125,174.80029296875,121.83999633789062,252.21556091308594,169.78126525878906,222.1300048828125,71.03363037109375,171.75999450683594,44.67794418334961,192.53500366210938,955.5576171875,52.92876434326172,95.94999694824219,165.2877197265625,70.57888793945312,353.5381164550781,263.31646728515625,302.7300109863281,270.6264953613281,32.6286735534668,96.74472045898438,235.06405639648438,918.5020751953125,57.27000045776367,43.11537551879883,140.95863342285156,402.2445068359375,235.61158752441406,107.73391723632812,121.14693450927734,338.7264404296875,171.44659423828125,85.6630630493164,192.9422149658203,562.9627685546875,372.4786376953125,210.77113342285156,214.7449188232422,616.1550903320312,544.02001953125,238.58485412597656,136.52920532226562,235.9687957763672,67.86354064941406,59.150291442871094,411.7403869628906,778.7491455078125,450.0910339355469,238.33567810058594,76.19584655761719,510.94384765625,276.92510986328125,55.55424880981445,607.7161865234375,46.5583381652832,94.84266662597656,123.03422546386719,419.5824890136719,99.02843475341797,67.56360626220703,87.5,68.5807876586914,209.8159942626953,139.90106201171875,159.99014282226562,172.8300018310547,138.2072296142578,23.818283081054688,154.4888916015625,68.2300033569336,115.70085144042969,154.03543090820312,727.5806274414062,89.1048583984375,71.61705780029297,332.958251953125,37.20341873168945,502.0,79.0511703491211,463.5179443359375,358.8321228027344,20.491300582885742,119.43060302734375,541.93017578125,394.94000244140625,183.49688720703125,505.0794982910156,224.0760040283203,309.1158142089844,34.688438415527344,69.30901336669922,201.86947631835938,90.57054138183594,101.77075958251953,160.3433380126953
2025-01-10,235.3463592529297,165.34274291992188,108.21046447753906,337.90325927734375,405.9200134277344,276.2344970703125,169.52633666992188,116.04000091552734,250.325439453125,164.35211181640625,218.94000244140625,69.42168426513672,172.0,43.61441421508789,187.28460693359375,926.0411376953125,52.01571273803711,94.87999725341797,156.6228790283203,68.7869644165039,343.6781921386719,254.48825073242188,299.0,270.3067626953125,31.917634963989258,97.03032684326172,233.443115234375,927.9805908203125,56.82499694824219,44.98955535888672,143.6221160888672,400.8415832519531,232.62303161621094,106.6444091796875,123.92900085449219,335.1341857910156,170.25662231445312,86.37419128417969,191.04212951660156,543.531494140625,375.0663757324219,208.87567138671875,211.444580078125,614.5975952148438,547.469970703125,235.9736328125,136.32766723632812,232.8048095703125,67.5530014038086,58.53683853149414,405.9956970214844,791.292724609375,449.322998046875,239.3106689453125,73.83203125,500.0737609863281,272.49468994140625,53.609989166259766,612.8309326171875,45.997718811035156,94.27275848388672,118.79066467285156,414.03826904296875,98.95869445800781,64.42735290527344,83.76899719238281,68.49422454833984,204.91400146484375,135.70733642578125,151.88937377929688,173.4199981689453,134.5290069580078,23.694135665893555,151.11509704589844,67.26000213623047,111.22891998291016,152.0020294189453,691.1713256835938,88.76807403564453,71.39141845703125,325.6784362792969,37.02128601074219,492.5400085449219,77.43244934082031,451.2350158691406,360.3695373535156,20.292957305908203,117.8696060180664,539.3246459960938,394.739990234375,182.05120849609375,501.391357421875,217.68679809570312,304.28033447265625,34.278656005859375,67.74987030029297,202.5242156982422,91.75446319580078,101.39956665039062,158.69151306152344
2025-01-13,232.91189575195312,166.82467651367188,109.05834197998047,337.2753601074219,408.5,279.4605407714844,168.74610900878906,117.31999969482422,257.924072265625,167.6494140625,218.4600067138672,67.58231353759766,170.57000732421875,43.56607437133789,188.24681091308594,925.4305419921875,51.577823638916016,94.61000061035156,157.4969482421875,70.10682678222656,354.938232421875,258.48760986328125,292.5,273.65911865234375,31.99664306640625,99.22950744628906,233.34429931640625,915.857666015625,56.844337463378906,48.278724670410156,145.6947784423828,421.77789306640625,237.3829803466797,106.08493041992188,126.83364868164062,334.5747375488281,170.1376495361328,86.4318618774414,190.0175018310547,546.394775390625,374.38336181640625,209.74681091308594,209.18336486816406,604.5321655273438,539.75,240.5986785888672,138.64041137695312,237.01699829101562,68.3372573852539,59.0927848815918,413.13232421875,788.8988037109375,463.8284606933594,240.0443572998047,73.63422393798828,500.3115234375,273.76873779296875,53.53373718261719,605.337890625,45.979637145996094,95.91600036621094,119.3102798461914,412.2989196777344,94.69512176513672,64.0257568359375,84.02899932861328,69.34078216552734,203.1479949951172,133.03131103515625,151.3191680908203,167.82000732421875,136.28321838378906,23.765077590942383,151.38197326660156,64.9800033569336,111.60869598388672,152.14727783203125,711.02734375,89.98052215576172,71.28350830078125,331.5575256347656,38.20037078857422,487.42999267578125,77.95616149902344,451.1134948730469,355.75732421875,20.171329498291016,117.70269775390625,552.4619750976562,403.30999755859375,182.95115661621094,521.0834350585938,219.1850128173828,303.4991455078125,34.5597038269043,68.30186462402344,202.79782104492188,90.30415344238281,104.01689147949219,161.60650634765625
2025-01-14,231.79904174804688,165.701416015625,108.89454650878906,337.13043212890625,412.7099914550781,280.8954162597656,171.50160217285156,116.08999633789062,254.974365234375,169.41172790527344,217.75999450683594,69.49092102050781,167.02000427246094,44.26220703125,188.8359832763672,933.337890625,51.93186569213867,95.6500015258789,160.86976623535156,70.81010437011719,363.8190612792969,262.1907653808594,294.19000244140625,276.1587829589844,31.935195922851562,99.84832000732422,237.25823974609375,908.4590454101562,57.39575958251953,48.32557678222656,147.14845275878906,424.13250732421875,235.146484375,106.12419128417969,128.04080200195312,333.84844970703125,175.3834686279297,87.45050811767578,188.6744842529297,554.7223510742188,377.84649658203125,209.1724395751953,209.52012634277344,614.9622802734375,538.8800048828125,243.74948120117188,138.9091339111328,240.18093872070312,69.3529281616211,59.46660614013672,418.8769836425781,736.8943481445312,465.0764465332031,242.4866943359375,74.23753356933594,504.38409423828125,271.7900390625,54.42009735107422,591.3272705078125,46.4407958984375,94.65269470214844,119.91650390625,410.7967224121094,96.98629760742188,65.00105285644531,82.83999633789062,68.4653549194336,206.25799560546875,131.56349182128906,153.6688232421875,170.5800018310547,136.70765686035156,23.41924285888672,152.23971557617188,65.91000366210938,112.48218536376953,154.47116088867188,685.2105102539062,89.55712127685547,70.96956634521484,337.00262451171875,38.21953201293945,490.3599853515625,78.1275405883789,452.8708801269531,357.5509338378906,20.3958683013916,117.06455993652344,553.9237670898438,396.3599853515625,185.25852966308594,523.5870971679688,221.71749877929688,305.6448974609375,34.70475387573242,68.9410171508789,202.44602966308594,89.5740737915039,104.42613220214844,159.7506103515625
2025-01-15,236.35989379882812,163.2622833251953,107.60636138916016,337.8453369140625,417.2799987792969,282.5132141113281,176.17306518554688,119.95999908447266,256.7308044433594,170.8519287109375,223.35000610351562,70.16336822509766,166.1999969482422,45.5384407043457,190.8445281982422,981.7989501953125,52.090248107910156,96.88999938964844,166.39932250976562,75.40553283691406,367.06982421875,265.05450439453125,300.7200012207031,275.7227783203125,32.04053497314453,100.4195327758789,234.90591430664062,914.6691284179688,58.024559020996094,48.859718322753906,148.4895477294922,420.767333984375,235.49282836914062,106.18309020996094,129.25732421875,336.2432861328125,178.78482055664062,88.77667999267578,194.53390502929688,588.1010131835938,390.65045166015625,210.1680145263672,211.71395874023438,612.6456909179688,580.1099853515625,244.5492401123047,139.1202392578125,244.91722106933594,70.83541107177734,59.207801818847656,419.5534362792969,738.7047729492188,464.6060485839844,247.82508850097656,75.31559753417969,517.5926513671875,272.4849853515625,53.981685638427734,614.084716796875,46.15144348144531,95.07061767578125,125.6227035522461,421.3119812011719,102.79393005371094,66.25364685058594,84.82599639892578,68.36915588378906,210.8260040283203,136.03684997558594,155.63499450683594,174.19000244140625,136.54730224609375,23.250757217407227,152.1539306640625,68.13999938964844,112.52017211914062,159.19642639160156,697.6676635742188,89.56674194335938,72.26455688476562,342.22076416015625,38.95766067504883,507.19000244140625,78.4036865234375,464.13494873046875,363.27685546875,20.4987850189209,116.93694305419922,548.4341430664062,428.2200012207031,189.09771728515625,523.2789916992188,223.14805603027344,312.75482177734375,34.614097595214844,73.55064392089844,203.2571258544922,90.11669921875,106.12976837158203,162.43240356445312
2025-01-16,226.81088256835938,165.5013427734375,110.32801055908203,340.0863037109375,426.92999267578125,285.26739501953125,184.17286682128906,118.44000244140625,257.1986083984375,180.08998107910156,220.66000366210938,69.08545684814453,168.92999267578125,45.093692779541016,192.2418212890625,964.8796997070312,52.528133392333984,98.16999816894531,167.90045166015625,75.63675689697266,372.61175537109375,270.1104736328125,298.8999938964844,272.2251281738281,31.87374496459961,100.54330444335938,238.08847045898438,910.9549560546875,57.869781494140625,48.6910514831543,149.47430419921875,430.8038330078125,239.38192749023438,104.49483489990234,130.19097900390625,338.80499267578125,178.2394256591797,88.07515716552734,191.90762329101562,594.963134765625,393.76727294921875,213.1835479736328,214.24456787109375,598.6665649414062,584.0800170898438,246.60157775878906,141.80728149414062,246.78065490722656,73.9022216796875,59.66789245605469,423.9745788574219,749.4478759765625,467.3804626464844,249.81370544433594,78.3519515991211,518.37548828125,270.0140075683594,55.27785110473633,608.2933349609375,46.259952545166016,95.65003204345703,130.68414306640625,419.60223388671875,102.2061767578125,68.24249267578125,84.23699951171875,68.40763854980469,211.4320068359375,133.37078857421875,156.8441925048828,177.1699981689453,138.2072296142578,23.490182876586914,152.96401977539062,69.23999786376953,113.74497985839844,156.31089782714844,687.5512084960938,90.86579132080078,74.07950592041016,349.3625183105469,39.389034271240234,515.8099975585938,79.87958526611328,472.2113952636719,376.2662048339844,20.601701736450195,119.16551208496094,558.6177978515625,413.82000732421875,179.3896026611328,491.6658020019531,227.04345703125,313.7139892578125,34.7591552734375,73.55064392089844,206.19845581054688,90.07723999023438,105.94894409179688,164.57005310058594
2025-01-17,228.5199737548828,163.46234130859375,109.91152954101562,342.0556640625,429.989990234375,285.21923828125,189.6739501953125,121.45999908447266,259.7569274902344,180.39315795898438,225.94000244140625,68.65034484863281,171.08999633789062,44.987335205078125,194.68385314941406,973.8336181640625,52.44428253173828,98.66000366210938,170.96923828125,77.06258392333984,377.9676208496094,266.1111145019531,305.6000061035156,275.151123046875,32.11075973510742,100.77178955078125,239.23497009277344,934.1708374023438,58.26641845703125,49.30952072143555,151.43441772460938,446.824951171875,235.87875366210938,105.04450225830078,129.72084045410156,339.8748779296875,181.323486328125,88.25773620605469,194.98158264160156,607.5323486328125,393.8154296875,213.07826232910156,216.2940673828125,595.5711059570312,592.6400146484375,247.0352020263672,141.09710693359375,251.52664184570312,74.91197204589844,60.10881423950195,427.41546630859375,717.9108276367188,470.70196533203125,252.01470947265625,79.42012023925781,519.9213256835938,271.18194580078125,55.14442443847656,609.7561645507812,46.89290237426758,93.00944519042969,132.66639709472656,424.0001220703125,105.34408569335938,67.65923309326172,85.80999755859375,68.14789581298828,214.29600524902344,137.504638671875,158.30902099609375,177.11000061035156,139.82000732421875,23.321699142456055,153.56443786621094,71.7699966430664,115.44450378417969,159.34164428710938,675.9966430664062,91.53936767578125,74.96246337890625,349.17510986328125,41.775962829589844,526.7000122070312,79.88910675048828,469.12664794921875,377.8726501464844,20.854310989379883,119.62694549560547,556.569091796875,426.5,184.2245330810547,490.86651611328125,226.43447875976562,316.0575866699219,35.158058166503906,74.64495086669922,206.88253784179688,90.70867156982422,106.90068817138672,161.18865966796875
2025-01-21,221.2265625,164.46279907226562,113.11743927001953,345.7712097167969,436.3599853515625,287.1163024902344,190.4838104248047,122.27999877929688,262.3343200683594,179.95729064941406,230.7100067138672,71.91375732421875,175.55999755859375,45.11302947998047,185.1847686767578,980.7427368164062,53.14304733276367,100.91000366210938,172.46092224121094,78.68110656738281,391.4801330566406,265.49884033203125,310.9700012207031,279.6079406738281,32.45310974121094,99.27710723876953,242.21986389160156,938.6673583984375,59.04033279418945,49.80617904663086,148.40518188476562,454.38909912109375,241.5689239501953,106.6934814453125,129.20794677734375,351.0149230957031,185.93463134765625,89.33405303955078,197.0209197998047,616.073486328125,402.52130126953125,215.4619598388672,215.78408813476562,600.776123046875,604.1199951171875,251.86260986328125,142.17193603515625,255.28262329101562,75.87820434570312,59.830841064453125,433.7482604980469,734.3619995117188,486.0330505371094,255.19068908691406,80.60696411132812,523.2506713867188,272.78424072265625,54.89662551879883,613.427978515625,46.54025650024414,91.41368865966797,132.11793518066406,423.4763488769531,108.96016693115234,67.74528503417969,86.96800231933594,70.38935089111328,219.3699951171875,140.6199951171875,169.654052734375,183.50999450683594,140.10292053222656,23.62319564819336,154.12673950195312,73.06999969482422,117.55229187011719,161.96571350097656,682.165771484375,94.28180694580078,79.39683532714844,356.61273193359375,41.92934036254883,529.75,80.67943572998047,476.782470703125,390.122802734375,21.041427612304688,121.05049133300781,569.9053344726562,424.07000732421875,186.91482543945312,505.53204345703125,228.82196044921875,320.02288818359375,35.375648498535156,75.39061737060547,208.07467651367188,91.83340454101562,106.0916976928711,163.27430725097656
2025-01-22,222.40902709960938,161.2137451171875,114.07630157470703,348.380859375,437.32000732421875,285.3925476074219,193.09112548828125,123.75,261.0265808105469,175.5609588623047,235.00999450683594,76.97698974609375,174.8000030517578,44.271873474121094,182.5293426513672,975.1707763671875,53.18962860107422,100.30999755859375,173.64854431152344,78.70037841796875,390.7430725097656,264.9656066894531,321.489990234375,280.0439758300781,32.57600402832031,98.11563873291016,244.087890625,935.6664428710938,59.62078094482422,49.65624237060547,146.6888885498047,451.05340576171875,241.63819885253906,106.80145263671875,127.28939819335938,364.3633728027344,186.7874298095703,89.41093444824219,197.33924865722656,614.12255859375,394.5080261230469,213.5664825439453,214.82191467285156,603.0140380859375,610.4500122070312,249.6946258544922,139.40814208984375,255.09823608398438,76.34004974365234,59.217384338378906,433.8855895996094,745.8668823242188,479.3611145019531,250.14894104003906,82.3377914428711,522.3787231445312,271.56805419921875,53.66717529296875,620.433349609375,45.9434700012207,90.88178253173828,130.86700439453125,440.9688415527344,108.81073760986328,65.48870086669922,95.39900207519531,71.22628784179688,225.03399658203125,146.85069274902344,181.10720825195312,187.6999969482422,139.6691131591797,23.064538955688477,157.00494384765625,76.87000274658203,116.67879486083984,164.84153747558594,674.4594116210938,94.0412368774414,79.07308197021484,352.8840026855469,39.906681060791016,544.7000122070312,78.57506561279297,477.6330871582031,384.84027099609375,20.88237762451172,120.33381652832031,571.4269409179688,415.1099853515625,188.65733337402344,500.45733642578125,227.9230499267578,319.9536437988281,35.31218338012695,75.09040069580078,206.61865234375,91.98139190673828,104.24530792236328,162.39718627929688
2025-01-23,222.2401123046875,162.61434936523438,119.34524536132812,352.4068908691406,437.2799987792969,284.8533020019531,188.3406524658203,123.04000091552734,265.2649841308594,176.6031951904297,235.4199981689453,77.67913055419922,178.5,44.85198211669922,190.39010620117188,986.2080078125,55.099571228027344,101.63999938964844,176.26129150390625,78.97976684570312,399.3813171386719,263.1683654785156,324.5199890136719,285.80877685546875,32.89202117919922,99.00101470947266,245.0564727783203,933.1506958007812,60.20121383666992,51.07499313354492,146.31375122070312,465.7402648925781,243.10279846191406,108.99028778076172,127.25141143798828,362.8518371582031,199.1236114501953,89.29561614990234,196.95127868652344,620.693603515625,398.63494873046875,216.0267791748047,217.496826171875,589.8236083984375,608.6599731445312,250.42689514160156,140.7228546142578,258.1166687011719,75.25614166259766,58.977760314941406,432.150390625,758.3510131835938,477.383544921875,253.36793518066406,80.33992767333984,529.3546142578125,274.5409240722656,54.28666687011719,633.3196411132812,46.305152893066406,91.78414154052734,132.59906005859375,441.47283935546875,104.43756866455078,66.19628143310547,98.48600006103516,71.466796875,226.83999633789062,147.00045776367188,183.31918334960938,187.32000732421875,140.1689453125,23.445844650268555,158.34872436523438,78.9800033569336,119.09040069580078,168.83090209960938,688.9497680664062,94.29141998291016,80.5250473022461,356.20831298828125,40.290122985839844,551.5399780273438,78.32749938964844,480.0448303222656,387.8067626953125,21.0788516998291,120.36326599121094,571.6854248046875,412.3800048828125,192.06568908691406,510.1349182128906,239.76385498046875,324.5517883300781,35.520694732666016,74.98388671875,205.3092498779297,92.55361938476562,104.83538055419922,162.71881103515625
2025-01-24,221.3656768798828,162.26182556152344,121.09832000732422,351.5822448730469,435.3800048828125,286.10516357421875,184.4395294189453,122.83999633789062,262.91668701171875,175.3619842529297,234.85000610351562,76.3342056274414,176.05999755859375,44.97766876220703,188.28591918945312,988.84375,55.593360900878906,101.94000244140625,177.42041015625,78.49806213378906,400.590087890625,263.3658752441406,320.4800109863281,284.5008239746094,33.0236930847168,96.94464874267578,245.5901641845703,930.6943359375,60.20121383666992,51.767757415771484,145.9761199951172,469.7136535644531,243.2413330078125,110.0896224975586,125.19989013671875,362.1549377441406,195.10743713378906,89.43977355957031,199.16970825195312,618.1699829101562,398.74072265625,212.05392456054688,216.30369567871094,589.4785766601562,584.0499877929688,250.42689514160156,140.8955841064453,257.039306640625,74.15540313720703,59.351585388183594,430.6014709472656,776.9585571289062,477.07635498046875,254.2211456298828,78.80691528320312,528.6312866210938,275.53515625,54.72507095336914,644.3053588867188,47.06470489501953,90.75830078125,132.6183319091797,438.85394287109375,102.79393005371094,69.63851928710938,97.75900268554688,70.7741470336914,224.99600219726562,142.4073028564453,180.4976806640625,187.6999969482422,140.64051818847656,23.517959594726562,157.36782836914062,78.9800033569336,120.84690856933594,166.6522216796875,670.254150390625,95.0804672241211,80.27977752685547,355.2613525390625,40.501014709472656,546.1900024414062,79.48919677734375,480.2410888671875,388.60504150390625,21.25661277770996,120.49089813232422,571.6556396484375,406.5799865722656,177.618408203125,512.7733154296875,240.4694366455078,326.5196838378906,35.84708023071289,74.87736511230469,204.6544952392578,93.49090576171875,103.41727447509766,164.32687377929688
2025-01-27,228.40074157714844,168.55026245117188,125.35997009277344,362.0013732910156,438.6000061035156,289.04229736328125,172.4102325439453,115.01000213623047,270.10479736328125,181.95652770996094,235.4199981689453,66.74172973632812,175.16000366210938,45.528770446777344,184.7481231689453,998.0398559570312,56.4598274230957,102.2699966430664,173.41099548339844,78.10308074951172,388.1585388183594,273.0334777832031,289.8699951171875,296.2048034667969,33.559165954589844,97.76338958740234,251.9256591796875,956.0198364257812,57.15391540527344,53.33360290527344,147.45791625976562,474.99188232421875,247.9814453125,111.24783325195312,125.33287811279297,305.7872314453125,192.83653259277344,91.6308364868164,190.81336975097656,614.6564331054688,408.71649169921875,216.0746612548828,215.6590118408203,598.0257568359375,573.47998046875,254.78216552734375,146.72067260742188,258.01959228515625,69.49634552001953,61.22069549560547,430.8367614746094,799.4736328125,483.5370788574219,260.25189208984375,74.8012924194336,542.65234375,282.8998718261719,55.59236526489258,656.634521484375,48.33061599731445,93.02845001220703,131.49246215820312,429.46527099609375,90.76028442382812,70.5947036743164,97.18900299072266,72.707763671875,228.12399291992188,118.24339294433594,155.60549926757812,189.3000030517578,145.818359375,24.21204948425293,162.67990112304688,75.44000244140625,123.83769989013672,165.75173950195312,679.10107421875,96.24478912353516,80.96651458740234,359.2267761230469,40.77901077270508,510.7300109863281,82.36480712890625,486.7845458984375,394.11419677734375,22.58515167236328,122.62130737304688,580.4270629882812,397.1499938964844,179.06407165527344,523.375244140625,245.92103576660156,330.811279296875,36.844337463378906,75.47776794433594,208.7587432861328,96.09553527832031,104.85441589355469,168.6345977783203
2025-01-28,236.7473907470703,166.55894470214844,123.38410949707031,367.0848693847656,442.8399963378906,287.2704162597656,170.71151733398438,114.16999816894531,267.57513427734375,177.1148223876953,238.14999389648438,67.81965637207031,177.77999877929688,45.28705978393555,185.1164093017578,1018.6412353515625,54.74553298950195,102.31999969482422,176.32778930664062,77.01443481445312,383.54949951171875,268.8662414550781,299.29998779296875,293.39508056640625,32.96224594116211,96.51622772216797,252.13320922851562,949.5027465820312,57.492496490478516,54.40597152709961,146.50132751464844,470.91058349609375,245.26007080078125,110.06999206542969,123.70873260498047,306.8865661621094,192.80677795410156,90.18933868408203,194.28521728515625,619.04345703125,402.90606689453125,211.27853393554688,217.1311798095703,592.150146484375,574.1400146484375,249.28024291992188,144.31195068359375,259.2715759277344,69.51710510253906,59.77333068847656,426.93511962890625,796.3279418945312,439.14715576171875,256.3639221191406,73.69355773925781,542.3748779296875,281.0273132324219,54.239013671875,671.0133666992188,47.5620231628418,92.5630111694336,133.3111114501953,441.9571228027344,87.91126251220703,67.44886779785156,97.18299865722656,71.56298065185547,234.0780029296875,128.7976531982422,161.22885131835938,192.94000244140625,141.70626831054688,24.112892150878906,159.3526611328125,80.2300033569336,122.44200897216797,166.11001586914062,680.7078247070312,96.62007904052734,80.1522445678711,359.2267761230469,39.60951614379883,526.1199951171875,79.54632568359375,486.504150390625,389.43292236328125,22.828405380249023,122.07151794433594,581.073486328125,398.0899963378906,172.8792266845703,522.373779296875,240.83677673339844,330.7519836425781,36.62675476074219,75.419677734375,208.77828979492188,95.98702239990234,102.82719421386719,166.09088134765625
2025-01-29,237.8404083251953,166.98770141601562,123.8393325805664,363.2334289550781,441.67999267578125,289.44677734375,173.11143493652344,117.3499984741211,268.8924560546875,173.98812866210938,237.07000732421875,68.61078643798828,173.66000366210938,45.20003890991211,186.58558654785156,1020.007568359375,55.01572036743164,102.70999908447266,176.12826538085938,77.67916870117188,386.438720703125,272.3817138671875,289.8800048828125,293.8698425292969,32.79545974731445,96.6875991821289,252.9634246826172,954.8016967773438,57.60858154296875,53.99790573120117,146.01364135742188,469.1152038574219,221.40106201171875,111.1006088256836,123.68974304199219,311.7253112792969,197.43780517578125,91.8614730834961,194.39463806152344,618.6358642578125,397.7017517089844,211.6135711669922,219.9889373779297,584.5888061523438,572.7100219726562,247.0352020263672,145.0508575439453,258.72808837890625,70.51102447509766,60.22383499145508,429.6897888183594,795.427734375,436.1807861328125,253.76547241210938,74.32654571533203,543.8018188476562,280.0234680175781,54.44868469238281,673.1627197265625,47.61627960205078,93.35139465332031,133.47470092773438,437.1441650390625,88.66835021972656,67.78353881835938,97.81500244140625,73.66976928710938,228.7259979248047,123.51553344726562,159.2823028564453,185.4199981689453,141.81944274902344,23.995708465576172,159.39100646972656,79.76000213623047,123.04015350341797,166.2649383544922,681.64013671875,104.48170471191406,80.50541687011719,355.5177917480469,39.24524688720703,512.7100219726562,78.8702621459961,483.4847717285156,385.4119567871094,22.669355392456055,121.94390106201172,565.1019287109375,389.1000061035156,172.59201049804688,518.1561279296875,241.21372985839844,332.1363525390625,36.5179557800293,75.89418029785156,204.77175903320312,96.19419860839844,103.42679595947266,165.89598083496094
2025-01-30,236.0816650390625,167.35928344726562,124.75945281982422,369.37432861328125,446.0,292.0372314453125,179.47177124023438,118.86000061035156,271.126220703125,176.06314086914062,234.63999938964844,70.86550903320312,179.52999877929688,45.17103576660156,188.65895080566406,1038.33203125,55.099571228027344,103.04000091552734,168.9075469970703,78.86415100097656,368.50396728515625,271.3448486328125,297.760009765625,274.1725769042969,29.18760871887207,96.59239959716797,255.4541473388672,969.6483154296875,58.498592376708984,53.92198181152344,146.60447692871094,470.91058349609375,220.75784301757812,111.33617401123047,123.26233673095703,321.04962158203125,203.85377502441406,93.1684341430664,199.82627868652344,626.711181640625,398.74072265625,214.49508666992188,248.50869750976562,596.0343017578125,580.1799926757812,250.64849853515625,146.7014923095703,260.3294677734375,73.42454528808594,61.39323043823242,437.59112548828125,814.3716430664062,441.25909423828125,255.96632385253906,79.84539031982422,560.8551025390625,280.2261657714844,55.668609619140625,683.6210327148438,46.60355758666992,93.98779296875,134.6582794189453,410.1247253417969,92.14494323730469,68.17556762695312,97.3239974975586,75.35325622558594,202.5500030517578,124.46411895751953,167.5010528564453,187.4199981689453,143.26242065429688,24.25712013244629,160.5224609375,81.22000122070312,123.7332763671875,166.4779510498047,677.4844360351562,104.88585662841797,82.01624298095703,360.5880126953125,39.321937561035156,526.3599853515625,80.86986541748047,489.39251708984375,384.7811584472656,22.472883224487305,123.78959655761719,603.39990234375,400.2799987792969,177.37904357910156,525.3493041992188,241.57135009765625,339.2264099121094,35.78361511230469,76.32996368408203,217.35806274414062,97.32881164550781,104.28337097167969,168.32272338867188
2025-01-31,234.5017547607422,175.21987915039062,123.90713500976562,373.4488525390625,437.45001220703125,291.7964782714844,178.11871337890625,115.94999694824219,272.4626770019531,175.23878479003906,237.67999267578125,69.9952621459961,176.52000427246094,44.76496505737305,187.20596313476562,1042.1885986328125,54.92255783081055,102.36000061035156,168.27101135253906,78.44989776611328,365.0251159667969,268.4810791015625,297.6199951171875,285.0530700683594,29.547513961791992,94.08856964111328,251.25357055664062,970.5098876953125,58.624351501464844,53.59931945800781,139.91761779785156,467.5454406738281,220.42138671875,110.97300720214844,119.47273254394531,320.40179443359375,201.87046813964844,93.4086685180664,202.95989990234375,621.5670166015625,396.31658935546875,214.1696014404297,246.0358123779297,592.9880981445312,571.8800048828125,249.71389770507812,146.01051330566406,259.4268798828125,73.01016235351562,60.84687805175781,437.33624267578125,802.3524169921875,444.4270935058594,252.12686157226562,80.16189575195312,550.3713989257812,278.66253662109375,55.2683219909668,685.7903442382812,47.22746276855469,93.86431884765625,134.09161376953125,410.19390869140625,90.88978576660156,68.42417907714844,97.6760025024414,73.97760009765625,203.67599487304688,119.89093780517578,167.1864471435547,184.4199981689453,142.1212615966797,23.905569076538086,159.160888671875,82.48999786376953,123.61931610107422,167.44625854492188,667.4671020507812,103.61567687988281,81.1529312133789,353.29833984375,38.61256790161133,525.47998046875,79.93671417236328,487.4015197753906,385.6287536621094,22.201560974121094,122.5133056640625,594.4594116210938,404.6000061035156,178.05418395996094,522.3834228515625,239.51251220703125,337.9903564453125,35.711082458496094,76.31060028076172,215.237548828125,96.84536743164062,101.67557525634766,166.55870056152344
2025-02-03,226.56246948242188,181.1653594970703,124.41077423095703,373.7010498046875,438.6000061035156,295.9469909667969,176.58787536621094,114.2699966430664,275.7560119628906,175.63674926757812,237.4199981689453,69.34257507324219,175.8699951171875,44.67794418334961,185.4412078857422,982.3513793945312,55.8542366027832,103.06999969482422,164.87916564941406,77.22760772705078,355.30584716796875,270.5054931640625,298.29998779296875,283.3575134277344,29.134937286376953,93.75537872314453,251.4709930419922,996.2118530273438,59.050010681152344,53.09635543823242,140.05828857421875,458.21533203125,212.02964782714844,111.8956527709961,120.05209350585938,309.5758361816406,202.40597534179688,94.54264068603516,200.18438720703125,613.7732543945312,393.2189636230469,212.91552734375,250.87574768066406,592.2487182617188,578.5499877929688,246.12945556640625,145.7418212890625,258.9513244628906,73.20499420166016,60.72226333618164,445.2669677734375,801.7094116210938,437.19842529296875,248.694580078125,79.31131744384766,558.8137817382812,279.965576171875,54.715545654296875,694.0296630859375,47.788082122802734,94.7856674194336,132.86143493652344,406.10247802734375,89.57484436035156,67.93653106689453,97.89399719238281,73.67938232421875,204.18800354003906,116.48603057861328,165.75112915039062,182.7899932861328,141.7251434326172,23.61711311340332,161.81690979003906,83.73999786376953,123.79972076416016,164.84153747558594,661.3873291015625,104.07756805419922,81.18235778808594,352.7854309082031,38.49754333496094,520.25,79.95575714111328,484.5691223144531,385.4809265136719,22.688066482543945,122.04205322265625,590.4813842773438,383.67999267578125,174.51451110839844,527.862548828125,234.90187072753906,341.9655456542969,36.2459831237793,75.67145538330078,218.61865234375,98.20687866210938,101.92302703857422,167.57229614257812
2025-02-04,231.3220672607422,180.9843292236328,125.04035186767578,379.9195251464844,440.2300109863281,293.3950500488281,176.35084533691406,119.5,275.89923095703125,174.4618682861328,242.05999755859375,68.9371337890625,176.22999572753906,45.161373138427734,184.8895721435547,984.2021484375,55.08094024658203,103.54000091552734,162.30442810058594,76.13141632080078,355.698974609375,268.8267517089844,299.6700134277344,282.3886413574219,29.45095443725586,95.75462341308594,248.644287109375,1012.0885620117188,59.340232849121094,53.4759521484375,143.69715881347656,463.33660888671875,212.77183532714844,111.20857238769531,121.68570709228516,308.8789978027344,200.4920654296875,94.16786193847656,205.30763244628906,615.530029296875,395.84515380859375,214.00685119628906,254.46473693847656,583.3367919921875,579.6500244140625,245.39715576171875,147.29644775390625,260.0480041503906,74.10595703125,60.070472717285156,445.8453674316406,817.18115234375,435.5279846191406,249.40240478515625,79.03439331054688,554.0178833007812,279.6953125,53.486087799072266,700.7265014648438,47.58011245727539,86.18951416015625,132.48365783691406,407.5354309082031,90.31201171875,66.8369140625,99.48699951171875,73.80445098876953,202.0260009765625,118.47305297851562,165.05313110351562,183.39999389648438,135.33067321777344,23.31964874267578,161.21286010742188,103.83000183105469,123.79972076416016,167.552734375,691.3399047851562,106.42545318603516,80.25035095214844,352.736083984375,39.5136604309082,523.8800048828125,79.22257232666016,480.1850280761719,386.71282958984375,22.688066482543945,122.85692596435547,577.3740234375,392.2099914550781,174.14801025390625,525.2337646484375,235.36581420898438,341.302978515625,36.091861724853516,76.95943450927734,217.07469177246094,99.42040252685547,104.65455627441406,167.86468505859375
2025-02-05,230.99415588378906,182.69937133789062,127.90724182128906,386.3514709472656,437.6300048828125,296.7462463378906,178.4347381591797,112.01000213623047,293.8362121582031,177.61703491210938,236.1699981689453,68.74922943115234,181.83999633789062,45.5481071472168,185.69766235351562,983.0780029296875,55.63063049316406,104.97000122070312,166.12379455566406,77.08209228515625,352.6524963378906,269.38958740234375,302.6499938964844,284.1810607910156,29.793304443359375,95.4023666381836,250.3343505859375,1032.9073486328125,60.530128479003906,52.84961700439453,143.48147583007812,458.8334045410156,209.9217987060547,108.49952697753906,121.28679656982422,309.4187927246094,202.87205505371094,95.76310729980469,190.33584594726562,626.4686279296875,398.0865783691406,212.85806274414062,253.3485870361328,579.9259033203125,590.9000244140625,244.9731903076172,148.44802856445312,262.46466064453125,75.078125,60.501808166503906,444.7669982910156,833.1177368164062,431.87042236328125,250.60464477539062,81.04214477539062,561.1325073242188,278.7879943847656,54.7346076965332,701.4031372070312,47.543941497802734,85.17317199707031,134.57594299316406,408.4446716308594,93.24072265625,66.16759490966797,101.11100006103516,71.73614501953125,205.41200256347656,124.64383697509766,168.75941467285156,186.85000610351562,137.3772735595703,23.833454132080078,162.056640625,101.36000061035156,124.35989379882812,170.28330993652344,710.848876953125,108.01318359375,80.31902313232422,359.5325927734375,39.39299774169922,528.4199829101562,79.86054229736328,480.7272033691406,393.3158874511719,22.893898010253906,123.22018432617188,579.174072265625,378.1700134277344,175.14141845703125,519.802734375,236.31307983398438,345.5451965332031,36.3819694519043,77.5211181640625,219.64471435546875,101.08777618408203,104.57842254638672,171.20750427246094
2025-02-06,231.73939514160156,183.86178588867188,124.18801879882812,375.7674255371094,435.3999938964844,297.5359191894531,180.5384063720703,110.16000366210938,284.2615661621094,179.7867889404297,238.8300018310547,69.25358581542969,184.8000030517578,46.157222747802734,188.8715362548828,975.442138671875,53.4970817565918,105.0199966430664,165.83877563476562,79.86620330810547,359.1385803222656,269.4685974121094,302.9100036621094,278.290283203125,30.25855255126953,95.14531707763672,243.2675323486328,1040.9400634765625,60.23991012573242,51.473567962646484,142.45919799804688,456.18450927734375,207.82388305664062,110.0208969116211,120.3180160522461,310.00775146484375,204.33969116210938,94.21591186523438,190.6044464111328,638.863037109375,398.4136657714844,200.86297607421875,243.8612518310547,581.8383178710938,588.5,245.79220581054688,147.31564331054688,268.7441101074219,75.34217071533203,60.731849670410156,451.6095275878906,861.0044555664062,430.5744323730469,249.13092041015625,81.92239379882812,561.9945068359375,284.1257019042969,55.11583709716797,708.4881591796875,47.59819793701172,83.6344223022461,136.6585693359375,410.94500732421875,94.17710876464844,66.23452758789062,101.56800079345703,69.0136947631836,204.66000366210938,128.48806762695312,169.43775939941406,187.3699951171875,137.08489990234375,23.283588409423828,161.93199157714844,111.27999877929688,137.97512817382812,163.95071411132812,716.155029296875,107.48394012451172,82.05549621582031,360.26251220703125,38.65938186645508,533.1799926757812,79.78436279296875,485.20477294921875,390.3395690917969,22.875185012817383,123.85831451416016,569.5573120117188,374.32000732421875,176.77142333984375,510.3948669433594,235.37547302246094,343.6070251464844,36.209712982177734,78.84783172607422,219.79129028320312,101.4725570678711,103.19837951660156,169.69691467285156
2025-02-07,226.18487548828125,181.60365295410156,125.01129150390625,374.44805908203125,433.07000732421875,294.6469421386719,177.77304077148438,107.55999755859375,280.2140808105469,178.924560546875,229.14999389648438,69.02613067626953,181.49000549316406,45.828495025634766,193.1296844482422,961.313720703125,52.966026306152344,105.25,161.7723846435547,79.27445220947266,357.59564208984375,266.7826232910156,299.67999267578125,277.7864685058594,30.17076873779297,93.64112091064453,244.99716186523438,1034.970947265625,60.23991012573242,51.25530242919922,143.13446044921875,456.79278564453125,204.6077117919922,108.81361389160156,120.1470718383789,307.2594909667969,203.5662078857422,92.29393005371094,184.376953125,636.6112060546875,391.8818054199219,196.7465362548828,242.8028106689453,570.6491088867188,582.97998046875,246.24508666992188,146.94137573242188,267.6764831542969,73.94573974609375,61.19194412231445,446.09039306640625,868.8590087890625,426.6097106933594,244.2733612060547,81.42787170410156,557.6248168945312,284.06781005859375,55.70673751831055,711.0056762695312,47.61627960205078,82.90303039550781,135.59304809570312,404.9461364746094,91.94572448730469,65.27833557128906,101.39299774169922,66.06998443603516,201.6580047607422,129.64634704589844,171.51211547851562,193.94000244140625,136.3586883544922,23.202463150024414,161.05941772460938,110.8499984741211,137.1111297607422,162.63385009765625,704.1838989257812,107.96507263183594,81.60420227050781,355.6756896972656,38.76556396484375,525.8200073242188,80.5365982055664,485.2889099121094,385.73712158203125,22.95939064025879,122.4151382446289,568.3240966796875,361.6199951171875,173.60789489746094,507.4964294433594,233.99325561523438,344.1410217285156,36.15531921386719,78.5072021484375,219.78152465820312,99.79531860351562,103.63618469238281,167.0752410888672
2025-02-10,226.45346069335938,181.35592651367188,127.18083953857422,375.33087158203125,451.1000061035156,295.5714111328125,181.38775634765625,110.4800033569336,281.40728759765625,179.9099578857422,233.13999938964844,71.00394439697266,180.5500030517578,45.1226921081543,194.15750122070312,955.024658203125,51.7362060546875,106.18000030517578,161.5615692138672,78.31407928466797,356.9470520019531,263.2473449707031,305.6300048828125,283.7063293457031,30.25855255126953,94.70738983154297,243.51463317871094,1052.9276123046875,60.762306213378906,51.521026611328125,146.0886688232422,461.0899658203125,201.3816375732422,107.26277160644531,124.00315856933594,313.963134765625,203.50668334960938,91.75576782226562,185.5010986328125,631.399169921875,398.2501220703125,199.61846923828125,241.44676208496094,578.5260620117188,595.7000122070312,248.22032165527344,148.01620483398438,263.05670166015625,74.3176040649414,61.872493743896484,451.7860412597656,859.5304565429688,430.2864685058594,248.6364288330078,82.81253051757812,560.3397827148438,297.6968994140625,55.78297805786133,713.8715209960938,48.683265686035156,82.0671615600586,133.00672912597656,407.3871765136719,95.5617904663086,66.64567565917969,102.76000213623047,68.24410247802734,204.36199951171875,133.37078857421875,175.89674377441406,196.39999389648438,136.14178466796875,23.31964874267578,160.63754272460938,116.6500015258789,139.1619415283203,165.92601013183594,684.7047119140625,107.24336242675781,79.63228607177734,354.2848205566406,39.77910232543945,531.3300170898438,81.4221420288086,481.6900329589844,386.9197998046875,23.25878143310547,122.69001770019531,549.8164672851562,350.7300109863281,173.90687561035156,513.6014404296875,236.1680908203125,347.3152770996094,36.21878433227539,76.97929382324219,220.93460083007812,101.54161834716797,105.61583709716797,167.5430450439453
2025-02-11,231.3973388671875,182.77560424804688,127.30677032470703,378.357666015625,458.82000732421875,294.46392822265625,180.9334259033203,111.0999984741211,283.1924133300781,183.2640838623047,232.75999450683594,69.17446899414062,180.44000244140625,45.23871994018555,193.51893615722656,957.5926513671875,52.118194580078125,105.9800033569336,157.89166259765625,78.6827163696289,355.97418212890625,264.610107421875,303.8699951171875,286.05096435546875,30.925695419311523,96.83039855957031,243.88031005859375,1049.3778076171875,60.394691467285156,52.19480895996094,147.65487670898438,465.3282165527344,199.52122497558594,107.00757598876953,125.64627838134766,310.655517578125,207.07666015625,92.39002227783203,184.35707092285156,628.2058715820312,400.5300598144531,198.10592651367188,246.70632934570312,577.57958984375,591.6500244140625,249.25135803222656,149.82992553710938,266.890380859375,75.02570343017578,64.79598236083984,451.6683654785156,855.6921997070312,431.3808288574219,249.20846557617188,82.34769439697266,559.5570068359375,299.4246520996094,57.61286926269531,716.2597045898438,48.69230270385742,82.20014190673828,133.47166442871094,406.6163635253906,93.7188949584961,67.24807739257812,100.80799865722656,68.62889099121094,201.80999755859375,132.60195922851562,174.1959991455078,195.49000549316406,137.35842895507812,23.013166427612305,162.4593505859375,112.62000274658203,140.5006561279297,166.53604125976562,660.0087280273438,106.83922576904297,81.62382507324219,356.46478271484375,40.329315185546875,529.1400146484375,82.31719970703125,505.2557067871094,384.8304443359375,23.53009796142578,122.40531158447266,542.228515625,328.5,172.884521484375,514.1310424804688,239.45452880859375,347.39447021484375,36.708351135253906,77.50482177734375,221.5795440673828,101.09764099121094,106.28205108642578,169.86257934570312
2025-02-12,235.625,183.89036560058594,126.38663482666016,377.212890625,462.760009765625,295.3017883300781,178.65200805664062,111.72000122070312,281.6650085449219,179.56886291503906,228.92999267578125,68.95691680908203,186.25,44.67794418334961,198.29197692871094,943.5514526367188,52.3138542175293,105.7699966430664,154.16429138183594,78.83792114257812,345.9601745605469,261.75628662109375,294.04998779296875,283.58038330078125,30.636018753051758,93.67920684814453,240.75704956054688,1056.100341796875,60.49142837524414,59.99555969238281,145.27272033691406,467.5454406738281,200.0753936767578,107.21370697021484,122.36954498291016,304.1481628417969,207.88980102539062,99.28034973144531,182.65594482421875,629.9141235351562,391.6605529785156,196.25831604003906,247.78150939941406,568.3718872070312,589.6099853515625,246.71719360351562,148.99502563476562,267.3368225097656,74.22760009765625,65.85993957519531,449.5313415527344,863.576416015625,424.2865295410156,242.6444854736328,80.67619323730469,559.4578857421875,296.9054260253906,57.75582504272461,721.8123168945312,48.23114776611328,81.37377166748047,132.81298828125,404.2444763183594,91.32808685302734,66.24407958984375,102.73100280761719,69.5139389038086,196.47999572753906,130.94442749023438,169.30995178222656,196.72999572753906,135.80223083496094,22.95907974243164,162.60321044921875,117.38999938964844,142.31414794921875,164.88995361328125,658.4218139648438,108.77336120605469,80.72126007080078,350.6744384765625,40.01077651977539,509.7099914550781,82.65998840332031,496.84271240234375,380.05059814453125,23.726572036743164,122.14024353027344,535.0382690429688,336.510009765625,173.5982666015625,507.8526916503906,240.20846557617188,348.1571960449219,36.74460983276367,77.12528228759766,222.21473693847656,102.22238159179688,103.0843734741211,169.46299743652344
2025-02-13,240.26052856445312,184.31912231445312,127.645751953125,377.8919982910156,459.2200012207031,298.7396545410156,181.99020385742188,111.80999755859375,283.48834228515625,180.01417541503906,230.3699951171875,68.60089874267578,185.44000244140625,44.79397201538086,197.92015075683594,949.937255859375,52.14614486694336,106.13999938964844,153.7714080810547,79.64308166503906,347.59149169921875,264.392822265625,296.1600036621094,290.48846435546875,31.0573673248291,92.25117492675781,241.6861114501953,1067.7410888671875,61.75872802734375,62.98489761352539,146.1918487548828,457.40106201171875,201.47071838378906,107.56704711914062,122.54051971435547,302.116455078125,206.6204833984375,101.82698822021484,185.1728057861328,629.8656616210938,396.7493896484375,196.5072021484375,251.055419921875,575.6275634765625,591.3900146484375,250.6099395751953,150.90472412109375,268.18121337890625,75.58546447753906,66.61717224121094,451.9722595214844,862.4783935546875,417.32659912109375,244.97145080566406,82.38724517822266,561.15234375,299.2412109375,58.289546966552734,724.9765625,48.48432922363281,80.18644714355469,132.55145263671875,405.72686767578125,95.2928237915039,65.59387969970703,104.36900329589844,70.4278335571289,197.89599609375,135.08822631835938,170.9222412109375,201.8800048828125,136.3586883544922,23.112319946289062,163.9839324951172,117.91000366210938,141.64002990722656,166.69097900390625,668.7466430664062,108.73487091064453,80.02471923828125,356.22802734375,40.618896484375,528.2899780273438,82.63141632080078,506.94769287109375,382.7509765625,23.979183197021484,123.92750549316406,529.7078857421875,355.94000244140625,174.37950134277344,511.49267578125,242.58628845214844,352.2579650878906,37.20698165893555,76.73600769042969,222.41018676757812,103.6430892944336,103.8333740234375,160.74034118652344
2025-02-14,243.31439208984375,183.76649475097656,126.50285339355469,376.4076843261719,460.1600036621094,296.7462463378906,167.10665893554688,113.0999984741211,280.1876220703125,179.4362030029297,228.67999267578125,68.1163330078125,184.4199981689453,45.40308380126953,199.33084106445312,943.7550048828125,50.217567443847656,106.11000061035156,157.94915771484375,82.07796478271484,347.2180480957031,261.2131042480469,295.19000244140625,283.2218933105469,31.066144943237305,92.38553619384766,240.34884643554688,1062.7735595703125,62.75515365600586,62.47243881225586,147.30130004882812,471.13623046875,204.15252685546875,108.34247589111328,122.81595611572266,303.4512634277344,206.53123474121094,100.02032470703125,184.26754760742188,641.1243896484375,393.9308166503906,194.09478759765625,253.07980346679688,579.0584106445312,595.5499877929688,248.70211791992188,149.84912109375,268.4432678222656,74.24639129638672,66.01329803466797,448.00201416015625,836.6246948242188,406.2579345703125,244.12791442871094,81.84326934814453,559.6165161132812,297.8223571777344,57.96549987792969,733.0466918945312,48.185943603515625,78.84716796875,134.59532165527344,403.6416320800781,99.13799285888672,65.07754516601562,105.86000061035156,70.26428985595703,197.3260040283203,138.6429443359375,171.21719360351562,200.02999877929688,135.23634338378906,23.013166427612305,156.1884307861328,119.16000366210938,142.85533142089844,166.76841735839844,668.08203125,108.8896713256836,79.07975769042969,352.0159606933594,40.300357818603516,522.530029296875,81.48878479003906,504.4892272949219,379.60711669921875,24.203723907470703,122.44058227539062,528.922119140625,355.8399963378906,176.53030395507812,504.1069641113281,240.89474487304688,350.4552001953125,37.161651611328125,77.83570861816406,222.53721618652344,102.64661407470703,103.93901062011719,153.51858520507812
2025-02-18,243.18508911132812,186.98696899414062,126.08637237548828,375.9808044433594,464.1099853515625,298.47967529296875,169.8720245361328,114.27999877929688,281.7657470703125,179.5972900390625,226.64999389648438,68.26466369628906,184.97000122070312,44.987335205078125,203.18276977539062,947.5728759765625,50.71135711669922,105.3499984741211,159.76974487304688,82.09736633300781,347.88629150390625,263.2769775390625,300.42999267578125,285.5762634277344,31.90885353088379,93.52762603759766,239.17002868652344,1047.08740234375,62.48426818847656,62.22570037841797,148.078857421875,492.0725402832031,202.4009246826172,107.53761291503906,124.36408996582031,307.32818603515625,208.32614135742188,101.1446762084961,182.8151397705078,652.422119140625,387.97613525390625,199.15896606445312,254.8136444091797,571.7237548828125,600.8900146484375,252.6912384033203,149.926513671875,271.7043151855469,74.98909759521484,66.18584442138672,456.65814208984375,849.4376220703125,411.3938293457031,243.08078002929688,85.63130187988281,563.431396484375,294.2317199707031,58.30860900878906,712.8466796875,47.697662353515625,79.11312103271484,136.3001708984375,404.8374328613281,106.38008880615234,65.49826049804688,103.58499908447266,74.6413803100586,199.49600219726562,139.19212341308594,176.7618865966797,208.27999877929688,135.90597534179688,23.040206909179688,158.62391662597656,124.62000274658203,141.2792205810547,168.13369750976562,674.4295654296875,109.35406494140625,80.20188903808594,348.19854736328125,41.16910934448242,525.0,82.47787475585938,508.30303955078125,380.0309143066406,24.39084243774414,121.9383773803711,520.2103271484375,354.1099853515625,179.8385009765625,482.17120361328125,242.7795867919922,353.3475341796875,37.35203170776367,78.6142578125,223.14309692382812,102.39009857177734,105.76351165771484,152.50502014160156
2025-02-19,243.58294677734375,188.03506469726562,127.97505950927734,378.5613708496094,456.989990234375,301.62860107421875,171.90652465820312,114.69000244140625,283.1803894042969,178.6592559814453,226.6300048828125,69.0360107421875,186.14999389648438,44.484580993652344,201.94674682617188,955.7903442382812,51.223785400390625,105.66999816894531,159.87513732910156,81.42801666259766,346.9035339355469,263.10906982421875,274.0400085449219,287.97906494140625,32.02297592163086,95.56230926513672,243.11257934570312,1053.5423583984375,62.72611618041992,63.01336669921875,149.09347534179688,499.63671875,202.84622192382812,109.29456329345703,127.77379608154297,303.7064514160156,208.74261474609375,103.4510726928711,184.3073272705078,648.5009765625,380.3957824707031,201.81069946289062,256.0244140625,573.9418334960938,608.47998046875,254.47378540039062,152.7317657470703,271.02490234375,76.62091827392578,67.16351318359375,452.9721984863281,859.1984252929688,415.6274108886719,239.1734161376953,86.69947052001953,563.3224487304688,291.44219970703125,59.02341079711914,700.30859375,48.23114776611328,81.3072738647461,136.28079223632812,409.9072570800781,103.95943450927734,66.03372192382812,104.33300018310547,73.86216735839844,197.42799377441406,139.02236938476562,178.45281982421875,205.19000244140625,137.51873779296875,23.337675094604492,159.6403350830078,112.05999755859375,142.2286834716797,169.66363525390625,680.0431518554688,108.83161926269531,80.72357940673828,347.073974609375,40.71542739868164,500.9800109863281,83.04444122314453,507.3028869628906,382.8988037109375,24.54989242553711,121.53462982177734,527.9376220703125,360.55999755859375,189.3483428955078,492.0990905761719,238.806884765625,351.86175537109375,38.08638381958008,78.19579315185547,223.30921936035156,102.6071548461914,105.91715240478516,152.6609344482422
2025-02-20,244.5379180908203,191.3984375,128.98236083984375,373.34210205078125,454.69000244140625,300.42486572265625,174.23281860351562,114.16999816894531,286.7024841308594,182.27867126464844,222.8800048828125,68.60089874267578,180.8800048828125,43.798118591308594,198.29672241210938,958.736083984375,51.978450775146484,105.36000061035156,157.04844665527344,78.90583038330078,343.12005615234375,264.1459655761719,270.2300109863281,290.3528137207031,31.96152687072754,97.89449310302734,241.17105102539062,1026.06689453125,62.561668395996094,61.770179748535156,150.57273864746094,486.4117126464844,205.7853240966797,108.50933837890625,128.85653686523438,303.1077575683594,206.99732971191406,105.73823547363281,183.60101318359375,623.372314453125,379.63580322265625,202.32766723632812,256.4312438964844,570.8759765625,606.5700073242188,255.86134338378906,154.46327209472656,258.9415588378906,76.90574645996094,67.13477325439453,452.8055419921875,865.2134399414062,418.8337707519531,238.92132568359375,88.04456329345703,558.1499633789062,292.5135803222656,59.25213623046875,691.4224243164062,49.12633514404297,83.28297424316406,130.12979125976562,412.07598876953125,102.7839584350586,67.06639862060547,102.4540023803711,74.29507446289062,193.5959930419922,139.90106201171875,173.02609252929688,198.80999755859375,140.62167358398438,23.34668731689453,160.33070373535156,106.2699966430664,143.9092254638672,168.1918182373047,691.2055053710938,109.65398406982422,80.54639434814453,345.2688293457031,41.12084197998047,493.9700012207031,84.33120727539062,500.5070495605469,380.8193359375,24.465688705444336,121.10135650634766,534.8693237304688,354.3999938964844,196.717041015625,483.798583984375,239.377197265625,347.1666564941406,38.52155303955078,76.52190399169922,223.8955078125,95.90809631347656,107.54960632324219,153.42112731933594
2025-02-21,244.2593994140625,192.54180908203125,130.6773223876953,353.37701416015625,444.32000732421875,299.25970458984375,170.24346923828125,110.83999633789062,291.5910339355469,181.4922637939453,216.5800018310547,66.83074188232422,177.14999389648438,43.32436752319336,197.2064971923828,944.0455932617188,52.01571273803711,104.48999786376953,151.7592315673828,77.26640319824219,334.16741943359375,263.9089660644531,258.3399963378906,290.478759765625,31.812297821044922,93.99790954589844,239.16009521484375,1026.265380859375,61.894161224365234,60.2422981262207,148.79953002929688,480.71160888671875,208.0415802001953,106.65422821044922,126.3966064453125,291.8695373535156,198.16171264648438,105.6613540649414,178.72647094726562,607.2022705078125,370.6509094238281,202.8924560546875,253.27357482910156,557.4586791992188,591.7899780273438,254.64723205566406,156.99769592285156,256.45703125,74.59846496582031,68.39042663574219,448.98236083984375,865.7684326171875,423.0865173339844,231.89193725585938,85.07743072509766,552.4324340820312,294.21240234375,61.63480758666992,680.1879272460938,49.777366638183594,85.01170349121094,127.56283569335938,404.23309326171875,98.46061706542969,68.44329071044922,100.31500244140625,73.59280395507812,187.6820068359375,134.22950744628906,164.97447204589844,191.02999877929688,144.77145385742188,23.707256317138672,163.2264404296875,101.3499984741211,146.59617614746094,160.18405151367188,695.4857177734375,108.11567687988281,79.1781997680664,339.8927917480469,40.29071044921875,474.8399963378906,84.8881607055664,498.6094665527344,377.24188232421875,24.90541648864746,119.25992584228516,529.6183471679688,337.79998779296875,194.82664489746094,449.13287353515625,237.34732055664062,345.22528076171875,38.766334533691406,75.42221069335938,222.8303680419922,93.51063537597656,106.29166412353516,156.38392639160156
2025-02-24,245.80125427246094,194.44740295410156,130.7063751220703,353.0374450683594,444.4200134277344,300.6463623046875,166.86793518066406,108.11000061035156,298.04815673828125,181.9186553955078,212.7100067138672,66.3857192993164,179.91000366210938,42.985965728759766,199.51577758789062,923.2890625,53.925655364990234,104.38999938964844,150.50399780273438,76.18962097167969,333.0667419433594,270.0216064453125,252.9499969482422,291.6510925292969,31.864967346191406,94.84249114990234,241.94371032714844,1026.830322265625,61.17829132080078,59.805763244628906,149.7193145751953,475.3843078613281,208.94210815429688,109.14733123779297,126.91899871826172,284.4886169433594,197.05105590820312,106.69923400878906,178.31861877441406,607.7264404296875,367.88043212890625,200.9491424560547,253.65130615234375,559.20361328125,591.010009765625,252.06491088867188,158.39064025878906,253.64242553710938,73.10867309570312,67.66194915771484,449.5019226074219,873.41845703125,422.654541015625,229.8655548095703,82.42679595947266,553.9089965820312,296.87640380859375,62.292423248291016,664.8438720703125,49.95820999145508,86.69293212890625,125.8967514038086,400.06414794921875,95.04378509521484,67.69747924804688,98.84700012207031,77.22915649414062,185.51600646972656,130.08570861816406,167.08816528320312,190.38999938964844,145.1015625,24.022748947143555,163.52366638183594,90.68000030517578,148.3811798095703,155.9913787841797,708.3163452148438,109.50885772705078,78.86321258544922,339.2023620605469,40.08799743652344,470.0799865722656,85.35869598388672,498.441162109375,382.3075256347656,25.017690658569336,119.61442565917969,532.6017456054688,330.5299987792969,193.61138916015625,444.4143981933594,234.23492431640625,346.54266357421875,39.27403259277344,75.14971160888672,224.4427490234375,92.41548919677734,106.8486099243164,161.1107177734375
2025-02-25,245.74156188964844,194.50454711914062,131.5490264892578,352.10614013671875,443.4100036621094,301.7730712890625,163.8685302734375,103.95999908447266,303.7354736328125,193.0516815185547,212.8000030517578,64.28923797607422,178.27000427246094,42.48320007324219,198.9131317138672,928.337646484375,54.23310852050781,100.72000122070312,150.6573028564453,75.80159759521484,336.4472961425781,273.9814758300781,248.89999389648438,304.1302185058594,31.469947814941406,93.17253112792969,248.17454528808594,1046.720703125,62.17470169067383,60.413116455078125,148.3253936767578,478.3668212890625,208.21974182128906,108.48970031738281,124.72500610351562,282.2311096191406,197.6063690185547,107.17973327636719,174.50848388671875,596.8267211914062,378.3371887207031,202.94989013671875,249.66061401367188,547.7581176757812,573.739990234375,254.8881378173828,160.66387939453125,249.81846618652344,71.85974884033203,68.52462768554688,458.2854919433594,893.6337280273438,430.516845703125,235.0139617919922,79.41023254394531,558.8931274414062,299.9169006347656,62.78801727294922,654.26611328125,50.636375427246094,86.84491729736328,125.53834533691406,394.0235290527344,92.86219024658203,68.15644836425781,97.7239990234375,78.61443328857422,184.45799255371094,126.441162109375,165.69215393066406,188.00999450683594,147.5254364013672,24.103878021240234,165.546875,87.83999633789062,149.46356201171875,156.1075897216797,718.465576171875,110.86331939697266,77.76078796386719,348.2380065917969,39.58605194091797,457.95001220703125,86.28056335449219,498.5907897949219,384.653076171875,24.933483123779297,120.82563781738281,536.5797729492188,302.79998779296875,192.8783721923828,452.94610595703125,237.6759796142578,348.7514953613281,39.62761306762695,73.96241760253906,225.4883575439453,96.38166046142578,105.36980438232422,164.2489013671875
2025-02-26,239.09666442871094,193.4279022216797,131.68463134765625,347.6435546875,441.5,299.8567810058594,166.8085174560547,104.73999786376953,294.83404541015625,190.19024658203125,214.35000610351562,65.49571228027344,173.0399932861328,42.48320007324219,198.94161987304688,924.2290649414062,53.45981979370117,101.55999755859375,152.79408264160156,76.7037582397461,336.66351318359375,270.2388610839844,253.94000244140625,295.8366394042969,30.811580657958984,92.26075744628906,248.29342651367188,1023.2310791015625,61.990901947021484,60.6029167175293,147.11163330078125,469.4683837890625,207.2598114013672,109.76571655273438,123.31932830810547,291.8498840332031,199.9268341064453,106.1514663696289,171.8324737548828,599.6026000976562,375.63397216796875,202.30850219726562,247.81056213378906,616.648193359375,580.9299926757812,251.88186645507812,157.75221252441406,251.1675262451172,73.20284271240234,67.86323547363281,452.4624328613281,906.72412109375,423.8353271484375,239.5515594482422,80.4091567993164,556.1582641601562,293.6911315917969,60.47207260131836,670.3864135742188,49.596519470214844,84.89771270751953,126.94290924072266,395.8357238769531,97.3349609375,67.89828491210938,99.00599670410156,78.0853271484375,188.39199829101562,131.084228515625,169.5557403564453,189.5500030517578,142.89463806152344,23.815425872802734,164.25242614746094,89.30999755859375,146.9190216064453,156.9596710205078,702.0499267578125,109.32502746582031,77.46549224853516,354.7089538574219,39.19028854370117,470.4599914550781,85.22425842285156,495.6128234863281,386.0722351074219,24.858638763427734,122.98218536376953,530.3541870117188,290.79998779296875,191.20016479492188,446.40771484375,237.2796630859375,347.3053283691406,39.14710998535156,74.40035247802734,223.475341796875,94.91160583496094,105.11052703857422,160.79884338378906
2025-02-27,236.05274963378906,195.34303283691406,131.59744262695312,346.207763671875,437.19000244140625,299.7796630859375,155.05838012695312,99.51000213623047,294.29510498046875,193.2601318359375,208.74000549316406,64.73423767089844,173.8300018310547,42.6572380065918,194.34124755859375,915.6240844726562,54.78280258178711,100.80000305175781,150.81057739257812,76.5097427368164,334.1280822753906,278.16845703125,248.55999755859375,293.4919738769531,31.066144943237305,93.45086669921875,246.66883850097656,1013.05810546875,61.72970199584961,61.19130325317383,148.5624542236328,471.4599609375,203.56866455078125,109.25530242919922,124.05065155029297,285.0088195800781,199.74832153320312,107.62177276611328,167.62445068359375,590.119873046875,375.43194580078125,203.20838928222656,245.282470703125,591.9135131835938,563.77001953125,251.63131713867188,158.38095092773438,251.4198760986328,69.30144500732422,67.93033599853516,451.21746826171875,896.9631958007812,428.59686279296875,238.0293426513672,75.33538055419922,559.6759033203125,299.1737060546875,60.97719192504883,655.00244140625,49.80449676513672,86.03754425048828,125.18962860107422,388.70587158203125,91.46755981445312,66.3396987915039,96.30699920654297,76.97903442382812,184.19200134277344,119.97083282470703,161.97601318359375,187.5,143.37562561035156,23.526973724365234,164.89488220214844,84.7699966430664,146.2353973388672,149.5425567626953,697.9187622070312,110.76657104492188,77.19972229003906,350.6842956542969,39.48952102661133,454.7099914550781,84.78253173828125,491.97930908203125,383.2732849121094,25.167381286621094,121.60356903076172,520.349609375,281.95001220703125,184.50660705566406,451.1935119628906,236.88339233398438,352.36688232421875,39.228702545166016,74.56580352783203,224.37435913085938,95.49372100830078,105.77310943603516,160.7890625
2025-02-28,240.56887817382812,199.16375732421875,133.670166015625,338.0878601074219,438.55999755859375,303.51611328125,156.4739532470703,99.86000061035156,296.4507141113281,194.823486328125,212.27999877929688,65.86160278320312,174.6300048828125,44.57159423828125,198.20899963378906,947.4954833984375,55.546775817871094,103.79000091552734,154.42300415039062,77.55741882324219,338.0098571777344,281.91107177734375,250.5,299.2374267578125,31.49628257751465,95.15921783447266,251.15626525878906,1039.7303466796875,62.01992416381836,62.3680534362793,150.41152954101562,471.6954650878906,205.59730529785156,111.69934844970703,120.56497192382812,287.89447021484375,205.2519989013672,109.85128784179688,169.39520263671875,606.9846801757812,381.5212707519531,204.8926239013672,244.51727294921875,605.1434326171875,573.1500244140625,254.3582000732422,159.6288299560547,256.8549499511719,70.26093292236328,68.25624084472656,457.8541259765625,912.293212890625,432.3504333496094,241.0737762451172,75.89911651611328,571.061279296875,297.6100158691406,61.2154655456543,664.91357421875,50.5007438659668,87.6238021850586,128.9383544921875,393.1224060058594,93.2706069946289,67.64791870117188,98.05599975585938,76.41146087646484,185.95199584960938,124.73370361328125,163.2540283203125,190.42999267578125,144.74317932128906,23.82444190979004,166.68792724609375,84.91999816894531,147.4317169189453,152.1859893798828,693.9066772460938,112.04364776611328,78.282470703125,357.3525695800781,40.213478088378906,457.2799987792969,86.22293853759766,499.8268737792969,380.6025390625,25.64453125,122.85417175292969,526.048095703125,292.9800109863281,189.0300750732422,457.3562927246094,239.76022338867188,359.27081298828125,39.074581146240234,76.22021484375,227.47206115722656,97.2893295288086,106.90621948242188,162.99168395996094
2025-03-03,236.77890014648438,201.49810791015625,135.8106689453125,334.6827087402344,440.7200012207031,306.8480529785156,150.59390258789062,98.2300033569336,299.0682067871094,198.60397338867188,205.02000427246094,62.74653244018555,170.05999755859375,44.04949188232422,195.44845581054688,936.53564453125,55.779701232910156,104.87000274658203,151.90293884277344,74.86061096191406,326.3055419921875,286.06842041015625,241.74000549316406,301.8145751953125,31.584062576293945,88.90164184570312,252.9789581298828,1037.9852294921875,61.410457611083984,61.58987045288086,145.167724609375,457.01837158203125,203.54885864257812,110.70799255371094,114.48638153076172,273.3092956542969,200.27392578125,111.46577453613281,166.14219665527344,590.3734741210938,374.8740234375,204.05532836914062,242.33790588378906,592.5740966796875,566.97998046875,252.67198181152344,161.81500244140625,252.94363403320312,68.50747680664062,69.3201904296875,453.1486511230469,921.30078125,437.0600891113281,238.6692657470703,74.94963836669922,569.6839599609375,295.40631103515625,62.692718505859375,651.8281860351562,51.82090759277344,88.47865295410156,125.08308410644531,384.7052307128906,90.1924819946289,69.04581451416016,97.37000274658203,75.81200408935547,182.06199645996094,113.88990020751953,159.2823028564453,183.67999267578125,147.119873046875,23.662185668945312,168.3659210205078,83.41999816894531,150.76431274414062,148.74856567382812,680.132568359375,111.65665435791016,76.89459228515625,352.65679931640625,38.437374114990234,443.260009765625,87.24082946777344,495.6783752441406,389.1667785644531,25.93456268310547,121.65280151367188,520.7573852539062,284.6499938964844,187.4868927001953,449.7394714355469,238.90493774414062,358.3892822265625,39.77266311645508,74.96479797363281,228.44924926757812,96.28298950195312,103.47808074951172,166.19808959960938
2025-03-04,234.68997192382812,197.9536895751953,133.25367736816406,335.4490966796875,446.0299987792969,301.84051513671875,151.32644653320312,100.75,300.42510986328125,196.2447052001953,203.8000030517578,62.35096740722656,158.89999389648438,41.255313873291016,193.5615997314453,922.3103637695312,55.37908172607422,103.61000061035156,144.42901611328125,70.18486022949219,321.1069030761719,280.5976867675781,241.2899932861328,299.2470703125,31.16271209716797,86.99173736572266,250.89871215820312,1028.0897216796875,61.197635650634766,60.935062408447266,144.13414001464844,449.7093505859375,203.76657104492188,106.99776458740234,115.9775390625,274.0552673339844,197.1105499267578,110.26451873779297,170.03189086914062,566.8467407226562,367.1685485839844,200.1863555908203,245.2631072998047,589.5968627929688,557.9600219726562,246.0138397216797,160.01576232910156,242.8790740966797,69.28557586669922,67.27854919433594,452.266357421875,902.809814453125,434.0428161621094,232.55125427246094,75.60240936279297,550.0147094726562,296.843017578125,62.22571563720703,636.852294921875,50.90764617919922,87.91825103759766,117.90531921386719,384.82403564453125,90.8499526977539,68.3034896850586,97.25800323486328,74.75811004638672,181.21800231933594,115.81702423095703,154.8092041015625,184.3800048828125,145.4222412109375,23.211475372314453,166.05506896972656,84.4000015258789,146.1689453125,149.56195068359375,670.8175048828125,108.41559600830078,73.97118377685547,351.223388671875,37.72306823730469,445.4700012207031,86.31897735595703,483.97259521484375,384.2785949707031,24.531179428100586,119.88029479980469,513.7263793945312,272.0400085449219,187.9208984375,457.0193176269531,234.7354736328125,348.8902282714844,38.86606216430664,71.33480834960938,224.71636962890625,93.69808959960938,103.2668228149414,165.58409118652344
2025-03-05,234.5009765625,201.55526733398438,133.3795928955078,337.85504150390625,451.239990234375,298.9418640136719,153.75172424316406,101.66999816894531,304.6400146484375,197.73228454589844,208.36000061035156,63.99256134033203,163.16000366210938,40.887916564941406,194.31475830078125,938.1539916992188,55.733116149902344,104.70999908447266,145.68423461914062,70.77660369873047,332.6441345214844,283.42193603515625,244.6999969482422,301.66168212890625,31.215377807617188,85.30256652832031,249.1651611328125,1038.87744140625,61.874813079833984,62.5863151550293,143.00572204589844,458.6568603515625,208.3681640625,107.29222106933594,115.73059844970703,282.4078674316406,200.80941772460938,110.93721771240234,172.12098693847656,578.4832763671875,371.6609802246094,201.7454833984375,243.46148681640625,608.761474609375,568.02001953125,251.53497314453125,159.72555541992188,244.12136840820312,70.9518051147461,67.17311096191406,459.0304870605469,921.30078125,445.26092529296875,235.56661987304688,78.4197769165039,553.21533203125,298.4740295410156,63.18830871582031,653.2410888671875,50.59117126464844,88.51665496826172,119.87168884277344,397.1131591796875,93.9778823852539,67.94678497314453,99.09200286865234,75.23188018798828,183.1580047607422,117.12507629394531,158.830078125,184.27999877929688,145.12985229492188,23.38274574279785,167.42625427246094,90.12999725341797,145.39987182617188,153.46414184570312,682.3968505859375,108.05763244628906,75.53623962402344,358.1829833984375,38.060916900634766,447.9599914550781,85.12823486328125,489.6756591796875,389.965087890625,24.493757247924805,121.16044616699219,521.3043823242188,279.1000061035156,188.625,458.3385314941406,236.76673889160156,349.3359069824219,38.83885955810547,72.1717529296875,225.13656616210938,94.69457244873047,101.2502670288086,162.75778198242188
2025-03-06,234.09312438964844,200.80255126953125,130.83230590820312,331.6268310546875,444.7799987792969,291.2668151855469,150.0098419189453,98.8499984741211,305.8429260253906,196.06468200683594,200.6999969482422,61.06538009643555,158.42999267578125,40.085426330566406,185.5625457763672,929.9173583984375,56.06852340698242,100.80000305175781,139.5421905517578,68.46783447265625,335.12060546875,282.7109375,243.16000366210938,307.3088073730469,31.838632583618164,85.03384399414062,251.38409423828125,1017.9265747070312,61.34274673461914,61.92202377319336,145.03497314453125,473.7066650390625,212.5738983154297,103.48384857177734,116.05352783203125,272.4161682128906,194.4132537841797,111.51380920410156,171.45448303222656,553.7079467773438,367.2166748046875,203.32386779785156,240.88497924804688,597.7791748046875,538.5700073242188,255.44699096679688,160.412353515625,239.27835083007812,68.60462188720703,67.53734588623047,456.9816589355469,904.4944458007812,446.30535888671875,236.09019470214844,75.8603515625,544.8125610351562,301.3087463378906,63.626712799072266,624.841552734375,51.54963684082031,89.2860336303711,115.62895965576172,393.0234069824219,88.9273452758789,67.49369049072266,90.63600158691406,75.13520050048828,173.41799926757812,110.40511322021484,148.38954162597656,179.3300018310547,145.818359375,23.65317153930664,167.47418212890625,80.45999908447266,145.78916931152344,151.90650939941406,693.6087646484375,102.03993225097656,74.37474060058594,355.96856689453125,38.379451751708984,445.7300109863281,85.1954574584961,481.53778076171875,376.7786865234375,25.008331298828125,118.80694580078125,524.7352905273438,263.45001220703125,182.61619567871094,469.6434326171875,238.380126953125,340.8966979980469,40.09904479980469,70.70223236083984,220.80758666992188,93.37251281738281,103.3436508178711,163.0014190673828
2025-03-07,237.81344604492188,204.17547607421875,132.82752990722656,331.9566650390625,449.3999938964844,295.1091613769531,154.10806274414062,100.30999755859375,312.61761474609375,201.1432647705078,199.25,62.2322998046875,154.17999267578125,40.2800178527832,185.0481719970703,922.6000366210938,56.916351318359375,99.12999725341797,139.08226013183594,68.3514175415039,344.25018310546875,283.0072021484375,243.2100067138672,312.5566711425781,32.99736404418945,86.98214721679688,252.18646240234375,956.1441040039062,61.85546112060547,62.94694137573242,148.24952697753906,490.16925048828125,209.86245727539062,103.5623779296875,118.96934509277344,279.7087097167969,192.23162841796875,112.83037567138672,172.9566192626953,545.90478515625,362.47406005859375,206.46142578125,253.3317108154297,600.9734497070312,518.260009765625,264.4754943847656,161.24427795410156,235.143798828125,70.50376892089844,68.46710968017578,459.5402526855469,861.70556640625,458.0552673339844,235.2757568359375,78.38008880615234,541.7903442382812,311.90997314453125,64.56072235107422,622.5827026367188,52.25493621826172,89.9034423828125,115.55146026611328,389.478271484375,92.60318756103516,70.21231842041016,89.11100006103516,75.98603820800781,170.12600708007812,112.52194213867188,152.53822326660156,180.92999267578125,146.9458465576172,24.094865798950195,168.71112060546875,84.91000366210938,143.320556640625,156.94932556152344,702.6160278320312,103.01707458496094,73.4593276977539,359.4681091308594,39.93355178833008,450.8800048828125,87.76898193359375,465.4212951660156,373.81219482421875,25.373212814331055,117.44802856445312,528.7828979492188,262.6700134277344,183.7543182373047,475.18994140625,242.30662536621094,342.0456848144531,41.75812911987305,69.1451416015625,224.3157196044922,90.49162292480469,104.6880111694336,166.04217529296875
2025-03-10,226.28436279296875,206.43362426757812,133.0406036376953,325.2821960449219,435.0799865722656,291.7772216796875,148.47552490234375,96.62999725341797,315.0234069824219,201.88230895996094,194.5399932861328,61.10493850708008,148.14999389648438,38.75249481201172,176.24395751953125,891.7532958984375,58.798343658447266,94.12999725341797,133.54388427734375,65.39269256591797,339.2480773925781,289.29754638671875,233.9600067138672,318.0674743652344,31.69818115234375,89.16077423095703,259.10089111328125,926.4973754882812,60.03675842285156,61.90304183959961,149.4158935546875,479.5343017578125,203.09365844726562,101.17723083496094,119.56770324707031,273.4730224609375,190.87051391601562,112.63817596435547,165.19815063476562,518.5836791992188,360.4058532714844,205.78770446777344,248.83729553222656,571.5659790039062,482.6099853515625,257.9136657714844,162.22128295898438,225.38011169433594,67.2397232055664,68.48627471923828,452.96240234375,822.2461547851562,463.3935852050781,235.00428771972656,73.22154998779297,532.2281494140625,307.9878845214844,64.95148468017578,595.0487670898438,53.340003967285156,90.454345703125,108.18964385986328,376.4563903808594,86.74575805664062,73.42263793945312,86.66799926757812,73.86859130859375,156.76600646972656,106.8204574584961,146.27584838867188,173.8300018310547,148.6680145263672,24.013736724853516,169.00836181640625,76.37999725341797,142.978759765625,150.8745880126953,739.6778564453125,97.841064453125,70.12250518798828,353.6947937011719,39.7115364074707,429.8500061035156,89.26699829101562,457.3583679199219,364.76507568359375,25.522907257080078,115.81338500976562,523.9000854492188,222.14999389648438,179.867431640625,464.3976135253906,241.3152618408203,338.2421569824219,42.14796447753906,64.98960876464844,222.57630920410156,86.64385223388672,107.35755920410156,167.43585205078125
2025-03-11,219.67926025390625,203.50852966308594,128.4884033203125,317.9966125488281,433.6600036621094,281.6176452636719,145.5058135986328,96.76000213623047,306.87261962890625,198.7650604248047,196.58999633789062,60.95660400390625,154.05999755859375,38.53844451904297,172.37857055664062,886.9888305664062,57.30765914916992,95.5199966430664,132.36532592773438,65.4800033569336,333.9020080566406,287.0658264160156,234.25,309.48974609375,31.55772590637207,91.56975555419922,258.2192077636719,922.6105346679688,58.69207000732422,61.66579818725586,146.10650634765625,466.5055236816406,203.46969604492188,96.09284973144531,118.2380142211914,278.10296630859375,190.47312927246094,109.96661376953125,163.3755645751953,518.3593139648438,354.1625671386719,200.75418090820312,241.13681030273438,578.3978271484375,493.7200012207031,245.5320587158203,160.44137573242188,222.39083862304688,65.83815002441406,68.09329223632812,445.1297302246094,816.5977172851562,453.44232177734375,225.58973693847656,72.77513122558594,521.0112915039062,297.8041687011719,64.66556549072266,602.7308349609375,52.5804557800293,89.97943878173828,108.52867889404297,376.7435607910156,88.70820617675781,71.36919403076172,89.51000213623047,71.71248626708984,161.67999267578125,108.59781646728516,141.74375915527344,178.92999267578125,144.938232421875,23.42781639099121,165.99755859375,78.05000305175781,144.41244506835938,149.04441833496094,713.1923217773438,96.34147644042969,71.33322143554688,348.9891052246094,38.68834686279297,430.67999267578125,86.5206298828125,449.50146484375,360.0049133300781,24.334707260131836,114.34615325927734,511.36944580078125,230.5800018310547,171.04232788085938,470.0258483886719,231.10049438476562,328.9906921386719,39.3737678527832,65.47620391845703,219.0974884033203,86.26893615722656,104.82245635986328,160.21408081054688
2025-03-12,215.8395538330078,202.0507354736328,126.18321990966797,314.63995361328125,438.6000061035156,283.29327392578125,147.554931640625,100.79000091552734,300.723388671875,195.83731079101562,198.88999938964844,62.13340759277344,158.8000030517578,38.8303337097168,174.2439422607422,886.6868286132812,55.72380828857422,96.41999816894531,134.66497802734375,65.91653442382812,332.2904052734375,280.4298400878906,239.22000122070312,302.84954833984375,30.890583038330078,93.81555938720703,251.61195373535156,919.2294921875,58.48891830444336,61.53293228149414,144.76943969726562,462.4536437988281,202.8264617919922,96.93696594238281,118.029052734375,287.6880187988281,193.73179626464844,109.54377746582031,166.43313598632812,522.5341796875,350.86297607421875,198.5983123779297,241.79547119140625,582.7650756835938,497.29998779296875,242.14036560058594,157.5297088623047,221.18736267089844,67.44093322753906,67.0389175415039,442.2867736816406,814.4176025390625,446.30535888671875,221.38182067871094,75.97938537597656,519.8618774414062,290.6590270996094,61.930267333984375,616.5126342773438,52.27301788330078,88.66863250732422,110.42725372314453,379.53607177734375,95.27288818359375,70.29908752441406,91.96800231933594,71.14203643798828,168.6280059814453,115.57803344726562,148.3403778076172,179.47999572753906,140.98008728027344,23.175416946411133,161.44296264648438,83.6500015258789,143.671875,148.75234985351562,684.7305908203125,95.48042297363281,73.0557632446289,345.8355712890625,38.65938186645508,432.4599914550781,85.15704345703125,447.8719482421875,358.5758972167969,24.063385009765625,113.57806396484375,509.8279113769531,248.08999633789062,169.46060180664062,465.2582702636719,230.81866455078125,329.68402099609375,38.61220932006836,67.08197021484375,217.7782745361328,84.05892944335938,104.79364013671875,157.57290649414062
2025-03-13,208.57791137695312,201.5648193359375,125.80549621582031,307.5968933105469,377.8399963378906,279.797607421875,148.43592834472656,98.11000061035156,300.8581237792969,196.86061096191406,193.88999938964844,60.936824798583984,159.32000732421875,38.59681701660156,170.0815887451172,877.3333740234375,56.161685943603516,95.37000274658203,130.82261657714844,65.21807861328125,327.5535583496094,284.94268798828125,241.55999755859375,303.7647399902344,30.460451126098633,92.318359375,253.60304260253906,883.0781860351562,57.724666595458984,62.39652633666992,145.66082763671875,458.25457763671875,201.9654998779297,95.08186340332031,115.00875854492188,279.4722900390625,191.1685791015625,108.92874145507812,162.10076904296875,511.9021911621094,336.1674499511719,198.92556762695312,238.08567810058594,573.084228515625,476.7799987792969,241.2442626953125,157.66514587402344,218.55718994140625,67.55096435546875,66.73218536376953,445.81793212890625,794.390625,452.5236511230469,215.8843536376953,74.65998077392578,515.095703125,288.8145446777344,61.65386962890625,587.7349853515625,52.942142486572266,89.9604263305664,108.17996215820312,375.07989501953125,94.51582336425781,70.11592102050781,89.01699829101562,70.23318481445312,162.32400512695312,115.41825103759766,145.1649627685547,176.32000732421875,141.14181518554688,23.076263427734375,161.65390014648438,79.62000274658203,142.88381958007812,147.91514587402344,675.9019775390625,92.9166030883789,72.35689544677734,338.1938781738281,38.54355239868164,428.5799865722656,86.06929016113281,449.36102294921875,358.3984680175781,24.409555435180664,111.08671569824219,506.0985107421875,240.67999267578125,167.43516540527344,465.6547546386719,227.7085418701172,325.4346618652344,39.62761306762695,66.62456512451172,218.11048889160156,83.3683090209961,104.35192108154297,155.9940643310547
2025-03-14,212.36790466308594,201.77442932128906,122.72549438476562,309.29461669921875,394.739990234375,282.4599609375,154.08827209472656,100.97000122070312,301.8877868652344,199.85464477539062,197.9499969482422,62.30152130126953,161.80999755859375,39.7838134765625,176.8161163330078,904.8480834960938,54.978458404541016,97.16000366210938,135.0003662109375,66.72169494628906,333.7743225097656,291.2033996582031,247.42999267578125,304.6507263183594,31.10126304626465,94.9672622680664,255.6436767578125,896.2655639648438,58.52761459350586,62.3300895690918,148.8943634033203,468.4677429199219,208.54627990722656,96.81918334960938,117.69662475585938,289.2345886230469,195.8280792236328,107.8448715209961,164.8197021484375,528.0938110351562,340.0978698730469,201.6011199951172,240.55564880371094,590.3165283203125,484.44000244140625,245.18519592285156,157.4910125732422,225.59365844726562,70.67327880859375,66.78047180175781,448.02105712890625,806.1134643554688,450.8215637207031,217.6101837158203,78.06263732910156,522.8345336914062,291.07647705078125,61.29169845581055,605.1494750976562,53.26765823364258,89.82744598388672,111.72525024414062,384.7745666503906,100.40313720703125,70.90644836425781,91.80000305175781,69.28565216064453,168.86599731445312,121.49972534179688,146.7477569580078,182.33999633789062,141.3797149658203,23.184432983398438,161.05941772460938,86.23999786376953,144.2035675048828,152.43223571777344,662.2571411132812,94.91928100585938,75.90043640136719,337.8774719238281,39.67292404174805,446.2300109863281,86.78949737548828,455.5790710449219,364.1835632324219,24.86799430847168,111.52983093261719,519.6151123046875,249.97999572753906,170.15504455566406,472.5498352050781,230.8575439453125,328.6539001464844,39.50068664550781,68.95049285888672,220.5478515625,84.20692443847656,107.45358276367188,157.16357421875
2025-03-17,212.87521362304688,204.3469696044922,123.62625122070312,315.9787292480469,399.3399963378906,287.1262512207031,153.8903045654297,104.58999633789062,305.2174072265625,201.5222625732422,195.74000549316406,63.15198516845703,161.85000610351562,40.31893539428711,180.69297790527344,933.3955078125,55.89149856567383,98.9000015258789,141.602294921875,67.84698486328125,336.72247314453125,294.61114501953125,255.11000061035156,308.44793701171875,31.382164001464844,95.36076354980469,258.5064697265625,908.8480834960938,58.9048957824707,63.25061798095703,150.5063934326172,473.2259521484375,210.38693237304688,97.52589416503906,117.37371063232422,292.8006591796875,200.71609497070312,108.63841247558594,163.6245574951172,537.7796630859375,342.8279113769531,202.5154571533203,245.0306396484375,593.57958984375,488.79998779296875,246.79432678222656,157.52003479003906,227.03976440429688,71.19762420654297,67.70744323730469,452.7521057128906,817.2913208007812,452.2141418457031,218.977294921875,77.6856689453125,527.1448974609375,295.0956115722656,62.03509521484375,602.4603881835938,53.25862121582031,90.81424713134766,114.26314544677734,384.9131774902344,102.71421813964844,69.51820373535156,95.00199890136719,71.258056640625,168.58599853515625,119.36272430419922,151.40765380859375,185.0,143.99627685546875,23.481901168823242,162.77577209472656,87.3499984741211,147.83999633789062,153.7659149169922,673.7271728515625,95.85774230957031,76.5500717163086,338.3421325683594,39.9914665222168,453.510009765625,86.94315338134766,462.8647766113281,368.0862731933594,25.101890563964844,112.77059173583984,517.146728515625,238.00999450683594,173.5982666015625,482.5781555175781,231.17825317382812,331.3778076171875,39.57321548461914,68.94075775146484,223.8140106201172,86.28865814208984,109.23966979980469,160.97427368164062
2025-03-18,211.5720977783203,203.75625610351562,122.32839965820312,314.3877258300781,391.3699951171875,286.49700927734375,151.95997619628906,103.51000213623047,306.64166259765625,203.58779907226562,192.82000732421875,63.3056640625,161.57000732421875,40.523258209228516,177.0548858642578,933.9996337890625,55.80765151977539,99.22000122070312,140.07879638671875,68.11860656738281,330.8948974609375,292.8874816894531,253.8800048828125,313.92950439453125,31.61040496826172,96.48365783691406,261.6565856933594,890.4452514648438,58.334129333496094,64.12369537353516,152.48822021484375,472.0682678222656,210.56504821777344,97.51607513427734,116.41443634033203,286.3088684082031,199.48414611816406,106.67391204833984,160.0192108154297,538.2088623046875,338.4134521484375,201.86097717285156,239.19956970214844,590.5432739257812,483.95001220703125,245.35862731933594,158.8839569091797,228.0491180419922,70.37590789794922,66.9928970336914,453.1455078125,815.0617065429688,453.82916259765625,216.16554260253906,76.74324035644531,525.361328125,294.7364501953125,61.615753173828125,580.01123046875,52.752254486083984,90.74717712402344,114.408447265625,379.7836608886719,101.3295669555664,68.15887451171875,92.99800109863281,70.88097381591797,166.0,115.26846313476562,146.92471313476562,183.10000610351562,141.76031494140625,23.716272354125977,160.81015014648438,83.88999938964844,146.06448364257812,152.14988708496094,660.3604125976562,95.08375549316406,76.34336853027344,331.6988525390625,39.701881408691406,447.989990234375,86.64546966552734,459.2313232421875,370.4712829589844,24.896060943603516,113.49928283691406,519.0677490234375,225.30999755859375,173.0774383544922,487.20068359375,230.4298858642578,331.595703125,40.09904479980469,69.20352935791016,221.53848266601562,84.44371032714844,109.12442779541016,160.2530517578125
2025-03-19,214.10870361328125,202.2317657470703,123.41316223144531,314.7757568359375,387.8900146484375,289.2658386230469,152.90040588378906,106.2300033569336,303.8509521484375,202.53607177734375,195.5399932861328,66.83531188964844,172.6199951171875,41.0681037902832,181.8214569091797,932.6453247070312,55.97535705566406,100.7300033569336,143.4612274169922,69.3021011352539,332.77191162109375,293.4719543457031,258.70001220703125,312.3717041015625,31.68062400817871,97.25146484375,263.3109436035156,896.3944702148438,59.12739944458008,64.44635772705078,155.56056213378906,470.3415222167969,208.07125854492188,98.43872833251953,118.66541290283203,290.17047119140625,204.23306274414062,104.04165649414062,163.2261962890625,543.632080078125,342.14056396484375,200.81190490722656,244.37197875976562,594.5654907226562,492.05999755859375,246.90028381347656,157.66514587402344,232.06719970703125,71.3284683227539,66.89634704589844,452.2012939453125,829.430419921875,455.057373046875,218.6476287841797,77.30870819091797,531.2075805664062,297.9595031738281,60.996253967285156,581.7044067382812,52.39960861206055,90.0765380859375,116.09391784667969,384.0417785644531,101.66825103759766,67.96607208251953,95.9489974975586,70.57157897949219,168.82400512695312,117.35552978515625,149.87400817871094,187.5399932861328,140.92300415039062,23.626127243041992,161.63475036621094,86.0999984741211,146.4917449951172,154.06768798828125,667.7091674804688,95.96416473388672,77.49502563476562,331.0958557128906,39.653621673583984,450.2799987792969,86.04048919677734,463.7544250488281,372.58026123046875,25.11124610900879,116.05956268310547,515.9921264648438,235.86000061035156,175.28611755371094,486.6204528808594,229.7495574951172,336.6473693847656,39.83613204956055,70.80928039550781,222.99993896484375,85.1738052368164,110.82410430908203,159.59033203125
2025-03-20,212.97471618652344,201.95545959472656,122.79329681396484,291.9197082519531,389.6099853515625,288.0266418457031,152.82122802734375,107.13999938964844,303.1676940917969,203.01930236816406,194.9499969482422,65.79426574707031,172.8300018310547,41.33080291748047,181.70823669433594,929.6639404296875,56.29212188720703,101.51000213623047,142.5317840576172,69.67072296142578,330.44281005859375,291.3619384765625,258.5,312.9169616699219,32.04053497314453,98.19202423095703,265.3218078613281,887.8176879882812,58.643699645996094,65.13912200927734,156.24330139160156,467.99676513671875,208.06138610839844,97.03512573242188,118.05754852294922,291.1259460449219,202.60372924804688,102.45457458496094,162.14059448242188,548.8406372070312,344.17352294921875,202.96778869628906,235.68350219726562,591.9135131835938,491.80999755859375,244.12527465820312,157.6941680908203,231.9701385498047,71.0162353515625,67.3115463256836,450.2341613769531,834.9401245117188,451.3727722167969,219.3748016357422,76.93172454833984,531.494873046875,298.0371398925781,60.9485969543457,583.6365356445312,52.52619934082031,90.75676727294922,116.69448852539062,383.0713195800781,102.6046371459961,68.59270477294922,95.08399963378906,69.4790267944336,164.82400512695312,118.3641128540039,150.13946533203125,184.00999450683594,140.00958251953125,23.60810089111328,160.65670776367188,87.38999938964844,146.0415802001953,153.7659149169922,658.0364990234375,96.05122375488281,77.3375244140625,332.193115234375,39.846675872802734,449.989990234375,86.39579010009766,465.60858154296875,368.80572509765625,25.064468383789062,114.47416687011719,516.2210693359375,236.25999450683594,174.26373291015625,494.4535827636719,228.1945037841797,336.2808837890625,39.66387176513672,70.57571411132812,222.5487518310547,84.66075897216797,111.29462432861328,159.0153350830078
2025-03-21,217.12277221679688,200.09747314453125,122.36713409423828,296.19793701171875,387.260009765625,285.90643310546875,150.58401489257812,106.44000244140625,304.1300048828125,204.87637329101562,196.2100067138672,66.0322265625,178.11000061035156,41.321075439453125,182.82603454589844,927.2864990234375,56.89772033691406,100.69000244140625,142.09100341796875,69.82594299316406,329.9809265136719,288.6971435546875,262.4200134277344,308.3018798828125,32.25999450683594,97.81771850585938,264.9156494140625,901.5603637695312,58.334129333496094,63.630210876464844,156.2243194580078,463.4935607910156,209.1598358154297,97.6240463256836,118.88385009765625,291.037353515625,202.80242919921875,103.62552642822266,163.32579040527344,551.240234375,339.9429931640625,202.22669982910156,236.21621704101562,595.4822387695312,492.489990234375,242.17889404296875,158.28424072265625,234.5129852294922,70.02799987792969,66.30732727050781,450.8045959472656,829.9853515625,425.2231140136719,220.16017150878906,75.2353515625,530.8112182617188,296.5226745605469,61.48231887817383,593.8452758789062,52.083126068115234,89.2047119140625,116.37482452392578,387.4482421875,94.35643768310547,68.33240509033203,96.02899932861328,65.68891143798828,165.5500030517578,117.5352783203125,149.65774536132812,182.32000732421875,138.39207458496094,23.689228057861328,159.8320770263672,90.95999908447266,145.0933074951172,152.66586303710938,653.9251098632812,93.91310119628906,77.16035461425781,330.59161376953125,39.566749572753906,448.6000061035156,85.81002807617188,466.2453918457031,365.74072265625,25.279653549194336,114.34615325927734,515.3053588867188,248.7100067138672,172.6433868408203,499.82073974609375,227.31007385253906,332.477294921875,39.8814582824707,70.57571411132812,220.59689331054688,85.06143951416016,110.91053009033203,158.88861083984375
2025-03-24,219.56983947753906,199.2971649169922,123.20977783203125,298.00238037109375,394.4700012207031,289.3626708984375,153.38543701171875,113.8499984741211,302.5325622558594,201.62648010253906,203.25999450683594,68.70921325683594,180.89999389648438,41.904842376708984,186.4871063232422,938.75439453125,56.87908172607422,102.66999816894531,145.72256469726562,71.82428741455078,335.76922607421875,288.7070617675781,267.1499938964844,311.9530334472656,32.12831497192383,98.07685089111328,264.9850158691406,918.1982421875,58.9822883605957,64.12369537353516,156.48036193847656,470.881103515625,210.58485412597656,98.33075714111328,121.82817077636719,298.3270263671875,208.86276245117188,103.29649353027344,167.00083923339844,565.8322143554688,352.1602478027344,203.89170837402344,240.65249633789062,604.4041137695312,508.5799865722656,246.32217407226562,157.955322265625,240.75357055664062,72.13333129882812,66.57768249511719,451.5520935058594,857.06787109375,420.6584777832031,225.80303955078125,77.36820983886719,538.7185668945312,296.7459716796875,61.90166473388672,616.3540649414062,52.12834548950195,88.43826293945312,120.37538146972656,389.2505187988281,96.56790924072266,67.55152893066406,97.1989974975586,65.15713500976562,169.9459991455078,121.24009704589844,152.25311279296875,184.7899932861328,139.3435516357422,23.56302833557129,158.8348846435547,96.75,145.16033935546875,155.83949279785156,656.427734375,92.60700988769531,78.70572662353516,338.7969055175781,40.25209426879883,457.7699890136719,85.34909057617188,471.92034912109375,368.85498046875,25.2235164642334,117.77298736572266,517.4752197265625,278.3900146484375,178.92222595214844,499.48223876953125,228.59298706054688,340.60943603515625,39.49161911010742,72.28852844238281,221.90139770507812,86.55530548095703,111.1986083984375,159.0250701904297
2025-03-25,222.573974609375,191.8367156982422,121.65040588378906,299.67095947265625,403.6400146484375,289.8370361328125,152.0886688232422,114.80999755859375,295.2958984375,198.49977111816406,205.7100067138672,68.8975830078125,182.58999633789062,42.109161376953125,189.18716430664062,948.4779052734375,55.146156311035156,103.08000183105469,144.88897705078125,72.24140930175781,336.70281982421875,288.6674499511719,269.1099853515625,308.4869079589844,32.42677307128906,98.42236328125,265.955810546875,922.3825073242188,59.00164031982422,63.08929443359375,157.35275268554688,469.87060546875,210.18899536132812,99.73436737060547,120.98286437988281,295.52935791015625,210.75038146972656,104.4094009399414,169.8691864013672,571.528564453125,349.4689636230469,204.1515655517578,242.05697631835938,609.9542846679688,519.8099975585938,245.69586181640625,155.75950622558594,243.733154296875,71.55049133300781,66.44251251220703,449.9390869140625,844.6314697265625,427.5151062011719,223.6699981689453,77.05077362060547,540.1949462890625,297.9595031738281,61.65386962890625,623.7839965820312,52.20197677612305,84.18448638916016,121.27625274658203,391.3102722167969,93.8185043334961,66.12471771240234,99.72799682617188,64.33529663085938,172.2760009765625,120.52111053466797,151.32901000976562,189.9499969482422,138.4777069091797,23.03119468688965,156.15008544921875,96.5,145.79254150390625,155.90765380859375,629.7535400390625,92.76180267333984,79.48332977294922,337.2645568847656,40.811954498291016,457.2300109863281,84.24478912353516,480.55450439453125,367.4752502441406,25.550975799560547,118.04871368408203,511.941162109375,288.1400146484375,177.43692016601562,496.51336669921875,229.16639709472656,341.3523254394531,39.428157806396484,72.24960327148438,222.71548461914062,83.8544692993164,111.95720672607422,157.20257568359375
2025-03-26,220.36563110351562,191.79861450195312,122.6286392211914,301.86346435546875,397.80999755859375,292.77044677734375,149.15855407714844,110.19000244140625,294.18927001953125,198.99244689941406,201.1300048828125,67.00386810302734,178.5500030517578,41.66160583496094,188.64273071289062,943.37255859375,55.164791107177734,102.33999633789062,140.52914428710938,71.04822540283203,335.21893310546875,292.5506591796875,263.4100036621094,312.76116943359375,32.80423355102539,99.04619598388672,268.83843994140625,921.8768920898438,59.78523254394531,63.77256774902344,159.27769470214844,474.4718933105469,208.21974182128906,98.919677734375,122.69247436523438,281.2651672363281,206.02133178710938,105.74488067626953,164.3914337158203,559.8043212890625,350.57257080078125,205.11399841308594,242.48316955566406,606.14892578125,509.0299987792969,246.56304931640625,156.4366455078125,243.6361083984375,69.93383026123047,67.61088562011719,453.85369873046875,819.2732543945312,430.5130310058594,224.98861694335938,75.53296661376953,544.0693359375,304.4250183105469,63.216896057128906,608.5158081054688,53.15930938720703,84.41442108154297,118.3702621459961,386.17083740234375,91.77638244628906,67.22374725341797,97.06500244140625,63.561798095703125,167.7100067138672,113.60079956054688,145.30259704589844,184.9600067138672,141.42727661132812,22.72471046447754,159.72662353515625,92.27999877929688,147.82313537597656,154.19427490234375,635.7120971679688,94.78384399414062,78.88290405273438,340.48736572265625,40.94709396362305,449.8999938964844,85.52194213867188,475.53509521484375,362.4490661621094,25.86907386779785,117.8714599609375,511.2742004394531,272.05999755859375,177.93844604492188,501.1262512207031,231.34349060058594,340.91650390625,40.0537109375,71.500244140625,224.539794921875,84.29965209960938,113.57044982910156,158.68397521972656
2025-03-27,222.67344665527344,193.15159606933594,127.21958923339844,299.3120422363281,396.1499938964844,295.69415283203125,146.18882751464844,106.6500015258789,294.2469787597656,202.80136108398438,201.36000061035156,67.58883666992188,179.11000061035156,41.40863800048828,188.1929168701172,943.0802612304688,54.87596893310547,100.80000305175781,138.45944213867188,69.69981384277344,333.44012451171875,295.5621643066406,262.5400085449219,316.1786193847656,32.80423355102539,98.68148803710938,271.3941955566406,930.8005981445312,59.39827346801758,64.1426773071289,158.0260009765625,470.64569091796875,207.92286682128906,98.59577178955078,120.36550903320312,276.723876953125,204.5410614013672,107.57390594482422,161.58287048339844,545.1732177734375,351.1534423828125,206.1245574951172,238.48281860351562,606.5827026367188,507.8999938964844,242.7763214111328,157.8005828857422,240.8118133544922,69.38470458984375,68.30610656738281,457.0995788574219,814.2293090820312,427.7181396484375,225.10498046875,74.21356964111328,552.4920043945312,303.5610046386719,64.33198547363281,600.1497192382812,53.665592193603516,83.92581176757812,115.27055358886719,386.77490234375,90.81009674072266,67.5129623413086,97.6719970703125,63.61981964111328,165.54800415039062,111.27405548095703,143.31671142578125,174.44000244140625,142.4073028564453,22.544429779052734,161.76898193359375,90.08999633789062,148.47447204589844,153.78541564941406,631.431884765625,95.63521575927734,78.35137176513672,341.70330810546875,40.63819885253906,446.2300109863281,86.45340728759766,476.3216857910156,362.2223815917969,26.383651733398438,118.72817993164062,509.29351806640625,273.1300048828125,174.3408966064453,498.7279052734375,229.3413543701172,346.54266357421875,40.760860443115234,70.34215545654297,224.6280975341797,84.71517181396484,113.20555114746094,160.8280792236328
2025-03-28,216.75469970703125,195.60028076171875,126.70626831054688,295.23748779296875,385.7099914550781,291.2408142089844,143.5952911376953,103.22000122070312,295.3825378417969,204.24156188964844,192.72000122070312,66.02230072021484,173.30999755859375,40.13407897949219,183.49838256835938,922.3858032226562,55.91945266723633,99.36000061035156,132.33656311035156,68.22531127929688,323.9961242675781,293.6601867675781,256.69000244140625,316.4707336425781,32.145870208740234,98.2496109008789,272.62249755859375,921.7876586914062,58.875877380371094,63.71562957763672,157.49497985839844,456.50830078125,204.01792907714844,96.25970458984375,120.2325439453125,270.0843200683594,198.580078125,108.18357849121094,153.7049102783203,529.76171875,346.7195739746094,202.4384307861328,236.3421630859375,590.434814453125,491.8399963378906,237.47677612304688,158.3616180419922,235.69703674316406,66.76791381835938,67.94883728027344,451.5717468261719,815.0617065429688,426.95416259765625,221.46908569335938,72.03111267089844,535.6864013671875,298.1245422363281,64.54166412353516,574.4139404296875,53.52751922607422,85.48745727539062,111.715576171875,375.109619140625,88.10053253173828,67.91786193847656,93.38500213623047,61.19297790527344,159.552001953125,109.51651763916016,138.4897003173828,172.75999450683594,142.02671813964844,22.72471046447754,161.116943359375,85.8499984741211,148.6181640625,148.67446899414062,632.9512329101562,94.55164337158203,76.5894546508789,335.8706970214844,40.42584228515625,437.95001220703125,87.50971221923828,470.5811462402344,359.2263488769531,26.364938735961914,116.40422058105469,497.8273010253906,263.54998779296875,170.06822204589844,499.03741455078125,225.628662109375,339.59912109375,40.733665466308594,68.79478454589844,223.54917907714844,84.24029541015625,113.05191802978516,158.96661376953125
2025-03-31,220.96249389648438,199.63063049316406,128.4786834716797,302.7171630859375,383.5299987792969,295.7909851074219,143.65469360351562,102.73999786376953,299.8091735839844,206.17445373535156,190.25999450683594,65.03082275390625,170.5500030517578,40.601097106933594,182.4162139892578,922.1714477539062,56.823184967041016,100.87999725341797,133.936767578125,68.86556243896484,324.1042175292969,299.15814208984375,254.3300018310547,320.3263244628906,32.39166259765625,100.79293823242188,275.4754333496094,937.7711181640625,59.69816207885742,64.29452514648438,158.63287353515625,462.08062744140625,203.17547607421875,96.8780746459961,121.7996826171875,267.7791748046875,198.84832763671875,108.43519592285156,154.01364135742188,532.8538818359375,354.79339599609375,203.7954864501953,240.85592651367188,605.2913208007812,495.2699890136719,240.43359375,160.42202758789062,238.0748748779297,67.38246154785156,69.15583038330078,457.99462890625,818.430908203125,432.0022888183594,226.13270568847656,72.12039947509766,543.1279907226562,303.2503967285156,65.11749267578125,574.0355224609375,55.24886703491211,85.9952163696289,113.0135726928711,371.73284912109375,86.66918182373047,68.34205627441406,93.25299835205078,61.37668228149414,159.22799682617188,108.22832489013672,137.44760131835938,170.63999938964844,142.66419982910156,22.841896057128906,163.40863037109375,84.4000015258789,152.0376434326172,149.5408935546875,629.8428955078125,94.89993286132812,77.05208587646484,345.2029113769531,40.3486213684082,428.8500061035156,88.29712677001953,475.8160095214844,367.711669921875,26.458498001098633,119.93938446044922,495.27923583984375,259.1600036621094,173.3185577392578,506.493408203125,229.60379028320312,347.1369323730469,41.123504638671875,69.86528778076172,227.07032775878906,86.85209655761719,114.20423889160156,160.46746826171875
2025-04-01,222.01690673828125,196.53402709960938,127.54888916015625,304.2111511230469,383.20001220703125,296.7688293457031,144.18923950195312,102.77999877929688,295.35369873046875,207.91783142089844,192.1699981689453,65.50674438476562,168.1699981689453,40.367584228515625,185.5379638671875,919.8331298828125,55.48155975341797,101.23999786376953,136.83050537109375,68.42903137207031,324.86090087890625,298.5736389160156,258.7900085449219,322.2735900878906,32.2336540222168,101.1480484008789,274.8018493652344,946.3181762695312,59.78523254394531,64.51278686523438,159.78973388671875,471.0396728515625,198.60650634765625,95.87691497802734,122.80645751953125,272.5766296386719,202.46463012695312,107.69002532958984,156.43380737304688,534.9607543945312,353.8543701171875,205.43161010742188,242.48316955566406,605.0843505859375,496.3599853515625,241.10250854492188,148.24334716796875,236.48316955566406,67.6461181640625,69.39723205566406,459.4208068847656,797.9381713867188,433.8687438964844,226.88897705078125,72.24935913085938,543.5144653320312,304.4736022949219,64.92555236816406,583.6365356445312,54.11663818359375,83.46595001220703,112.11272430419922,378.4666442871094,88.48455810546875,68.37096405029297,92.83799743652344,62.61427688598633,162.31199645996094,109.99585723876953,139.54161071777344,171.30999755859375,142.4073028564453,22.120763778686523,163.54287719726562,84.68000030517578,151.42462158203125,148.99574279785156,612.7321166992188,95.0353775024414,76.45164489746094,346.567138671875,40.73473358154297,435.94000244140625,88.17229461669922,478.3257141113281,368.74884033203125,26.645614624023438,120.84532928466797,480.7174377441406,268.4599914550781,171.66928100585938,505.8841552734375,230.5076446533203,343.06597900390625,41.14163589477539,69.39815521240234,229.30661010742188,87.88098907470703,114.30986785888672,157.7970733642578
2025-04-02,222.71322631835938,195.5050048828125,127.78135681152344,306.87896728515625,385.7799987792969,297.4367980957031,146.2581329345703,102.95999908447266,294.1796569824219,206.4586944580078,196.00999450683594,67.32113647460938,168.55999755859375,40.71784591674805,185.67855834960938,937.1370239257812,55.52814865112305,100.05000305175781,141.4873504638672,69.61251831054688,328.8802795410156,298.71234130859375,264.94000244140625,323.1693420410156,32.428524017333984,101.8294677734375,276.8821105957031,956.9075927734375,59.8045768737793,64.59819793701172,157.8553009033203,463.60662841796875,203.3340606689453,96.07320404052734,123.44280242919922,279.6101989746094,198.47079467773438,108.28034973144531,156.4039306640625,549.2503662109375,359.0530090332031,207.87619018554688,242.13449096679688,612.11328125,507.04998779296875,244.7185516357422,150.28440856933594,238.57955932617188,68.01585388183594,68.87580871582031,462.0272521972656,810.810546875,437.95947265625,228.12034606933594,73.19178009033203,542.3948364257812,302.4834289550781,63.46677017211914,581.5748901367188,52.57939147949219,82.9677505493164,115.53208923339844,378.4171142578125,88.37483978271484,67.94678497314453,93.552001953125,62.80764389038086,164.80599975585938,110.26546478271484,143.39537048339844,173.17999267578125,141.88397216796875,22.264989852905273,162.5264892578125,87.44999694824219,149.58555603027344,149.99844360351562,621.2725830078125,96.177001953125,77.35720825195312,349.6218566894531,40.725074768066406,438.54998779296875,87.67295837402344,481.3224182128906,372.8581237792969,26.327512741088867,123.02156829833984,486.779052734375,282.760009765625,171.86216735839844,505.96148681640625,231.76141357421875,343.0461120605469,40.56140899658203,70.32269287109375,230.0618438720703,88.80105590820312,113.9545669555664,159.3466796875
2025-04-03,202.12203979492188,192.12257385253906,127.49079132080078,292.4532165527344,367.25,295.65545654296875,134.1417236328125,93.80000305175781,298.17327880859375,216.20840454101562,178.41000366210938,62.12581253051758,150.91000366210938,36.21310043334961,176.22415161132812,864.8523559570312,53.869754791259766,98.5,127.53600311279297,61.163169860839844,300.4794616699219,299.62371826171875,248.91000366210938,329.52716064453125,31.640180587768555,91.41619110107422,286.63946533203125,958.8906860351562,55.811763763427734,64.06675720214844,148.04090881347656,440.5198059082031,196.138671875,87.20008087158203,113.86902618408203,256.96282958984375,186.4097442626953,108.76421356201172,150.1095428466797,498.6561584472656,344.5511169433594,198.91592407226562,235.84815979003906,590.0503540039062,494.6099853515625,232.1254119873047,154.59872436523438,221.95411682128906,61.53630065917969,70.66215515136719,459.54864501953125,781.9443359375,439.80657958984375,215.74862670898438,64.70001983642578,525.718017578125,308.9781494140625,65.16549682617188,529.4758911132812,53.28818130493164,82.76656341552734,104.54749298095703,369.47509765625,74.15107727050781,69.547119140625,91.70500183105469,53.73843765258789,154.81399536132812,101.65754699707031,134.9111785888672,165.1699981689453,144.02481079101562,21.895408630371094,165.29757690429688,83.5999984741211,155.23681640625,135.72679138183594,606.4160766601562,85.3896255493164,73.6955795288086,336.7604064941406,37.84855270385742,417.760009765625,88.88288879394531,458.28546142578125,363.66162109375,26.75788688659668,123.5139389038086,467.8377990722656,267.2799987792969,158.36898803710938,522.6334838867188,217.67843627929688,336.17193603515625,41.359222412109375,63.909358978271484,232.28834533691406,86.32777404785156,107.96250915527344,155.55551147460938
2025-04-04,187.389892578125,178.13546752929688,120.5268783569336,276.5432434082031,349.07000732421875,277.0093688964844,125.66816711425781,85.76000213623047,283.2958984375,208.60952758789062,171.0,58.58625030517578,136.58999633789062,33.459659576416016,169.6309814453125,801.4926147460938,52.08037567138672,89.69999694824219,119.81292724609375,56.390411376953125,283.1047668457031,278.0479736328125,232.8800048828125,313.90032958984375,29.56744384765625,82.81681823730469,275.77264404296875,908.7191162109375,53.11417770385742,60.413116455078125,135.8653564453125,423.2022399902344,180.15223693847656,81.98809814453125,104.99810028076172,242.8463592529297,165.7251434326172,103.79004669189453,145.01028442382812,459.2303161621094,342.605224609375,183.81533813476562,220.34063720703125,553.5745849609375,451.5799865722656,218.6791229248047,148.2336883544922,205.3434295654297,57.14623260498047,67.52397155761719,430.7690734863281,731.525146484375,417.921630859375,216.4951934814453,58.618900299072266,485.30938720703125,291.3482971191406,63.63951110839844,502.6943664550781,51.612857818603516,78.05291748046875,96.70134735107422,356.3343811035156,64.55552673339844,64.5051040649414,85.58599853515625,55.35310363769531,144.3300018310547,94.17801666259766,126.10259246826172,153.57000732421875,139.4958038330078,20.70553970336914,157.0130615234375,74.01000213623047,144.26956176757812,124.08360290527344,569.4832763671875,79.4299545288086,67.97669982910156,328.2685241699219,33.572364807128906,388.1300048828125,85.4067153930664,422.81231689453125,341.5840759277344,24.92412757873535,120.29389190673828,435.8675842285156,239.42999267578125,146.0138702392578,507.7505187988281,207.26930236816406,310.1609191894531,39.0111198425293,59.34510803222656,220.88133239746094,82.3012466430664,100.19396209716797,147.8756866455078
2025-04-07,180.5062713623047,177.74481201171875,120.93367767333984,276.2134094238281,340.70001220703125,272.25592041015625,131.5085906982422,83.63999938964844,278.77301025390625,202.1855010986328,175.25999450683594,60.38081359863281,138.86000061035156,34.61746597290039,168.07327270507812,796.5040283203125,51.976783752441406,91.54000091552734,119.4392318725586,57.0888557434082,275.2232360839844,271.7475891113281,233.82000732421875,307.0751037597656,29.64716339111328,82.2217788696289,271.9786376953125,900.43994140625,52.987579345703125,60.59342575073242,132.89736938476562,416.7930603027344,179.01246643066406,81.7623519897461,103.5544204711914,248.68797302246094,166.60934448242188,102.11585235595703,146.1555938720703,454.0606384277344,330.6106872558594,180.41795349121094,218.69398498535156,548.3594970703125,463.6199951171875,214.97581481933594,145.6992645263672,209.40579223632812,59.930538177490234,66.01764678955078,418.8677062988281,717.1762084960938,416.63543701171875,210.3384246826172,61.70410919189453,481.0981140136719,291.1347351074219,62.60301208496094,514.1679077148438,51.235450744628906,77.77508544921875,97.7571792602539,354.3736267089844,68.19625854492188,62.72159194946289,86.78299713134766,53.7674446105957,147.10000610351562,97.50334167480469,125.01133728027344,152.44000244140625,136.2417449951172,20.399057388305664,153.6378631591797,77.83999633789062,144.85386657714844,126.28373718261719,568.8180541992188,77.39825439453125,68.94134521484375,319.1240539550781,31.989316940307617,380.8999938964844,83.75503540039062,410.4603576660156,341.12969970703125,25.101890563964844,117.31016540527344,435.8277893066406,233.2899932861328,148.5312042236328,507.4120178222656,204.07171630859375,309.358642578125,38.603145599365234,60.50320053100586,216.330322265625,82.93440246582031,98.849609375,145.31246948242188
2025-04-08,171.51377868652344,167.37835693359375,120.05229187011719,272.98291015625,340.0,267.9380798339844,127.65788269042969,78.20999908447266,269.6983947753906,193.9138946533203,170.66000366210938,59.55788803100586,139.38999938964844,34.08234405517578,164.88458251953125,794.769775390625,49.9802131652832,90.63999938964844,115.05069732666016,57.01125717163086,269.2089538574219,272.41131591796875,231.63999938964844,305.5660095214844,29.089122772216797,79.33293151855469,272.14703369140625,901.0546264648438,51.799468994140625,64.18062591552734,129.843994140625,406.593505859375,173.085693359375,80.21151733398438,99.6888198852539,247.75213623046875,168.26849365234375,99.86102294921875,144.11390686035156,450.8515625,324.540771484375,175.99072265625,214.0930633544922,536.3619384765625,457.6300048828125,211.73785400390625,145.0995330810547,211.77871704101562,59.42403030395508,66.06592559814453,406.54345703125,719.6635131835938,428.7625427246094,205.2482147216797,59.7696533203125,475.5491638183594,291.07647705078125,61.48012924194336,508.39129638671875,51.143402099609375,75.63862609863281,97.16629791259766,351.10577392578125,65.37344360351562,61.80574035644531,87.04000091552734,51.50497817993164,145.52000427246094,96.16523742675781,122.39629364013672,152.52999877929688,133.4919891357422,19.686939239501953,151.87355041503906,77.31999969482422,142.9381866455078,121.35777282714844,552.9583740234375,77.09833526611328,68.83305358886719,309.9302673339844,30.84063148498535,381.5899963378906,83.40934753417969,413.4477233886719,333.25689697265625,24.690231323242188,118.19641876220703,417.3543701171875,221.86000061035156,140.82492065429688,534.85693359375,202.41949462890625,305.3469543457031,38.231441497802734,60.41562271118164,212.31874084472656,80.91619110107422,96.76583099365234,140.74163818359375
2025-04-09,197.80487060546875,171.3515167236328,123.04512023925781,290.9786682128906,364.6400146484375,285.2965393066406,148.2181396484375,96.83999633789062,280.1202392578125,196.58580017089844,191.10000610351562,65.61580657958984,160.82000732421875,36.144989013671875,182.788818359375,874.0402221679688,50.611202239990234,96.7699966430664,131.617919921875,62.230255126953125,295.8114318847656,281.95098876953125,264.6499938964844,311.5538330078125,31.161855697631836,87.82672882080078,271.3149108886719,957.0167236328125,56.610328674316406,66.60057830810547,138.4730682373047,445.5802307128906,190.18214416503906,89.75209045410156,108.32231140136719,279.3638916015625,186.0520782470703,101.85456085205078,158.06716918945312,504.1574401855469,344.0476989746094,191.6206817626953,227.92489624023438,588.0293579101562,522.9500122070312,227.6949920654297,146.03781127929688,228.83859252929688,69.7127914428711,67.54327392578125,438.6475524902344,746.884765625,447.0209655761719,216.40792846679688,70.5430679321289,511.5458068847656,295.0859069824219,63.52435302734375,583.407470703125,51.87980651855469,78.47447204589844,108.19932556152344,386.68572998046875,77.67211151123047,65.15101623535156,94.5469970703125,57.354522705078125,165.19000244140625,114.17000579833984,137.3296356201172,173.02000427246094,138.5252685546875,20.272857666015625,155.6418914794922,92.01000213623047,145.39981079101562,139.78631591796875,572.7306518554688,85.79596710205078,74.06961822509766,332.41064453125,34.73070526123047,428.70001220703125,84.31200408935547,443.873291015625,358.54473876953125,24.765077590942383,124.12446594238281,451.4346923828125,272.20001220703125,163.4807586669922,559.4393920898438,217.2508087158203,329.2779235839844,38.884193420410156,64.55167388916016,220.1162872314453,88.64276123046875,101.59596252441406,149.64942932128906
2025-04-10,189.4191436767578,165.9777374267578,120.58499145507812,278.0705871582031,350.04998779296875,282.89556884765625,136.84417724609375,88.69999694824219,270.8050231933594,197.38174438476562,181.22000122070312,63.58327865600586,155.52000427246094,34.880165100097656,177.97076416015625,836.723876953125,47.52216720581055,92.63999938964844,122.12217712402344,59.746864318847656,284.1661071777344,279.6923828125,254.02000427246094,318.64190673828125,29.833179473876953,79.93757629394531,276.5254821777344,956.1441040039062,55.1105842590332,65.45228576660156,127.99490356445312,437.310302734375,179.15121459960938,83.65673065185547,99.35639953613281,266.68572998046875,180.3295440673828,98.12877655029297,152.20101928710938,477.75323486328125,342.3341369628906,186.1251678466797,222.3456573486328,570.282958984375,489.5199890136719,219.88121032714844,143.8323211669922,221.7783203125,65.09870910644531,68.3254165649414,424.7889099121094,714.3817138671875,448.4328918457031,214.46876525878906,65.90037536621094,495.57708740234375,297.8235778808594,63.322818756103516,544.0867309570312,51.89822006225586,74.29734802246094,103.23979187011719,377.6347961425781,69.87198638916016,64.32192993164062,92.11699676513672,52.597537994384766,156.697998046875,107.4194564819336,131.56768798828125,168.27000427246094,137.14564514160156,19.46158218383789,156.83084106445312,88.58999633789062,144.79637145996094,130.83978271484375,542.6105346679688,81.84864807128906,72.69156646728516,326.14306640625,31.410146713256836,406.8900146484375,85.35869598388672,428.6745300292969,344.1425476074219,24.95229148864746,125.52276611328125,425.4464416503906,252.39999389648438,151.03887939453125,574.8156127929688,213.15908813476562,321.53204345703125,39.536380767822266,61.41800308227539,222.1073760986328,89.6419677734375,95.95921325683594,143.26583862304688
2025-04-11,197.10850524902344,166.78759765625,122.89015197753906,277.2126159667969,352.4700012207031,289.991943359375,143.4765167236328,93.4000015258789,275.20281982421875,203.68661499023438,184.8699951171875,64.84245300292969,156.83999633789062,34.977455139160156,181.60923767089844,856.210205078125,47.75761413574219,93.66999816894531,121.86347198486328,59.79536819458008,288.38201904296875,280.71270751953125,259.4700012207031,321.48492431640625,29.86861228942871,82.91281127929688,281.65673828125,955.2517700195312,55.831241607666016,65.9647445678711,128.61126708984375,452.0189208984375,187.05026245117188,83.32300567626953,103.08904266357422,273.39422607421875,180.48851013183594,100.28682708740234,156.5035400390625,482.27911376953125,342.5664978027344,191.09132385253906,228.0895233154297,579.73388671875,493.6000061035156,225.22291564941406,146.77301025390625,230.65492248535156,66.43287658691406,68.97235870361328,434.57550048828125,725.777587890625,459.2641296386719,213.6446533203125,66.9420166015625,505.90863037109375,300.85247802734375,64.34971618652344,541.377685546875,52.14675521850586,75.85897064208984,104.73153686523438,384.6656799316406,69.37324523925781,63.444637298583984,91.8290023803711,52.587867736816406,157.13400268554688,110.7747573852539,130.5810546875,168.33999633789062,137.4215545654297,19.750038146972656,160.04302978515625,88.55000305175781,147.4016876220703,135.56130981445312,550.3466796875,82.65167236328125,75.75277709960938,332.9246520996094,32.780845642089844,421.2099914550781,86.2901611328125,435.58563232421875,346.0094909667969,25.330501556396484,126.19237518310547,436.10650634765625,252.30999755859375,142.35848999023438,579.718505859375,212.44960021972656,330.23870849609375,40.28252029418945,60.83408737182617,224.98118591308594,91.8085708618164,99.04165649414062,145.64385986328125
2025-04-14,201.45556640625,170.64645385742188,123.93618774414062,282.5260009765625,350.9100036621094,291.947509765625,143.07066345214844,94.5,282.8435974121094,208.05230712890625,182.1199951171875,64.90193939208984,159.27999877929688,35.677974700927734,180.4336395263672,867.0933227539062,48.350929260253906,94.2699966430664,125.01593780517578,61.328086853027344,292.9713439941406,285.6361389160156,260.55999755859375,320.5210266113281,30.249496459960938,82.97038269042969,281.6171569824219,971.027099609375,55.90914535522461,65.6705551147461,128.3173065185547,460.4266052246094,191.25253295898438,83.09725189208984,102.23422241210938,273.6897277832031,184.7903289794922,103.0642318725586,158.4257354736328,491.58447265625,345.7999572753906,192.72747802734375,231.55718994140625,586.162841796875,490.1300048828125,226.4153289794922,149.31707763671875,229.2096710205078,66.4081039428711,69.95726013183594,438.7065734863281,747.5189819335938,459.689697265625,217.31932067871094,67.31897735595703,508.59820556640625,306.8423767089844,65.54936981201172,529.3364868164062,52.58859634399414,75.8493881225586,105.69050598144531,384.0318908691406,70.8395004272461,65.25706481933594,93.12799835205078,53.574073791503906,159.96400451660156,110.55506134033203,132.84043884277344,169.97999572753906,139.62899780273438,19.939334869384766,162.17169189453125,92.62000274658203,150.94569396972656,135.50289916992188,567.1098022460938,82.70970916748047,75.71341705322266,337.12615966796875,32.742225646972656,421.9800109863281,87.53852081298828,441.6257629394531,349.1112060546875,25.718162536621094,128.60496520996094,447.2343444824219,252.35000610351562,145.61843872070312,567.7174072265625,216.02621459960938,332.0018310546875,40.807586669921875,61.408267974853516,227.8451690673828,93.71795654296875,99.28172302246094,146.99851989746094
2025-04-15,201.07754516601562,170.0117950439453,122.81719970703125,281.42431640625,350.3800048828125,288.5591125488281,143.9813690185547,95.29000091552734,284.1715393066406,208.262451171875,179.58999633789062,65.19939422607422,155.52000427246094,36.96227264404297,182.63519287109375,865.6220703125,47.08894729614258,94.2300033569336,127.95758819580078,62.40487289428711,288.3623046875,282.1293029785156,264.30999755859375,319.966064453125,30.470943450927734,82.269775390625,281.86480712890625,968.6473388671875,55.70463943481445,65.40483093261719,127.5776596069336,454.11590576171875,188.22967529296875,83.44078826904297,102.08226776123047,272.9903259277344,184.46249389648438,102.27069091796875,155.67689514160156,495.3983154296875,342.8085021972656,191.341552734375,233.14572143554688,586.686279296875,488.2699890136719,224.42796325683594,148.60125732421875,227.65701293945312,67.02661895751953,69.3875732421875,443.5654602050781,750.3233032226562,454.1192626953125,213.79977416992188,67.89436340332031,513.4811401367188,303.3572082519531,64.33052062988281,519.4166870117188,52.94759750366211,75.10210418701172,106.97882843017578,381.9721374511719,70.85945892333984,65.2281494140625,97.62799835205078,53.01329040527344,163.3000030517578,112.04297637939453,132.14981079101562,173.5500030517578,135.90870666503906,20.227787017822266,161.5388641357422,98.4000015258789,153.3402862548828,134.9285125732422,554.0508422851562,80.98759460449219,75.97917938232422,333.0334167480469,32.58778381347656,425.6499938964844,87.4040756225586,440.8017272949219,342.5718994140625,26.001819610595703,126.53703308105469,438.9432373046875,254.11000061035156,145.8113250732422,564.3618774414062,213.8977508544922,332.6258544921875,40.973392486572266,62.80966567993164,227.04090881347656,92.96607208251953,99.00324249267578,145.42941284179688
2025-04-16,193.24891662597656,165.08836364746094,126.20337677001953,278.09002685546875,344.19000244140625,284.76409912109375,136.79466247558594,88.29000091552734,271.9886779785156,208.25289916992188,174.3300018310547,64.21781921386719,156.47000122070312,36.320125579833984,179.8000946044922,843.5441284179688,46.4862060546875,95.25,123.97151184082031,60.241600036621094,285.1292419433594,282.39678955078125,259.260009765625,320.7547302246094,29.718027114868164,82.8840103149414,281.7657165527344,959.5550537109375,54.302284240722656,65.05371856689453,128.35523986816406,445.412841796875,188.96310424804688,81.24213409423828,103.74522399902344,265.1489562988281,181.26344299316406,101.49649810791016,152.70895385742188,486.7757263183594,334.9476623535156,186.019287109375,231.08258056640625,580.7610473632812,481.3399963378906,222.77989196777344,148.8817901611328,224.21963500976562,63.654518127441406,69.21376037597656,440.6343994140625,728.2451171875,461.3723449707031,207.8854217529297,64.62067413330078,509.5608825683594,300.07586669921875,63.80267333984375,500.2840881347656,52.71746826171875,73.2530517578125,104.47967529296875,367.98968505859375,69.15380859375,63.28075408935547,96.16300201416016,51.775699615478516,159.33200073242188,104.3437728881836,128.02566528320312,169.75999450683594,133.2921600341797,19.86722183227539,159.54443359375,92.70999908447266,153.71383666992188,132.14427185058594,545.4805297851562,78.13353729248047,74.5125503540039,327.4974365234375,32.96424865722656,415.6499938964844,86.87593078613281,434.49932861328125,342.4435119628906,25.547969818115234,124.38048553466797,434.7528381347656,241.5500030517578,141.3457489013672,565.7640380859375,210.51548767089844,328.1883544921875,40.1719856262207,62.26467514038086,225.1675567626953,90.21578216552734,100.04993438720703,143.03192138671875
2025-04-17,195.9446563720703,166.34808349609375,127.44886016845703,275.27252197265625,348.79998779296875,283.9314880371094,136.0720672607422,87.5,266.8403015136719,212.7045440673828,172.61000061035156,64.5053482055664,161.89999389648438,36.39795684814453,181.08578491210938,853.2872924804688,46.36377716064453,95.12000274658203,124.93927764892578,61.3571891784668,289.1681823730469,282.9118957519531,260.2200012207031,321.426513671875,30.12548828125,85.39856719970703,284.0440979003906,986.0785522460938,54.302284240722656,63.857975006103516,130.73533630371094,445.0682678222656,185.1671905517578,83.24446868896484,105.91136932373047,264.32147216796875,180.6077117919922,101.16747283935547,150.54774475097656,496.9589538574219,343.7281799316406,189.21458435058594,231.31503295898438,578.0946655273438,482.739990234375,223.78810119628906,152.32546997070312,226.5144805908203,62.885337829589844,70.48834991455078,444.69659423828125,832.3538208007812,448.8003845214844,212.3357391357422,63.25166702270508,513.4315185546875,302.21160888671875,64.60883331298828,499.45751953125,53.53671646118164,74.72846984863281,105.75831604003906,364.1969909667969,68.62516021728516,63.926666259765625,97.3030014038086,53.912471771240234,154.4320068359375,101.34796142578125,126.90090942382812,167.69000244140625,135.90870666503906,19.957361221313477,163.61000061035156,93.77999877929688,156.32876586914062,133.0399169921875,559.2644653320312,78.84947204589844,74.95549774169922,329.57342529296875,33.89091110229492,413.32000732421875,88.1626968383789,433.4692687988281,342.2755432128906,25.67088508605957,125.67047119140625,425.50616455078125,241.3699951171875,143.16864013671875,439.14788818359375,214.0726776123047,326.4846496582031,40.568084716796875,62.9751091003418,226.48184204101562,92.22407531738281,102.67145538330078,144.89341735839844
2025-04-21,192.14476013183594,163.62673950195312,126.38825988769531,272.230712890625,343.2200012207031,275.7702331542969,134.19122314453125,85.55999755859375,263.3663330078125,208.2433624267578,167.32000732421875,63.047882080078125,159.33999633789062,35.92121505737305,175.71336364746094,832.0665893554688,46.090660095214844,93.58000183105469,115.19442749023438,60.81394577026367,281.16973876953125,277.1563720703125,251.55999755859375,316.20782470703125,29.762313842773438,84.02611541748047,278.5166015625,949.6594848632812,52.9486198425293,61.84610366821289,126.80958557128906,434.72100830078125,183.3138427734375,82.44943237304688,104.57908630371094,255.60337829589844,177.19009399414062,100.96424865722656,147.07188415527344,489.0289001464844,335.8286437988281,186.93362426757812,228.80633544921875,561.7603759765625,468.32000732421875,220.6567840576172,151.79344177246094,223.61422729492188,61.53432083129883,70.2662582397461,436.5623474121094,810.6124267578125,443.2397155761719,206.2953338623047,61.89259338378906,505.48187255859375,299.7069396972656,65.0311279296875,482.705322265625,53.04885482788086,74.58476257324219,102.96857452392578,355.6213684082031,66.57038879394531,62.355255126953125,98.79100036621094,54.26054763793945,151.197998046875,96.7743911743164,121.17842864990234,160.0500030517578,134.85260009765625,19.86722183227539,159.92144775390625,90.80000305175781,155.3421630859375,132.53369140625,557.60595703125,78.05613708496094,73.77430725097656,318.61993408203125,33.41792297363281,402.3599853515625,86.64546966552734,420.4617919921875,335.4497985839844,24.89556121826172,122.0860824584961,419.88250732421875,227.5,140.4391326904297,411.3161315917969,209.98092651367188,317.0648498535156,39.54559326171875,62.29387664794922,223.20590209960938,91.42273712158203,101.1638412475586,143.6025848388672
2025-04-22,198.69017028808594,167.1077423095703,128.1786346435547,276.8421325683594,349.9100036621094,283.5539245605469,136.903564453125,86.26000213623047,267.908447265625,211.09011840820312,173.17999267578125,65.18946075439453,162.52000427246094,37.2833366394043,182.06658935546875,864.4334106445312,46.919429779052734,95.05000305175781,119.68836212158203,62.618282318115234,287.5191345214844,287.6966552734375,258.1499938964844,328.18353271484375,30.293785095214844,86.14716339111328,283.57855224609375,970.9378051757812,53.60110855102539,62.75215148925781,130.19483947753906,447.6181335449219,190.36056518554688,84.50084686279297,106.69731903076172,262.9325256347656,187.9496307373047,102.1061782836914,150.8564910888672,507.20068359375,343.1183166503906,190.91810607910156,233.3394317626953,576.2971801757812,478.739990234375,229.03285217285156,152.5963134765625,230.0592498779297,63.07664108276367,71.35738372802734,447.1456604003906,820.0462036132812,446.8662109375,212.4036102294922,62.97390365600586,523.3561401367188,309.76446533203125,65.5397720336914,498.2622985839844,54.14425277709961,75.65777587890625,106.92070007324219,363.2463684082031,70.03157043457031,64.24481201171875,104.03399658203125,55.16940689086914,153.36599731445312,98.75160217285156,125.53934478759766,163.6300048828125,136.49864196777344,20.308916091918945,161.97653198242188,93.98999786376953,157.1907958984375,135.06480407714844,581.4400024414062,79.09134674072266,75.37875366210938,328.16961669921875,33.40827560424805,413.3999938964844,88.2107162475586,436.7843322753906,343.87579345703125,25.49123764038086,123.78965759277344,432.70245361328125,237.97000122070312,141.54827880859375,413.10516357421875,210.8070526123047,328.2576599121094,39.78509521484375,64.45436096191406,225.550048828125,93.836669921875,103.99662780761719,146.67315673828125
2025-04-23,203.52464294433594,170.25218200683594,126.33960723876953,280.9368591308594,351.9599914550781,284.1831970214844,142.1302490234375,90.38999938964844,267.42730712890625,203.0943603515625,180.60000610351562,70.5434341430664,172.3699951171875,37.70170593261719,187.33090209960938,869.6167602539062,45.704532623291016,98.91999816894531,121.69099426269531,64.31591033935547,292.06146240234375,281.82220458984375,265.4200134277344,327.8135986328125,30.532949447631836,86.31031036376953,282.033203125,967.5765991210938,54.17568588256836,62.86720275878906,129.60691833496094,449.37054443359375,194.5628204345703,85.6786880493164,106.93694305419922,271.55206298828125,192.4203643798828,102.94810485839844,154.72079467773438,516.2914428710938,345.0447998046875,189.89791870117188,237.77569580078125,588.6318359375,487.92999267578125,229.46910095214844,150.30374145507812,235.22508239746094,65.1333999633789,70.77803802490234,440.85076904296875,821.9091796875,448.287841796875,212.2476348876953,66.19799041748047,526.0159301757812,309.1820068359375,64.66642761230469,518.1716918945312,53.90492248535156,75.43743133544922,108.79022216796875,370.7426452636719,72.74465942382812,64.85215759277344,104.95899963378906,55.48846435546875,162.5399932861328,102.5662612915039,129.6437530517578,168.32000732421875,135.35687255859375,20.182714462280273,159.90213012695312,100.81999969482422,161.02215576171875,136.73924255371094,583.78369140625,80.11686706542969,76.62882232666016,327.4677429199219,32.84840393066406,422.2300109863281,87.50971221923828,440.3522033691406,352.7561950683594,25.708709716796875,123.58285522460938,429.6268615722656,250.74000549316406,146.74688720703125,413.8594970703125,213.6061553955078,331.19952392578125,39.33372497558594,66.1185073852539,224.24557495117188,93.94549560546875,103.10357666015625,147.5728302001953
2025-04-24,207.27479553222656,173.44471740722656,125.89201354980469,284.1053771972656,360.9100036621094,285.1609802246094,148.65371704101562,94.47000122070312,269.2941589355469,201.47991943359375,186.5399932861328,75.38182830810547,176.25999450683594,38.509254455566406,191.16934204101562,892.7276000976562,45.8552131652832,101.13999938964844,128.92538452148438,66.12025451660156,303.0124206542969,279.3555603027344,281.7799987792969,326.8497009277344,29.399145126342773,88.10505676269531,279.73504638671875,967.2195434570312,54.81843185424805,63.202781677246094,131.87326049804688,457.3155822753906,194.75112915039062,88.3484878540039,108.74845886230469,282.7427978515625,196.1261444091797,102.72554016113281,158.6348419189453,531.9564208984375,348.16204833984375,193.19906616210938,222.132568359375,607.1780395507812,508.1300048828125,234.67506408691406,149.86843872070312,238.89678955078125,68.33599853515625,70.02486419677734,442.1491394042969,851.9446411132812,451.4405212402344,216.42906188964844,70.33474731445312,531.4248046875,306.98797607421875,62.881324768066406,530.9996948242188,54.042999267578125,76.49128723144531,111.97711181640625,383.52679443359375,77.22325134277344,63.965232849121094,109.68699645996094,56.5423469543457,187.71400451660156,106.28104400634766,135.6720733642578,176.0399932861328,128.74412536621094,20.534273147583008,153.920166015625,107.77999877929688,162.89952087402344,143.3104248046875,595.6113891601562,81.1327133178711,78.13482666015625,330.6213073730469,33.7171630859375,438.8999938964844,87.4328842163086,450.681396484375,356.648193359375,26.03018569946289,124.56758117675781,424.6700439453125,259.510009765625,156.37249755859375,410.271728515625,209.39779663085938,332.5268249511719,39.435054779052734,67.695068359375,223.10781860351562,94.81610107421875,104.31350708007812,148.93206787109375
2025-04-25,208.18002319335938,178.916259765625,125.37629699707031,286.0357666015625,367.7200012207031,282.4599609375,150.01979064941406,96.6500015258789,270.2565002441406,201.39393615722656,188.99000549316406,75.20336151123047,177.9499969482422,38.616275787353516,191.58392333984375,884.3776245117188,45.1112174987793,101.9000015258789,127.30601501464844,66.38217163085938,302.6075439453125,276.49267578125,289.6300048828125,326.5186462402344,30.028051376342773,88.02826690673828,283.21197509765625,968.8853149414062,55.227447509765625,62.627506256103516,131.55084228515625,452.18621826171875,195.3854217529297,88.6135025024414,108.37464141845703,284.5159912109375,197.1394805908203,99.84166717529297,161.30401611328125,531.458984375,346.1677551269531,191.6784210205078,225.1158905029297,616.3523559570312,514.5900268554688,232.18356323242188,149.5299072265625,237.8323974609375,68.8504409790039,69.43585968017578,441.0376281738281,876.5300903320312,461.9139709472656,215.3179168701172,70.85059356689453,529.459716796875,307.4927978515625,62.948509216308594,545.062744140625,53.62876892089844,79.2696533203125,112.374267578125,388.03253173828125,79.57723999023438,63.714576721191406,110.15299987792969,55.710845947265625,189.052001953125,110.85465240478516,136.6389923095703,178.97999572753906,126.90776824951172,20.66046905517578,155.3577423095703,112.77999877929688,163.0623779296875,144.62466430664062,598.4713745117188,81.08434295654297,78.68604278564453,327.83349609375,33.32139587402344,446.6199951171875,86.83751678466797,449.50146484375,360.60931396484375,25.349407196044922,124.62667083740234,422.2613525390625,284.95001220703125,157.07656860351562,404.8465881347656,207.2984619140625,331.991943359375,38.60600280761719,67.86051940917969,223.93170166015625,94.07411193847656,104.25590515136719,150.07620239257812
2025-04-28,209.03549194335938,184.95513916015625,126.03794860839844,285.8992614746094,368.6199951171875,284.2121887207031,149.26744079589844,96.38999938964844,272.42169189453125,201.8524627685547,187.6999969482422,75.23310852050781,182.3000030517578,38.70384216308594,193.62353515625,890.2722778320312,45.638607025146484,102.18000030517578,128.89820861816406,66.23665618896484,303.20989990234375,279.53387451171875,285.739990234375,325.9928894042969,29.912900924682617,89.1895751953125,285.0445861816406,970.2536010742188,55.35405349731445,62.25358581542969,132.84994506835938,453.07232666015625,194.16639709472656,88.49571990966797,109.40022277832031,283.45208740234375,199.55369567871094,102.90939331054688,159.95947265625,532.9612426757812,345.52880859375,193.12208557128906,228.7482147216797,610.5357055664062,514.010009765625,232.78460693359375,150.27474975585938,237.51011657714844,68.76222229003906,69.31998443603516,440.6442565917969,869.3456420898438,460.6083984375,215.5518341064453,70.99940490722656,530.462158203125,307.560791015625,62.47824478149414,547.5228271484375,53.5643310546875,79.7007827758789,112.19989776611328,387.3492126464844,78.3603515625,63.81098556518555,111.03800201416016,55.41111755371094,187.48199462890625,108.57783508300781,138.2669219970703,181.5399932861328,127.26932525634766,20.77764892578125,156.15858459472656,114.6500015258789,162.03746032714844,143.7095489501953,606.634521484375,81.17141723632812,78.92227935791016,328.40692138671875,32.91597366333008,443.9700012207031,87.14480590820312,448.9114990234375,362.0218505859375,25.77489471435547,125.18795776367188,419.3749084472656,285.8800048828125,156.67147827148438,406.1617431640625,206.6375732421875,334.30975341796875,39.04815673828125,67.56855773925781,224.68692016601562,94.20272064208984,104.31350708007812,150.1739959716797
2025-04-29,210.0998992919922,186.08021545410156,126.98180389404297,290.9884338378906,370.9800109863281,286.34210205078125,148.0399627685547,96.05999755859375,277.6855773925781,211.43402099609375,187.38999938964844,76.02629089355469,182.0,38.90816116333008,194.38694763183594,896.8782348632812,46.3543586730957,102.73999786376953,128.85958862304688,66.8187026977539,303.5456237792969,282.2779235839844,302.2200012207031,328.3198547363281,30.0634822845459,88.18182373046875,287.4418640136719,983.30224609375,55.840980529785156,62.349456787109375,132.09133911132812,453.5055236816406,197.1595001220703,89.48706817626953,108.24046325683594,286.3581237792969,199.19602966308594,100.84811401367188,159.5113067626953,535.4192504882812,347.54241943359375,203.5452423095703,231.8768310546875,615.3944702148438,514.8900146484375,234.3648223876953,150.8164520263672,238.8772735595703,68.1902847290039,69.86071014404297,443.181884765625,877.18408203125,460.2118835449219,217.61819458007812,70.33474731445312,535.613037109375,305.3182067871094,63.006099700927734,552.203857421875,54.098228454589844,81.15703582763672,112.56798553466797,390.201171875,76.68462371826172,64.8328857421875,112.56400299072266,55.63349914550781,188.57200622558594,108.867431640625,138.90823364257812,186.64999389648438,127.79264068603516,21.444700241088867,156.5541534423828,116.08000183105469,163.08148193359375,142.98919677734375,564.9746704101562,82.09052276611328,79.9853286743164,344.1549987792969,32.925636291503906,460.7699890136719,87.8169937133789,460.51422119140625,366.3978576660156,25.812713623046875,126.07420349121094,425.5360107421875,292.0299987792969,155.06080627441406,395.7466125488281,208.5133514404297,338.2817077636719,39.56401824951172,69.19379425048828,224.4123077392578,95.01396942138672,104.05424499511719,151.99285888671875
2025-04-30,211.3831024169922,187.60916137695312,127.2250747680664,291.6513671875,374.9800109863281,291.0181579589844,149.18826293945312,97.3499984741211,279.9566650390625,215.3315887451172,184.4199981689453,76.29398345947266,183.24000549316406,38.80113983154297,201.91220092773438,890.7789916992188,47.27730178833008,102.87000274658203,127.09374237060547,66.33367156982422,305.3921813964844,283.39727783203125,297.739990234375,331.07525634765625,30.293785095214844,85.53292083740234,289.91839599609375,986.0785522460938,56.22078323364258,63.960205078125,129.0189971923828,456.3802795410156,197.55593872070312,89.2711410522461,105.74842834472656,289.9833068847656,200.22926330566406,103.10294342041016,158.15679931640625,534.0828857421875,348.98492431640625,202.5924072265625,234.2305908203125,619.6607055664062,515.7999877929688,232.58102416992188,151.203369140625,238.8772735595703,69.65133666992188,70.0538330078125,445.78839111328125,890.8095703125,462.0202941894531,217.90081787109375,71.09860229492188,543.929931640625,310.3178405761719,65.38621520996094,546.7858276367188,54.44802474975586,81.62647247314453,112.69981384277344,391.4093322753906,76.75444030761719,64.47618103027344,113.1719970703125,54.53126907348633,191.0019989013672,108.76756286621094,138.83917236328125,186.92999267578125,129.0010223388672,22.003576278686523,156.853271484375,118.44000244140625,164.13510131835938,144.52732849121094,594.6182250976562,77.44662475585938,80.12313842773438,348.89031982421875,32.09549331665039,459.010009765625,88.23950958251953,468.2774963378906,369.3612976074219,26.190927505493164,126.71427917480469,426.9991760253906,282.1600036621094,155.68331909179688,397.8837585449219,209.6018829345703,342.2239990234375,40.58650588989258,69.106201171875,228.88485717773438,96.2110366821289,101.43272399902344,152.94140625
2025-05-01,212.19879150390625,185.91673278808594,127.3515625,292.99676513671875,374.6300048828125,289.1690368652344,147.45591735839844,96.6500015258789,273.085693359375,214.01329040527344,190.1999969482422,77.95965576171875,182.88999938964844,39.08329391479492,201.997314453125,892.6107177734375,46.721656799316406,103.19000244140625,128.71485900878906,66.10086059570312,310.0233459472656,280.6335144042969,299.7300109863281,326.3433837890625,29.95718765258789,87.0013427734375,287.6994323730469,990.5800170898438,56.600589752197266,66.58727264404297,129.2086639404297,472.5853271484375,194.9592742919922,89.13372039794922,107.04236602783203,297.16461181640625,202.2858123779297,99.91908264160156,160.64666748046875,540.20849609375,346.86480712890625,202.82342529296875,232.13836669921875,615.4339599609375,517.1799926757812,231.9315185546875,149.413818359375,241.093994140625,67.0365219116211,68.83718872070312,440.6933898925781,786.908935546875,461.9913024902344,216.69223022460938,71.15813446044922,542.5106811523438,304.4833068847656,65.1366958618164,569.9022827148438,54.59530258178711,79.76785278320312,114.00823211669922,421.2556457519531,77.5723648071289,63.67601013183594,113.34700012207031,54.87934112548828,191.58999633789062,111.45380401611328,143.54544067382812,186.27000427246094,127.06950378417969,21.57089614868164,154.35433959960938,116.19999694824219,162.88035583496094,131.62831115722656,585.9188232421875,79.34288024902344,80.2314224243164,349.60211181640625,32.5684814453125,459.3599853515625,87.82660675048828,467.2286682128906,369.430419921875,26.134193420410156,125.68031311035156,417.9316711425781,280.5199890136719,153.942138671875,387.4783020019531,208.0662841796875,339.2029113769531,39.88642501831055,69.8847427368164,228.92408752441406,96.36933135986328,101.57674407958984,152.20797729492188
2025-05-02,204.27069091796875,190.8497772216797,129.23927307128906,297.67645263671875,380.8699951171875,293.8934631347656,153.533935546875,98.80000305175781,270.6221923828125,213.60250854492188,189.97999572753906,79.97235870361328,185.4600067138672,39.958946228027344,206.01121520996094,905.335205078125,47.625762939453125,104.93000030517578,132.60360717773438,68.47752380371094,319.6214904785156,284.6158142089844,308.1499938964844,325.9246826171875,30.52408790588379,87.73075103759766,289.37353515625,1001.064208984375,57.77895736694336,64.6792984008789,131.33274841308594,474.2098388671875,197.27845764160156,90.78270721435547,106.25643157958984,295.2436828613281,206.3491973876953,100.33521270751953,163.36563110351562,552.1765747070312,352.8862609863281,206.0860595703125,237.84352111816406,623.8184204101562,529.4199829101562,234.91741943359375,151.01959228515625,246.58203125,69.20232391357422,69.18480682373047,447.4801330566406,816.1616821289062,457.2332458496094,221.43894958496094,73.92587280273438,555.1744995117188,302.85235595703125,65.02153015136719,594.6121215820312,54.871463775634766,79.69120025634766,117.3866958618164,431.03936767578125,80.5148696899414,64.67862701416016,115.64900207519531,56.648704528808594,195.4720001220703,114.33976745605469,148.7153778076172,187.6999969482422,127.25981140136719,21.814281463623047,154.87533569335938,124.27999877929688,163.65621948242188,136.10646057128906,601.4208374023438,81.93572998046875,81.80631256103516,355.5335693359375,33.524105072021484,472.2799987792969,87.4328842163086,474.4300537109375,373.6088562011719,26.1058292388916,127.23619842529297,421.5745849609375,287.2099914550781,160.0216522216797,386.74334716796875,212.1580047607422,344.3040771484375,40.2917366027832,71.8214111328125,229.4537353515625,97.69500732421875,101.98967742919922,153.9584197998047
2025-05-05,197.84463500976562,188.5419158935547,129.02520751953125,299.99676513671875,381.05999755859375,294.27099609375,153.04888916015625,100.58999633789062,269.50592041015625,213.86045837402344,186.35000610351562,79.48653411865234,186.4600067138672,40.007591247558594,205.54872131347656,896.887939453125,47.14545440673828,104.23999786376953,131.33953857421875,68.68287658691406,319.0586242675781,285.13092041015625,308.8299865722656,324.2305908203125,30.515233993530273,84.08369445800781,289.2249450683594,1007.60693359375,57.76921463012695,64.33413696289062,128.48797607421875,473.8848876953125,195.6431121826172,90.40972137451172,104.01358032226562,295.15472412109375,207.58114624023438,99.49327087402344,163.54490661621094,545.7974853515625,350.18536376953125,206.20155334472656,241.3595733642578,624.3121337890625,531.8200073242188,233.51171875,149.93617248535156,246.63087463378906,68.71959686279297,69.23307800292969,445.0604553222656,814.021240234375,456.03411865234375,219.48956298828125,73.32075500488281,556.8915405273438,306.5025634765625,65.06951141357422,596.8530883789062,55.110782623291016,79.3654556274414,116.78129577636719,431.9207458496094,80.21562194824219,63.72420883178711,113.40599822998047,55.449790954589844,195.61000061035156,113.66072082519531,147.2946319580078,188.1300048828125,125.5852279663086,21.516813278198242,153.24476623535156,123.7699966430664,165.8879852294922,135.7462615966797,599.4049682617188,79.0042724609375,82.0622329711914,355.71148681640625,32.58778381347656,477.4100036621094,87.4328842163086,473.75579833984375,376.7105407714844,26.011274337768555,126.97030639648438,420.300537109375,280.260009765625,157.98866271972656,391.4721984863281,210.4474639892578,345.334228515625,40.10750198364258,71.87006378173828,230.28744506835938,98.26881408691406,99.1664810180664,154.56468200683594
2025-05-06,197.4666290283203,179.9644012451172,129.47279357910156,296.1847839355469,382.9800109863281,293.6611022949219,151.48483276367188,98.62000274658203,260.2484130859375,213.80313110351562,185.00999450683594,79.03045654296875,185.9600067138672,39.73516845703125,204.4103240966797,891.470703125,44.8004264831543,104.12000274658203,129.30348205566406,67.92994689941406,316.8664855957031,286.2899475097656,305.7799987792969,325.0192565917969,30.550662994384766,84.10289001464844,288.0758361816406,1003.24853515625,57.67182922363281,63.500003814697266,128.5828094482422,467.9384460449219,188.35855102539062,90.46862030029297,104.20529174804688,294.6900939941406,207.24334716796875,94.72232818603516,162.56884765625,535.848388671875,347.91033935546875,202.04383850097656,241.30145263671875,618.752197265625,530.4600219726562,232.54226684570312,149.42349243164062,243.39857482910156,67.34480285644531,69.25238800048828,439.70977783203125,768.1008911132812,452.79443359375,217.36474609375,72.57673645019531,554.7775268554688,307.54132080078125,64.79119110107422,584.9413452148438,55.672298431396484,75.72484588623047,115.54122161865234,429.0885925292969,80.30540466308594,64.14839935302734,113.76899719238281,55.15007019042969,193.052001953125,113.38111877441406,145.72589111328125,188.69000244140625,124.3958740234375,20.624408721923828,153.64999389648438,108.86000061035156,166.74044799804688,136.19406127929688,554.6566162109375,80.08783721923828,81.53070831298828,348.494873046875,32.414039611816406,473.54998779296875,87.59613037109375,469.9256896972656,372.9173889160156,26.625864028930664,126.4976577758789,405.1216735839844,275.3500061035156,156.69493103027344,381.5115966796875,207.21099853515625,344.40313720703125,40.66941452026367,71.5099868774414,229.5812530517578,97.49713897705078,100.54927062988281,146.55580139160156
2025-05-07,195.218505859375,180.86831665039062,130.33880615234375,298.41741943359375,384.9700012207031,295.4521179199219,154.2367401123047,100.36000061035156,265.4449157714844,209.67628479003906,188.7100067138672,80.15082550048828,185.55999755859375,39.82273483276367,205.75144958496094,896.7222290039062,44.847511291503906,104.80000305175781,131.36846923828125,68.6926498413086,316.2740173339844,287.70654296875,308.3399963378906,325.6228942871094,30.462085723876953,84.17967224121094,301.71636962890625,999.9224853515625,58.01268005371094,64.02732849121094,128.7629852294922,465.0833740234375,191.37147521972656,100.20549774169922,103.48643493652344,298.73321533203125,208.55477905273438,95.70942687988281,150.76686096191406,538.3453369140625,351.1727600097656,206.5480194091797,245.41806030273438,633.1605834960938,536.1500244140625,232.96881103515625,152.16104125976562,243.53529357910156,68.82466888427734,69.90899658203125,442.2769775390625,769.6863403320312,455.802001953125,217.8520965576172,74.46157836914062,562.062255859375,308.8422546386719,64.4744873046875,594.4029541015625,56.068111419677734,75.80149841308594,116.29308319091797,429.1282043457031,82.4100341796875,64.93891906738281,115.54100036621094,56.677711486816406,196.6580047607422,116.89618682861328,147.37355041503906,188.13999938964844,125.51860809326172,20.543283462524414,153.6885986328125,110.4800033569336,167.96649169921875,140.47752380371094,557.0499267578125,80.02012634277344,82.69219207763672,347.56561279296875,32.33681106567383,480.5400085449219,88.45077514648438,473.577880859375,379.37762451171875,26.56913185119629,126.68473815917969,405.94781494140625,276.2200012207031,160.29397583007812,378.17529296875,207.8427276611328,346.5327453613281,40.429908752441406,71.21802520751953,230.9936065673828,97.77415466308594,100.4532470703125,152.5404815673828
2025-05-08,196.45199584960938,178.4546661376953,130.387451171875,301.1374816894531,383.989990234375,297.30126953125,154.42483520507812,101.69999694824219,261.7977294921875,208.13829040527344,192.0800018310547,79.8930435180664,191.6999969482422,40.474605560302734,204.52516174316406,904.7896728515625,44.150596618652344,103.29000091552734,134.90985107421875,70.05183410644531,320.18438720703125,286.2602233886719,307.9599914550781,324.3279113769531,30.311504364013672,85.2449951171875,281.10205078125,1000.4785766601562,58.149024963378906,65.05320739746094,129.9482879638672,482.40093994140625,193.08609008789062,103.1795654296875,105.1541748046875,303.5176696777344,213.0950469970703,94.99329376220703,153.65512084960938,551.7864379882812,353.21539306640625,206.48065185546875,246.1639404296875,647.9146728515625,538.1599731445312,235.6638946533203,150.57461547851562,247.51950073242188,69.71477508544922,68.72130584716797,445.78839111328125,744.645263671875,458.90631103515625,218.7975311279297,74.30286407470703,562.8462524414062,304.3376770019531,64.51287841796875,595.59814453125,55.598655700683594,74.39314270019531,119.007568359375,433.9012756347656,84.93360137939453,65.86442565917969,114.44300079345703,56.95810317993164,194.8979949951172,117.20574951171875,148.2911376953125,188.52999877929688,125.05238342285156,20.70553970336914,153.07107543945312,119.1500015258789,164.74813842773438,141.25633239746094,543.8816528320312,79.51702880859375,83.04655456542969,349.5329284667969,33.12833786010742,484.5,86.72228240966797,475.3571472167969,377.7971496582031,25.973453521728516,126.13329315185547,408.8641662597656,284.82000732421875,161.1208038330078,372.8468322753906,210.7487335205078,347.9393005371094,40.1719856262207,71.34453582763672,228.6592559814453,96.38910675048828,101.85523986816406,158.11444091796875
2025-05-09,197.4865264892578,177.51231384277344,129.64796447753906,300.1820068359375,383.2799987792969,297.91119384765625,154.03878784179688,102.83999633789062,255.8410186767578,210.13482666015625,193.05999755859375,80.19048309326172,194.85000610351562,40.65946578979492,200.85340881347656,899.72314453125,43.74563217163086,102.86000061035156,134.5045623779297,69.86604309082031,321.53717041015625,287.16168212890625,305.7799987792969,324.668701171875,30.33807373046875,85.02424621582031,280.33929443359375,1000.8557739257812,58.207454681396484,64.2094955444336,131.32327270507812,484.9704895019531,188.0413818359375,103.98443603515625,106.50562286376953,306.3152160644531,213.56201171875,93.78361511230469,152.1313018798828,553.1520385742188,351.134033203125,205.0273895263672,242.98521423339844,645.7420654296875,536.510009765625,235.0919189453125,149.18165588378906,247.13865661621094,69.50365447998047,68.09367370605469,445.2277526855469,727.9180908203125,457.9295654296875,216.63372802734375,74.75920104980469,564.3547973632812,304.5221252441406,63.69710922241211,590.1004638671875,54.70576095581055,72.78359985351562,118.83180236816406,434.455810546875,85.64179992675781,67.78290557861328,114.02200317382812,56.36831283569336,196.01199340820312,116.48675537109375,148.3306121826172,186.92999267578125,124.11043548583984,20.466699600219727,152.11590576171875,117.30000305175781,162.5451202392578,141.33419799804688,524.1292114257812,77.68849182128906,83.41191864013672,347.8423767089844,33.35035705566406,482.8999938964844,86.76069641113281,475.4695129394531,376.27593994140625,26.32329559326172,126.14315032958984,401.2498474121094,298.260009765625,167.56991577148438,368.0986328125,210.2433624267578,349.197265625,40.1719856262207,70.8944091796875,228.28656005859375,95.91804504394531,103.04595947265625,155.74794006347656
2025-05-12,209.95704650878906,182.77230834960938,128.43165588378906,314.016357421875,395.94000244140625,299.518310546875,166.29379272460938,108.12000274658203,264.4056701660156,198.6235809326172,208.63999938964844,83.73995971679688,198.52999877929688,42.18699645996094,205.70196533203125,933.4248657226562,45.37491226196289,102.87000274658203,143.77774047851562,73.24935150146484,338.2549133300781,286.9338073730469,311.7699890136719,307.4158935546875,30.754390716552734,88.55612182617188,275.76275634765625,1008.8579711914062,60.057777404785156,62.138526916503906,134.29127502441406,487.9437561035156,199.04257202148438,108.450439453125,109.32353210449219,318.39501953125,217.5260467529297,100.47069549560547,157.81817626953125,576.7958374023438,364.571044921875,211.100341796875,247.3632354736328,654.0572509765625,561.4299926757812,242.663330078125,149.10427856445312,253.94500732421875,75.37854766845703,67.13774108886719,446.9588317871094,748.7279052734375,457.5814514160156,226.88743591308594,81.59425354003906,573.9122924804688,302.81353759765625,63.17885971069336,636.8510131835938,52.42290496826172,77.0565414428711,124.06547546386719,444.8831787109375,92.05546569824219,67.1851806640625,111.0,60.506500244140625,203.1199951171875,122.82787322998047,155.11865234375,193.5,125.2902603149414,21.210777282714844,155.24195861816406,118.45999908447266,157.88046264648438,148.0903778076172,571.6482543945312,82.88385772705078,84.30065155029297,353.072021484375,34.60521697998047,505.5899963378906,84.29279327392578,485.424072265625,383.3486328125,25.538515090942383,129.48135375976562,430.5724182128906,318.3800048828125,182.17039489746094,366.2708740234375,224.38462829589844,352.47589111328125,39.610076904296875,73.27223205566406,221.24424743652344,95.94779968261719,104.82245635986328,158.33934020996094
2025-05-13,212.0885772705078,180.78176879882812,125.5708999633789,314.4453430175781,397.3999938964844,298.3661804199219,171.2828826904297,112.45999908447266,260.2580871582031,194.84066772460938,211.3699951171875,85.0487060546875,203.4199981689453,43.08210372924805,208.37193298339844,934.5452270507812,43.877479553222656,102.94999694824219,143.3917694091797,73.89472198486328,348.1196594238281,282.6543273925781,318.6600036621094,293.9310302734375,30.816396713256836,90.37965393066406,276.37689208984375,991.86083984375,60.16490936279297,58.006187438964844,134.9835205078125,490.84808349609375,194.8601531982422,109.32401275634766,111.80598449707031,326.9556884765625,220.13894653320312,98.15779876708984,158.88385009765625,588.9591064453125,361.6765441894531,210.0224151611328,252.1410369873047,648.6257934570312,563.9500122070312,241.52906799316406,143.59051513671875,256.8355407714844,78.89039611816406,66.58734130859375,443.2703857421875,739.3040161132812,444.6903076171875,224.92832946777344,84.5703353881836,572.2449340820312,299.6778259277344,61.556907653808594,653.3842163085938,51.98106002807617,73.41592407226562,126.301513671875,444.7643737792969,96.68367004394531,69.51820373535156,113.84400177001953,60.32279586791992,207.343994140625,129.7481689453125,160.1011505126953,192.0,123.98674011230469,21.00868034362793,153.14828491210938,128.10000610351562,156.91302490234375,147.3310089111328,570.1883544921875,84.05449676513672,85.13998413085938,351.97467041015625,34.85618591308594,515.7100219726562,82.17059326171875,482.8113708496094,382.80535888671875,25.009023666381836,128.82159423828125,426.94940185546875,334.07000732421875,183.06529235839844,301.1205749511719,221.83822631835938,353.3489990234375,39.28766632080078,74.35840606689453,218.1154327392578,95.08500671386719,105.11052703857422,156.86273193359375
2025-05-14,211.490966796875,170.62722778320312,125.09410095214844,312.3784484863281,399.4700012207031,299.5473327636719,172.3816680908203,117.72000122070312,252.39593505859375,195.3564910888672,210.25,84.89998626708984,204.72000122070312,43.529666900634766,206.55564880371094,942.222900390625,41.55128479003906,102.94999694824219,143.2180633544922,73.62091827392578,345.2757263183594,278.74139404296875,319.3900146484375,295.3525390625,30.612668991088867,88.84405517578125,276.5254821777344,984.424560546875,59.68771743774414,57.565147399902344,134.3386993408203,489.79461669921875,186.1483917236328,110.85521697998047,110.79000091552734,325.3147277832031,221.7881317138672,95.20618438720703,164.70018005371094,596.5576171875,360.9117126464844,209.021484375,251.3902587890625,644.7051391601562,565.9400024414062,237.65127563476562,141.5784454345703,259.40380859375,79.79241180419922,66.78047180175781,438.6475524902344,709.0802001953125,434.3909606933594,222.7255096435547,84.29257202148438,568.9598999023438,298.5225524902344,60.981075286865234,656.70068359375,51.85219192504883,70.38846588134766,127.9516830444336,448.5273132324219,95.07775115966797,69.59532165527344,115.0989990234375,59.68466567993164,205.36399841308594,135.1505889892578,160.77206420898438,190.89999389648438,122.21700286865234,20.227859497070312,152.4632568359375,130.17999267578125,157.1141815185547,148.92759704589844,567.4077758789062,83.7255630493164,86.06822204589844,347.3580322265625,34.75966262817383,517.6599731445312,81.53681182861328,479.4120178222656,381.6101379394531,24.999568939208984,129.24502563476562,404.15618896484375,347.67999267578125,182.22874450683594,297.86163330078125,221.92568969726562,353.6664123535156,39.01131057739258,74.64217376708984,218.20372009277344,96.02713012695312,104.16947937011719,151.49412536621094
2025-05-15,210.61444091796875,174.7044219970703,129.75497436523438,315.1082763671875,404.69000244140625,305.78204345703125,172.98553466796875,114.98999786376953,261.4513244628906,202.21548461914062,205.1699981689453,85.23709869384766,206.24000549316406,43.17940139770508,207.39471435546875,957.8314208984375,43.14289474487305,104.86000061035156,141.6066131591797,74.27606964111328,345.4238586425781,289.3113098144531,318.7699890136719,300.7172546386719,31.29471778869629,89.21835327148438,283.2813720703125,1003.2186279296875,62.580078125,57.9774284362793,134.89816284179688,508.32318115234375,189.2505340576172,110.14851379394531,111.04878997802734,323.07073974609375,227.88821411132812,97.10296630859375,163.29591369628906,600.7517700195312,366.5459899902344,213.9395294189453,260.0292663574219,653.07958984375,560.280029296875,240.39480590820312,144.72225952148438,261.2103576660156,79.89152526855469,69.14617156982422,446.7620849609375,726.6497192382812,449.82550048828125,226.56578063964844,84.11400604248047,577.8126220703125,305.29876708984375,62.516639709472656,641.2831420898438,53.44467544555664,71.66268157958984,129.38705444335938,449.5392761230469,95.20743560791016,71.8705062866211,117.7979965209961,60.33246612548828,207.03599548339844,134.6413116455078,157.26951599121094,192.89999389648438,125.1189956665039,20.76065444946289,156.69888305664062,128.1199951171875,162.00872802734375,148.56739807128906,580.9434204101562,84.4221420288086,87.00631713867188,357.32293701171875,34.479736328125,514.47998046875,83.90867614746094,486.28564453125,387.4183654785156,25.841079711914062,131.43325805664062,403.04144287109375,342.82000732421875,182.7053985595703,265.3106689453125,224.3651885986328,359.4606628417969,40.05223083496094,73.96698760986328,223.6472625732422,95.55111694335938,105.2258071899414,156.80406188964844
2025-05-16,210.42518615722656,176.95458984375,131.1658935546875,309.7266540527344,417.1300048828125,309.1898498535156,163.89820861816406,117.16999816894531,264.46087646484375,203.83946228027344,205.58999633789062,86.13932800292969,205.82000732421875,43.48101806640625,210.53587341308594,964.2911376953125,44.028167724609375,106.04000091552734,141.558349609375,74.04138946533203,349.1465759277344,291.5699462890625,321.55999755859375,312.4787902832031,31.42759132385254,88.7096939086914,288.04541015625,1018.4683227539062,61.95680236816406,59.952510833740234,134.74647521972656,523.2483520507812,194.3646240234375,111.32636260986328,110.7037353515625,325.2949523925781,230.2725830078125,99.19328308105469,165.51686096191406,603.8048706054688,368.6273193359375,215.60337829589844,260.1072998046875,661.9379272460938,563.5999755859375,243.66184997558594,146.38607788085938,261.2787170410156,78.42155456542969,69.52275848388672,450.2538146972656,752.0698852539062,452.90081787109375,228.3007354736328,83.75687408447266,578.884521484375,309.3081970214844,62.689388275146484,637.7574462890625,54.20869445800781,72.86982727050781,129.06480407714844,450.67022705078125,97.7509536743164,72.30433654785156,119.15299987792969,61.01894760131836,208.03599548339844,135.2105255126953,158.34494018554688,192.97999572753906,125.57569122314453,20.97193717956543,157.5382843017578,129.52000427246094,163.25392150878906,148.4602813720703,590.2089233398438,83.36991882324219,87.57906341552734,360.14654541015625,34.52799606323242,514.4299926757812,85.18584442138672,489.26361083984375,389.4039001464844,26.20983123779297,131.72964477539062,410.1381530761719,349.9800109863281,183.3571014404297,282.2921142578125,224.91915893554688,362.2585754394531,40.52202224731445,74.54432678222656,225.46176147460938,97.4254379272461,104.84784698486328,159.43453979492188
2025-05-19,207.9550018310547,178.57969665527344,131.89564514160156,311.3840637207031,420.67999267578125,312.6653747558594,164.2644805908203,114.73999786376953,267.80047607421875,205.51123046875,206.16000366210938,85.67333984375,205.25,43.55885314941406,212.94845581054688,968.1397094726562,44.470802307128906,106.66000366210938,140.3521728515625,74.44229888916016,348.1492919921875,291.8175964355469,320.29998779296875,313.4718933105469,31.392152786254883,87.50946807861328,290.4373779296875,1026.9173583984375,62.24896240234375,60.19220733642578,132.92283630371094,521.6239013671875,194.66192626953125,110.58039093017578,109.21810913085938,325.512451171875,233.759765625,102.73521423339844,165.8654327392578,597.2403564453125,367.27203369140625,217.5961151123047,261.7161560058594,662.5107421875,561.6300048828125,244.02056884765625,147.5081787109375,258.66168212890625,78.19701385498047,69.45515441894531,452.77178955078125,749.8058471679688,457.4847412109375,228.49566650390625,83.1517333984375,581.9909057617188,311.8517150878906,63.07328796386719,637.8471069335938,54.742584228515625,73.99076080322266,127.75639343261719,455.2337646484375,98.39929962158203,71.20530700683594,119.16400146484375,60.023075103759766,205.14999389648438,135.38027954101562,157.5063018798828,194.3000030517578,125.39492797851562,21.128097534179688,158.9759063720703,126.33000183105469,165.8688201904297,149.62850952148438,592.4135131835938,82.43460083007812,88.11229705810547,358.6504821777344,33.89091110229492,516.010009765625,86.64805603027344,490.96795654296875,389.8780517578125,26.493492126464844,133.3992156982422,411.989501953125,342.0899963378906,183.2014617919922,305.4820251464844,223.05311584472656,365.0168151855469,40.81679916381836,74.4269027709961,227.50189208984375,97.30644226074219,103.18097686767578,160.31468200683594
2025-05-20,206.04258728027344,177.7527313232422,131.5550994873047,312.1542053222656,417.6099853515625,312.5104675292969,164.0565948486328,113.51000213623047,266.9850158691406,205.76914978027344,204.07000732421875,85.55435180664062,207.6699981689453,43.48101806640625,210.2828369140625,972.0856323242188,45.08295822143555,106.54000091552734,139.14596557617188,74.21739959716797,345.10784912109375,289.22216796875,320.54998779296875,316.4317932128906,31.5250244140625,86.81257629394531,290.7350769042969,1029.3795166015625,61.762027740478516,61.112632751464844,131.7518768310547,518.1781616210938,196.0098419189453,110.28591918945312,107.90499114990234,324.4843444824219,233.72996520996094,105.59004211425781,163.31582641601562,591.6024780273438,365.016357421875,217.71218872070312,260.2925720214844,662.8070068359375,557.1599731445312,242.30465698242188,148.6399383544922,259.44281005859375,78.52290344238281,69.22342681884766,452.2996826171875,741.7627563476562,460.15386962890625,225.3961639404297,83.61799621582031,576.7307739257812,310.4634094238281,63.217247009277344,634.5304565429688,55.138404846191406,74.69972229003906,126.08670043945312,454.53936767578125,97.8506851196289,71.73553466796875,119.2020034790039,60.4871711730957,204.3679962158203,134.1919403076172,158.16734313964844,194.47999572753906,125.40442657470703,21.605777740478516,159.81529235839844,125.58999633789062,166.77874755859375,149.74533081054688,611.4393310546875,83.38938903808594,88.06291198730469,355.77734375,33.36966323852539,515.6099853515625,87.95532989501953,489.71307373046875,384.80072021484375,26.26656723022461,133.30044555664062,411.8202819824219,343.82000732421875,183.56138610839844,310.9845275878906,221.91600036621094,363.9651184082031,40.73389434814453,73.89849090576172,229.4047088623047,96.98909759521484,101.70793151855469,160.03109741210938
2025-05-21,201.29141235351562,174.81980895996094,129.46307373046875,309.7558898925781,414.0299987792969,312.3459167480469,160.59194946289062,112.05999755859375,263.4220886230469,204.17381286621094,201.1199951171875,84.95948028564453,203.2100067138672,42.07997131347656,209.59507751464844,947.8446044921875,44.263607025146484,104.63999938964844,132.67117309570312,71.79237365722656,338.2154235839844,287.6966552734375,317.54998779296875,308.73028564453125,31.090991973876953,84.35406494140625,289.1768493652344,1017.9423217773438,61.54778289794922,59.54982376098633,130.11061096191406,506.6888122558594,185.14735412597656,108.4209976196289,106.75482940673828,318.63226318359375,232.02113342285156,104.24488067626953,167.87728881835938,578.8637084960938,359.00457763671875,214.6263427734375,254.36416625976562,651.7661743164062,547.0700073242188,237.1762237548828,148.17562866210938,254.9118194580078,77.39517974853516,69.37792205810547,448.02105712890625,719.857666015625,454.7962646484375,221.61439514160156,82.12995147705078,565.248046875,307.2015380859375,62.63180923461914,632.9369506835938,54.724178314208984,73.75125122070312,122.34696197509766,448.9837341308594,95.596435546875,68.96869659423828,119.46299743652344,57.99264907836914,202.95199584960938,131.6155548095703,155.07916259765625,181.25999450683594,123.83450317382812,21.164846420288086,159.61265563964844,120.58000183105469,167.27684020996094,147.30181884765625,601.32470703125,80.84651184082031,86.48296356201172,350.6650695800781,32.693965911865234,501.4599914550781,86.8223648071289,477.84814453125,375.1201477050781,25.973453521728516,129.4475555419922,396.42242431640625,334.6199951171875,180.36114501953125,292.99737548828125,217.33827209472656,355.49200439453125,40.30094528198242,71.6185302734375,229.6204833984375,95.63044738769531,100.45779418945312,157.8699493408203
2025-05-22,200.5643310546875,175.53138732910156,127.95484161376953,308.5177307128906,414.3299865722656,311.39715576171875,159.3510284423828,110.70999908447266,263.96575927734375,200.86851501464844,203.10000610351562,84.53314208984375,203.41000366210938,42.13834762573242,211.51943969726562,944.989990234375,44.29186248779297,104.5,132.1307830810547,71.79237365722656,340.8617858886719,284.3978576660156,316.6300048828125,304.43658447265625,30.639244079589844,83.36678314208984,287.93621826171875,1010.82373046875,61.7036018371582,57.737728118896484,129.85145568847656,507.6635437011719,185.81141662597656,109.07862854003906,106.18932342529297,317.3867492675781,228.77243041992188,103.29649353027344,170.1779022216797,583.5162963867188,354.44488525390625,216.32887268066406,251.92652893066406,657.7803955078125,542.6699829101562,237.2344207763672,147.62425231933594,254.5504913330078,76.25950622558594,68.69235229492188,451.4636535644531,710.1762084960938,454.960693359375,218.08602905273438,81.90177917480469,565.843505859375,305.1336975097656,62.85253143310547,634.0025634765625,54.586097717285156,74.57516479492188,123.28433227539062,451.2555847167969,94.58900451660156,64.53401947021484,118.7969970703125,59.28824996948242,203.1540069580078,132.6441192626953,155.20745849609375,186.13999938964844,123.80595397949219,21.164846420288086,159.22674560546875,122.29000091552734,167.8419647216797,143.4661865234375,593.5971069335938,81.8110580444336,86.21633911132812,349.6743469238281,32.57813262939453,503.4800109863281,86.02830505371094,478.8314208984375,373.6680908203125,25.74652862548828,128.0150604248047,398.6121826171875,341.0400085449219,175.29327392578125,286.895263671875,216.60934448242188,355.1646423339844,39.729827880859375,71.8142318725586,228.84564208984375,95.13460540771484,99.78910827636719,158.3882293701172
2025-05-23,194.49838256835938,176.2237548828125,127.76025390625,301.8199157714844,407.69000244140625,310.8550109863281,156.36294555664062,110.30999755859375,263.7327575683594,202.38742065429688,200.99000549316406,84.82068634033203,202.36000061035156,42.03132629394531,211.15870666503906,938.4424438476562,44.122344970703125,104.5,131.3491668701172,71.46969604492188,339.08441162109375,283.4171142578125,315.510009765625,307.6593017578125,30.577238082885742,82.45694732666016,290.1594543457031,1001.2628173828125,61.46013641357422,58.32258987426758,131.05120849609375,502.1600646972656,182.89756774902344,107.69465637207031,105.60466003417969,317.3768310546875,231.27603149414062,103.90616607666016,167.7876434326172,583.8186645507812,351.134033203125,214.7811279296875,252.18003845214844,711.16748046875,539.5399780273438,234.4520721435547,147.9434814453125,254.58953857421875,75.23212432861328,69.30066680908203,451.3652648925781,708.6967163085938,453.44232177734375,215.473876953125,80.41374206542969,559.3330078125,305.38616943359375,63.47636413574219,624.5308837890625,54.99112319946289,74.32608032226562,123.09881591796875,446.6126403808594,93.13272094726562,65.32454681396484,118.53900146484375,58.03132629394531,200.87399291992188,131.10626220703125,153.88536071777344,186.75,123.06380462646484,21.422056198120117,160.02755737304688,123.30999755859375,170.67715454101562,141.5289306640625,585.133544921875,82.22999572753906,86.30520629882812,349.2483215332031,32.49126052856445,498.8500061035156,86.80298614501953,477.614013671875,372.0283203125,25.926177978515625,124.18192291259766,391.8240051269531,339.3399963378906,171.48995971679688,285.8315124511719,215.87069702148438,350.76934814453125,39.904842376708984,71.26626586914062,232.26869201660156,95.54119110107422,99.84724426269531,158.9847412109375
2025-05-27,199.4188690185547,178.5893096923828,129.3560333251953,307.5232849121094,413.1000061035156,315.3277282714844,160.6514892578125,114.55999755859375,271.29547119140625,204.14517211914062,206.02000427246094,87.57697296142578,201.02999877929688,43.02373123168945,215.8682861328125,956.11669921875,44.16001892089844,106.16999816894531,134.41773986816406,73.79692840576172,347.1025695800781,287.0130920410156,323.0799865722656,306.968017578125,30.9581241607666,82.80538940429688,291.1916198730469,1010.4861450195312,62.08340835571289,58.811561584472656,132.28936767578125,501.7367858886719,187.4962615966797,110.28591918945312,106.6110610961914,324.3954162597656,240.2075653076172,105.5706787109375,172.19969177246094,600.5859985351562,358.57861328125,219.0664825439453,256.6653137207031,742.6013793945312,550.1900024414062,239.1539306640625,149.51422119140625,259.06201171875,78.40069580078125,69.3103256225586,460.26666259765625,720.1257934570312,461.14996337890625,220.0938720703125,83.27078247070312,570.2202758789062,305.75506591796875,64.20575714111328,639.7294311523438,54.88066101074219,74.33565521240234,126.16481018066406,457.03936767578125,96.13506317138672,65.59449768066406,121.15699768066406,60.74822235107422,205.47799682617188,135.3103485107422,159.74595642089844,187.4600067138672,124.99530029296875,21.68845558166504,161.86074829101562,123.38999938964844,171.67330932617188,144.69281005859375,599.9722290039062,84.77289581298828,87.51980590820312,355.99530029296875,32.751888275146484,511.7900085449219,87.07412719726562,483.86962890625,379.10107421875,25.897811889648438,126.41461944580078,401.6678466796875,362.8900146484375,178.24061584472656,285.2802734375,218.04779052734375,356.4842224121094,40.070655822753906,72.4013442993164,233.4652862548828,96.77091979980469,100.32210540771484,162.5833740234375
2025-05-28,199.62802124023438,176.060302734375,128.46083068847656,308.0692443847656,412.2300109863281,313.8078308105469,160.4132537841797,112.86000061035156,270.2760925292969,202.96060180664062,204.72000122070312,87.37866973876953,201.5,42.86806106567383,216.79962158203125,946.3345336914062,44.2353630065918,104.51000213623047,133.5589141845703,73.36668395996094,345.10784912109375,286.2899475097656,288.6099853515625,302.6645202636719,30.674671173095703,81.86650848388672,287.0231018066406,1005.8695678710938,61.68412399291992,59.87581253051758,130.5521240234375,500.1221618652344,187.32777404785156,109.46143341064453,105.86344146728516,321.9339904785156,242.08526611328125,104.94165802001953,171.66188049316406,593.4752807617188,356.3133544921875,217.27688598632812,253.7498779296875,745.0604248046875,552.4099731445312,236.38128662109375,148.71420288085938,257.3042907714844,77.25210571289062,68.70201110839844,454.9159851074219,714.3367919921875,454.5061340332031,218.83653259277344,83.33030700683594,571.5799560546875,303.7066345214844,63.937042236328125,640.984375,54.75178909301758,72.9752197265625,124.50487518310547,453.7357482910156,95.93557739257812,64.79431915283203,120.8550033569336,59.733009338378906,204.25999450683594,134.62135314941406,161.6600341796875,187.8000030517578,124.32927703857422,21.2934513092041,161.4748077392578,123.76000213623047,171.25186157226562,143.6901092529297,588.6243286132812,83.78885650634766,86.94707489013672,351.4477844238281,32.414039611816406,462.42999267578125,85.42794036865234,479.8728332519531,375.7524108886719,26.001819610595703,124.69564056396484,400.2545166015625,356.8999938964844,179.1257781982422,288.2878112792969,215.93873596191406,356.9108581542969,39.729827880859375,72.14694213867188,232.60215759277344,96.43373107910156,98.95567321777344,161.74237060546875
2025-05-29,199.15988159179688,178.49313354492188,129.26846313476562,309.765625,413.3599853515625,313.7884521484375,158.318603515625,113.02999877929688,275.26611328125,204.15472412109375,205.6999969482422,88.16193389892578,208.17999267578125,43.04319381713867,217.85841369628906,951.2450561523438,45.06412124633789,104.5,134.01243591308594,73.85559844970703,347.3790588378906,291.3916320800781,284.5,303.8231506347656,30.364646911621094,82.85379028320312,288.5118408203125,1001.5010986328125,61.40170669555664,60.19220733642578,132.36614990234375,495.6524658203125,188.77479553222656,109.95219421386719,105.31710815429688,321.0838317871094,242.57208251953125,107.5255126953125,171.16390991210938,589.9832763671875,356.53594970703125,217.8379669189453,252.23855590820312,747.7958984375,555.75,238.22325134277344,149.836181640625,258.16357421875,76.9013671875,69.03030395507812,456.4602355957031,717.4944458007812,458.093994140625,219.2361297607422,83.48902893066406,573.426025390625,302.7552490234375,64.75279998779297,642.4484252929688,54.75178909301758,73.19557189941406,125.13955688476562,455.0453186035156,96.55400085449219,66.51033782958984,118.48600006103516,59.404273986816406,203.04600524902344,138.99522399902344,160.7227020263672,185.82000732421875,125.51860809326172,21.54147720336914,162.63259887695312,122.31999969482422,170.3706512451172,144.4104766845703,602.0906372070312,81.88899230957031,86.66070556640625,352.4583435058594,32.510562896728516,454.989990234375,85.94116973876953,482.3309020996094,377.6884460449219,25.888357162475586,125.5353775024414,401.866943359375,358.42999267578125,179.94288635253906,288.3458557128906,216.2594757080078,359.5599365234375,39.914058685302734,72.91018676757812,233.20046997070312,96.2948989868164,99.51775360107422,163.4438934326172
2025-05-30,200.05633544921875,178.96432495117188,129.97877502441406,308.87847900390625,415.0899963378906,315.1534729003906,155.60848999023438,110.7300033569336,279.77069091796875,205.05267333984375,205.00999450683594,89.16333770751953,207.32000732421875,42.93616485595703,218.5287628173828,954.7233276367188,45.46908950805664,105.26000213623047,133.8966522216797,73.65026092529297,343.66619873046875,294.4130554199219,287.07000732421875,308.2922058105469,30.621524810791016,82.61180877685547,289.0577087402344,1032.715576171875,61.391963958740234,61.4002685546875,131.2047576904297,498.4189453125,188.20986938476562,110.95337677001953,104.06150817871094,316.5267639160156,244.3107147216797,106.52873992919922,171.04440307617188,588.6011962890625,356.53594970703125,219.26962280273438,252.59930419921875,744.092529296875,552.3400268554688,237.59310913085938,151.4264373779297,257.8022766113281,75.20330810546875,69.61930847167969,459.9027099609375,732.4883422851562,466.49786376953125,220.01589965820312,80.14588928222656,581.18701171875,304.6871643066406,64.7719955444336,644.8786010742188,55.79196548461914,73.61711883544922,125.01261901855469,456.7119445800781,94.2199478149414,68.10103607177734,120.7229995727539,58.58244323730469,202.21800231933594,134.94090270996094,163.31756591796875,192.4199981689453,125.07141876220703,21.57822036743164,163.9158477783203,131.77999877929688,172.97598266601562,141.3536834716797,487.60791015625,81.79156494140625,87.23344421386719,355.489990234375,31.90243911743164,463.9800109863281,87.15159606933594,481.16754150390625,377.9749755859375,26.285472869873047,125.36742401123047,400.9412841796875,346.4599914550781,177.86126708984375,291.9626159667969,216.73858642578125,362.3280334472656,40.494388580322266,73.17438507080078,236.3489227294922,97.90145874023438,99.13980865478516,164.9009552001953
2025-06-02,200.90296936035156,179.810546875,129.96905517578125,306.5873718261719,403.3999938964844,315.4148254394531,156.12472534179688,114.62999725341797,280.0522155761719,204.53683471679688,206.64999389648438,89.58966064453125,211.47000122070312,42.887516021728516,219.31988525390625,952.9501342773438,45.949398040771484,104.16999816894531,133.9448699951172,74.11962890625,340.3483581542969,297.117431640625,292.5299987792969,306.6856689453125,30.408937454223633,83.93785858154297,289.8815612792969,1049.265869140625,62.180789947509766,60.97840881347656,132.2989501953125,499.9744567871094,187.5458526611328,110.86502838134766,106.71648406982422,315.2020568847656,245.8704833984375,105.39649200439453,168.34536743164062,586.9052734375,356.2165222167969,218.1571807861328,257.318603515625,755.46923828125,553.2899780273438,235.23733520507812,151.61180114746094,258.44677734375,75.75575256347656,69.52275848388672,456.9421691894531,741.8719482421875,466.24468994140625,219.81121826171875,81.82243347167969,576.8399658203125,305.27294921875,64.79119110107422,668.1941528320312,55.81037521362305,73.0518569946289,125.37389373779297,458.3092346191406,97.93049621582031,68.17587280273438,121.89800262451172,59.92557907104492,202.4219970703125,137.187744140625,164.34365844726562,194.86000061035156,124.55762481689453,21.550661087036133,161.88003540039062,132.0399932861328,175.04490661621094,142.7458038330078,488.1350402832031,82.99968719482422,87.00631713867188,352.15118408203125,32.182369232177734,466.1499938964844,87.093505859375,481.85247802734375,376.2166748046875,26.40839385986328,126.87893676757812,394.62091064453125,342.69000244140625,179.1841583251953,294.6800231933594,214.03009033203125,362.4570007324219,40.623355865478516,73.11567687988281,237.45726013183594,98.94275665283203,99.86663818359375,165.67349243164062
2025-06-03,202.46678161621094,180.06057739257812,130.1052703857422,305.05670166015625,412.489990234375,316.1216125488281,160.56216430664062,117.30999755859375,281.1200866699219,203.84901428222656,205.7100067138672,90.8984146118164,213.42999267578125,43.442100524902344,216.79209899902344,956.9058227539062,45.29014587402344,103.0999984741211,134.13787841796875,74.83342742919922,345.0190124511719,293.6304626464844,293.3299865722656,304.9149169921875,30.701248168945312,85.08967590332031,289.36541748046875,1048.0147705078125,62.67745590209961,60.96881866455078,133.9402313232422,505.2022705078125,190.35064697265625,111.5030288696289,108.13501739501953,322.10198974609375,247.25146484375,105.80294036865234,165.5069122314453,591.9144287109375,361.173095703125,219.36636352539062,258.5862121582031,755.1432495117188,551.8499755859375,237.76759338378906,150.65570068359375,260.0189514160156,77.08219909667969,68.71166229248047,464.0731201171875,745.50634765625,467.5592346191406,223.00819396972656,82.99302673339844,577.5843505859375,304.9898376464844,64.34011840820312,664.1604614257812,55.571041107177734,73.90453338623047,125.64728546142578,459.3013000488281,101.99015045166016,68.9533462524414,121.79399871826172,60.7042121887207,202.17599487304688,141.02235412597656,166.8793182373047,197.1199951171875,125.4520263671875,21.449617385864258,160.98277282714844,133.1699981689453,174.68093872070312,144.99459838867188,485.20111083984375,84.37342834472656,86.89769744873047,354.44976806640625,32.925636291503906,466.260009765625,86.75457763671875,480.6421813964844,376.3648681640625,26.43675994873047,126.57268524169922,398.06475830078125,344.2699890136719,182.94857788085938,291.2953186035156,216.85594177246094,362.9927978515625,40.37464141845703,74.02571105957031,235.58387756347656,99.15101623535156,100.59346008300781,166.53402709960938
2025-06-04,202.0185546875,180.14712524414062,129.37548828125,308.4689636230469,413.9100036621094,315.811767578125,160.75076293945312,118.58000183105469,278.63482666015625,204.77565002441406,207.22999572753906,91.12645721435547,211.97999572753906,43.159942626953125,220.0361785888672,963.5701293945312,45.158302307128906,102.43000030517578,133.8966522216797,74.70630645751953,344.9498596191406,289.0438537597656,294.3999938964844,303.3985290527344,30.506372451782227,83.19255828857422,286.8543701171875,1044.1427001953125,62.70667266845703,60.949642181396484,131.8478546142578,499.9154052734375,191.361572265625,111.39506530761719,106.17015838623047,323.3277893066406,249.24838256835938,105.50293731689453,167.36932373046875,587.3856201171875,360.5147399902344,220.024169921875,258.8982238769531,757.2666015625,557.9500122070312,238.97940063476562,149.48495483398438,258.01715087890625,77.70816802978516,68.9144287109375,467.477294921875,760.4605712890625,469.545654296875,222.6085662841797,84.09416961669922,579.7281494140625,304.1892395019531,63.94662857055664,685.1754760742188,54.59530258178711,74.98713684082031,125.13955688476562,460.19415283203125,102.98760986328125,67.91345977783203,123.96600341796875,61.09353256225586,202.54800415039062,141.7213897705078,165.8532257080078,194.07000732421875,125.34736633300781,21.486360549926758,160.11439514160156,130.00999450683594,173.0430450439453,145.1016845703125,482.2870788574219,85.8446044921875,86.38421630859375,358.8684997558594,32.3561897277832,473.19000244140625,85.49571990966797,482.1807861328125,377.8860778808594,25.869447708129883,126.52330780029297,401.7773742675781,332.04998779296875,185.5165252685547,290.4830627441406,215.96612548828125,365.1159973144531,39.83115768432617,73.7614974975586,234.30880737304688,98.52623748779297,99.13980865478516,164.86183166503906
2025-06-05,199.8372039794922,180.27210998535156,130.32907104492188,307.47454833984375,415.20001220703125,315.8311767578125,162.9943084716797,115.69000244140625,278.7221984863281,206.55247497558594,207.91000366210938,91.73123931884766,209.02000427246094,43.17940139770508,220.57150268554688,965.2352905273438,45.05470275878906,102.83000183105469,132.9316864013672,74.97032928466797,344.5845031738281,288.7862854003906,296.2900085449219,304.27899169921875,30.311504364013672,82.61180877685547,286.24896240234375,1003.5562744140625,62.930667877197266,60.47984313964844,131.396728515625,502.8393859863281,190.43983459472656,110.4527816772461,106.41936492919922,322.73468017578125,250.2816162109375,106.896484375,167.52870178222656,593.9240112304688,359.716064453125,219.26962280273438,260.20477294921875,757.0986938476562,558.0599975585938,238.5916290283203,149.9142303466797,255.8004150390625,78.681884765625,68.47026824951172,464.013916015625,760.3016357421875,465.4754638671875,221.82882690429688,84.2330551147461,581.0282592773438,301.66058349609375,63.69710922241211,681.8587646484375,54.668941497802734,74.36441040039062,127.54159545898438,463.9739685058594,106.0198745727539,69.48787689208984,125.052001953125,60.9962043762207,203.52000427246094,139.7941131591797,168.85260009765625,197.11000061035156,124.74793243408203,21.238332748413086,157.0751495361328,119.91000366210938,174.28823852539062,144.51406860351562,480.4372253417969,84.75340270996094,86.14720916748047,354.568603515625,32.200439453125,482.20001220703125,85.5828628540039,483.8883056640625,378.42938232421875,26.24765396118164,125.83174896240234,396.5020446777344,284.70001220703125,185.29283142089844,286.0926208496094,215.75100708007812,363.8956604003906,39.88642501831055,73.29180908203125,234.06358337402344,97.14776611328125,98.684326171875,164.8813934326172
2025-06-06,203.11419677734375,182.54148864746094,129.97877502441406,309.6876220703125,416.9200134277344,316.3926696777344,165.52574157714844,116.19000244140625,281.8579406738281,203.0370330810547,213.57000732421875,92.56409454345703,210.8000030517578,44.01128387451172,222.70111083984375,968.7515869140625,45.59151840209961,102.08999633789062,135.5274200439453,76.52508544921875,348.91949462890625,291.06475830078125,296.95001220703125,305.41387939453125,30.736679077148438,84.42181396484375,286.7749938964844,1007.6566162109375,64.33301544189453,60.959228515625,134.57369995117188,511.9362487792969,194.27540588378906,111.79750061035156,109.31394958496094,327.6476745605469,253.96751403808594,108.83196258544922,172.9765167236328,601.8837890625,357.8165588378906,221.3107452392578,262.1646423339844,761.977294921875,557.0800170898438,239.99732971191406,151.25083923339844,259.49169921875,80.28257751464844,68.8951187133789,466.431396484375,764.4721069335938,469.039306640625,219.5675506591797,85.66156768798828,585.6729736328125,300.0789489746094,63.485965728759766,694.8960571289062,54.5308723449707,75.65777587890625,128.71328735351562,466.6526184082031,108.28411102294922,70.12931060791016,124.14700317382812,61.12273025512695,206.04200744628906,141.52166748046875,171.69410705566406,199.60000610351562,125.0778579711914,21.449617385864258,158.2522735595703,127.72000122070312,174.06790161132812,146.15940856933594,490.5319519042969,87.33527374267578,87.14456939697266,354.1723327636719,32.96943664550781,486.0,85.46665954589844,487.265869140625,379.209716796875,26.550222396850586,126.8987045288086,400.0255432128906,295.1400146484375,187.170166015625,293.22943115234375,218.4692840576172,367.318603515625,40.34700393676758,74.69110870361328,232.60202026367188,96.66181945800781,101.04893493652344,166.39712524414062
2025-06-09,200.65396118164062,181.89723205566406,129.8036346435547,308.6834716796875,416.260009765625,308.41534423828125,168.55352783203125,121.7300033569336,281.5181579589844,203.31407165527344,216.97999572753906,92.16748809814453,217.50999450683594,43.91341018676758,219.71835327148438,968.5458984375,46.14716720581055,100.04000091552734,135.07386779785156,76.43708038330078,353.5802917480469,287.0824279785156,301.6600036621094,304.6507263183594,30.64809799194336,85.21550750732422,281.8223876953125,998.9594116210938,64.17720031738281,61.22768783569336,135.1015625,513.6000366210938,197.4270782470703,113.52501678466797,109.58233642578125,322.07232666015625,249.7749481201172,109.35454559326172,175.58909606933594,601.4132080078125,355.7417297363281,219.71463012695312,265.2945861816406,754.8667602539062,526.1500244140625,239.72589111328125,151.44595336914062,260.47796630859375,82.39793395996094,69.30066680908203,465.8985595703125,768.2752075195312,468.2018737792969,217.94956970214844,87.59602355957031,579.9265747070312,297.5600891113281,64.01380157470703,691.2606811523438,54.3743782043457,76.00267791748047,128.84024047851562,469.0038146972656,110.66803741455078,69.87661743164062,122.44599914550781,60.256500244140625,205.3719940185547,142.43038940429688,174.7822723388672,196.3300018310547,125.01053619384766,22.019153594970703,156.8435821533203,132.05999755859375,173.0142822265625,152.20204162597656,514.779052734375,88.33879089355469,87.10506439208984,354.63800048828125,33.21278762817383,495.7699890136719,85.6990737915039,483.17529296875,377.6193542480469,26.342208862304688,124.82406616210938,406.6246337890625,308.5799865722656,193.77491760253906,293.200439453125,219.1635284423828,363.7865295410156,40.208831787109375,74.81832122802734,230.2989501953125,96.6419906616211,101.7273178100586,160.96983337402344
2025-06-10,201.86915588378906,182.22418212890625,130.51394653320312,312.8757019042969,416.05999755859375,304.494384765625,172.5045623779297,123.23999786376953,284.86749267578125,205.01446533203125,217.61000061035156,91.70149993896484,215.72999572753906,44.12872314453125,217.6783905029297,971.5430297851562,47.06069564819336,99.33999633789062,137.94943237304688,76.30018615722656,354.0740051269531,283.56573486328125,305.69000244140625,306.8226318359375,31.551599502563477,88.25477600097656,282.1101379394531,1000.0416870117188,63.446800231933594,61.6112060546875,137.58746337890625,507.8309020996094,200.81666564941406,116.53834533691406,112.98490905761719,320.5203552246094,240.42613220214844,106.53842163085938,178.0919647216797,602.736572265625,358.38153076171875,218.87301635742188,269.3508605957031,752.6151733398438,529.5999755859375,241.39334106445312,152.63621520996094,262.2943115234375,85.1104507446289,69.86071014404297,469.2434997558594,801.52001953125,464.3750915527344,219.19717407226562,90.27449798583984,585.0972290039062,293.3131408691406,64.53206634521484,699.567138671875,53.90492248535156,77.93795776367188,128.71328735351562,467.1883544921875,113.84992218017578,70.76101684570312,120.36199951171875,62.16415023803711,201.95799255371094,143.75852966308594,175.10784912109375,195.9499969482422,126.80928802490234,22.322296142578125,157.11375427246094,132.80999755859375,171.48175048828125,155.8452606201172,520.6767578125,89.0792465209961,87.164306640625,357.39227294921875,34.5755615234375,504.3999938964844,86.47376251220703,482.16204833984375,380.3555603027344,26.8716983795166,124.51781463623047,412.6065979003906,326.0899963378906,196.7708740234375,293.7806396484375,221.5689239501953,367.7948913574219,40.6509895324707,73.83000183105469,230.2989501953125,96.51306915283203,103.90782165527344,163.40476989746094
2025-06-11,197.99452209472656,184.14739990234375,131.63294982910156,311.2182922363281,412.8399963378906,302.4129943847656,171.53167724609375,121.13999938964844,283.29473876953125,204.77565002441406,213.1999969482422,92.27656555175781,214.0,43.776397705078125,216.8176727294922,972.9143676757812,47.23963165283203,99.4000015258789,136.43447875976562,76.64242553710938,358.58673095703125,282.93170166015625,307.20001220703125,303.47674560546875,31.161855697631836,90.35515594482422,284.49224853515625,989.6270141601562,62.511898040771484,63.011024475097656,138.95997619628906,512.7731323242188,202.89797973632812,117.31375885009766,114.94020080566406,321.9734802246094,243.92324829101562,105.7739028930664,176.8455047607422,611.85302734375,351.12445068359375,218.44737243652344,274.4991455078125,755.2322387695312,522.4099731445312,239.08604431152344,151.47523498535156,261.8548278808594,86.64158630371094,69.59034729003906,462.3168029785156,802.9299926757812,444.6082458496094,215.99044799804688,90.22489166259766,586.288330078125,294.57257080078125,64.25373840332031,691.3403930664062,55.14760971069336,76.95115661621094,128.7035369873047,468.87481689453125,115.73511505126953,70.94566345214844,121.98799896240234,61.42445373535156,200.86599731445312,142.6400146484375,174.02255249023438,194.38999938964844,124.95280456542969,22.487648010253906,156.40940856933594,136.38999938964844,175.63876342773438,156.18801879882812,515.7735595703125,92.93743133544922,87.29268646240234,353.8255615234375,34.74104309082031,500.7300109863281,86.71585083007812,482.2183532714844,376.4339599609375,26.796058654785156,123.02604675292969,413.2137451171875,326.42999267578125,194.24180603027344,300.32763671875,220.7084503173828,370.3843994140625,40.2917366027832,73.32115936279297,230.59420776367188,95.00567626953125,105.93325805664062,162.6518096923828
2025-06-12,198.41285705566406,185.0320587158203,132.77139282226562,310.1556396484375,413.67999267578125,299.8764953613281,173.7255859375,118.5,288.6148376464844,207.96630859375,213.24000549316406,93.79351806640625,203.75,43.66874313354492,216.6459197998047,967.9679565429688,47.738773345947266,98.55999755859375,135.85548400878906,76.4957504272461,356.4340515136719,286.5772399902344,307.8500061035156,308.5346984863281,31.2415714263916,91.65216064453125,292.82928466796875,995.5144653320312,63.39811325073242,63.615055084228516,139.142333984375,508.8547668457031,203.27459716796875,116.4205551147461,115.5823745727539,326.55035400390625,238.42921447753906,108.43519592285156,175.2001953125,612.7745361328125,353.7545166015625,218.6698760986328,274.02142333984375,756.674072265625,513.0,238.49468994140625,152.84109497070312,261.9427490234375,86.93966674804688,69.75448608398438,464.2803039550781,806.3260498046875,456.94549560546875,217.84234619140625,90.92923736572266,584.83935546875,295.978515625,65.37662506103516,690.5635986328125,55.15681076049805,78.38824462890625,128.81094360351562,475.0752868652344,115.8847427368164,71.76202392578125,121.50299835205078,61.12273025512695,201.4739990234375,144.80714416503906,197.18873596191406,197.6699981689453,127.26141357421875,22.818349838256836,157.44178771972656,135.19000244140625,176.33799743652344,155.42410278320312,518.9959716796875,91.89494323730469,87.39144134521484,352.9042053222656,34.68264389038086,494.989990234375,87.50021362304688,474.6094665527344,375.8511657714844,26.72987174987793,122.95690155029297,413.39288330078125,319.1099853515625,194.21263122558594,308.0059509277344,220.48355102539062,368.4893493652344,39.7574577331543,72.42092895507812,233.40907287597656,94.04371643066406,106.34027862548828,165.08676147460938
2025-06-13,195.6737060546875,183.74349975585938,131.96376037597656,303.89654541015625,391.67999267578125,298.5240783691406,169.34768676757812,116.16000366210938,286.605224609375,206.81094360351562,212.10000610351562,91.70149993896484,200.32000732421875,43.15003967285156,210.15797424316406,951.8751831054688,46.8535041809082,99.73999786376953,131.62901306152344,74.66719818115234,352.5730895996094,285.0564880371094,300.0,310.5207214355469,31.011272430419922,93.8493423461914,293.3255615234375,983.1041259765625,62.414512634277344,64.6792984008789,140.04454040527344,501.6973571777344,198.884033203125,115.76292419433594,120.0776138305664,319.9469909667969,235.06126403808594,107.18769073486328,174.17312622070312,601.432861328125,345.47467041015625,216.9673309326172,270.3064270019531,744.59619140625,512.1799926757812,234.1030731201172,153.2703857421875,258.7300109863281,86.21135711669922,69.06404876708984,459.7908020019531,813.6045532226562,473.67431640625,211.7700653076172,88.8062973022461,557.7946166992188,294.75811767578125,64.23455047607422,680.115966796875,55.05556106567383,78.28285217285156,126.43822479248047,471.1962585449219,115.30621337890625,72.67556762695312,121.21499633789062,58.91335678100586,197.73199462890625,141.78115844726562,212.34344482421875,196.27000427246094,125.86663055419922,22.54276466369629,154.64378356933594,137.39999389648438,176.55831909179688,151.52627563476562,526.3555297851562,90.86219787597656,86.26571655273438,332.7721862792969,35.33482360839844,478.8599853515625,87.49052429199219,470.5001525878906,372.7000427246094,26.65422821044922,122.41353607177734,401.2970275878906,325.30999755859375,189.6797637939453,303.19970703125,218.41061401367188,350.08477783203125,39.619285583496094,70.80635070800781,232.7693328857422,93.65695190429688,108.65645599365234,160.69602966308594
2025-06-16,197.63592529296875,183.53195190429688,130.3971710205078,306.4508361816406,401.7300109863281,299.5845642089844,175.26431274414062,126.38999938964844,286.935302734375,206.98426818847656,216.10000610351562,92.58391571044922,201.6999969482422,43.463218688964844,212.96067810058594,961.9442749023438,45.82696533203125,101.48999786376953,133.41416931152344,76.33929443359375,357.8955383300781,284.69866943359375,300.80999755859375,307.6248779296875,31.0998477935791,91.95221710205078,290.30828857421875,977.2960205078125,63.79739761352539,64.91899108886719,140.1597137451172,516.3173217773438,199.3201141357422,117.27450561523438,118.06481170654297,334.1324462890625,235.00161743164062,108.01611328125,176.26715087890625,615.4603881835938,344.4031677246094,216.77386474609375,274.80145263671875,758.5208129882812,519.0399780273438,236.98233032226562,151.4362030029297,264.0129699707031,88.66653442382812,68.57782745361328,460.40252685546875,801.9073486328125,454.7935485839844,210.6101837158203,92.665283203125,564.384521484375,289.271240234375,64.50328063964844,699.8262939453125,55.06492233276367,78.34090423583984,127.81498718261719,475.3431701660156,119.53544616699219,71.7037124633789,122.53500366210938,60.24676513671875,201.0260009765625,144.49754333496094,208.27850341796875,198.11000061035156,126.4052963256836,22.414159774780273,155.22268676757812,141.41000366210938,175.5621337890625,153.63189697265625,519.8313598632812,91.0765380859375,87.85554504394531,332.6532897949219,34.95519256591797,479.4100036621094,86.12515258789062,473.79327392578125,372.5222473144531,26.446210861206055,122.76918029785156,403.6085510253906,329.1300048828125,193.78463745117188,299.63519287109375,219.66220092773438,352.69415283203125,39.14949417114258,71.57938385009766,230.9583740234375,93.50819396972656,109.00533294677734,160.74493408203125
2025-06-17,194.86691284179688,178.35850524902344,128.7138214111328,304.2085266113281,382.67999267578125,299.30242919921875,172.8222198486328,127.0999984741211,281.5860900878906,207.13832092285156,214.82000732421875,92.1717300415039,200.25999450683594,43.287052154541016,210.26388549804688,949.289306640625,44.480220794677734,101.7300033569336,130.9342498779297,75.64503479003906,353.1951599121094,282.08453369140625,299.0,305.7367248535156,30.58609390258789,92.4361801147461,291.0030822753906,970.7036743164062,63.622100830078125,64.32454681396484,142.86636352539062,515.017822265625,194.0078125,115.94940948486328,119.46419525146484,326.7184143066406,234.216796875,105.2579574584961,175.44947814941406,612.3138427734375,339.7469787597656,214.54896545410156,275.99102783203125,755.38037109375,512.1099853515625,233.81224060058594,148.66543579101562,263.19268798828125,88.72814178466797,67.7026138305664,454.7782287597656,785.68212890625,466.75103759765625,206.55548095703125,91.9212646484375,565.15869140625,285.385498046875,63.67789840698242,694.9522094726562,55.242855072021484,75.74761199951172,127.0240707397461,474.25189208984375,120.03417205810547,69.8377456665039,122.06700134277344,58.39751434326172,200.98199462890625,143.9282989501953,205.3975067138672,202.0500030517578,124.36603546142578,22.04671287536621,152.94569396972656,138.1999969482422,175.72499084472656,151.2716522216797,506.086669921875,89.23513793945312,87.84567260742188,327.96710205078125,35.12067794799805,475.3999938964844,85.6216049194336,470.1061096191406,368.8179626464844,26.143646240234375,121.5244140625,388.8424377441406,316.3500061035156,192.29638671875,300.81365966796875,215.6923370361328,355.03564453125,38.55073547363281,70.9433364868164,230.60403442382812,93.4685287475586,110.4783706665039,158.0948486328125
2025-06-18,195.80320739746094,178.36813354492188,128.84031677246094,298.70013427734375,378.0400085449219,298.4753723144531,171.58131408691406,126.79000091552734,281.17840576171875,207.46566772460938,212.52000427246094,92.83719635009766,197.67999267578125,44.09935760498047,209.67724609375,959.4171142578125,44.11292266845703,101.37000274658203,132.67117309570312,76.61308288574219,355.2886047363281,280.44451904296875,296.8399963378906,307.585693359375,30.34693145751953,90.79071807861328,294.5264587402344,967.9039306640625,64.11875915527344,64.0848617553711,142.23289489746094,516.8489990234375,192.70947265625,115.68439483642578,118.63990783691406,331.0185241699219,234.35585021972656,105.2579574584961,172.8269805908203,622.70458984375,338.04229736328125,214.6263427734375,276.1470642089844,745.4356689453125,509.489990234375,233.93826293945312,147.0556640625,267.5284423828125,86.5581283569336,67.30390167236328,452.60748291015625,779.5157470703125,456.2931213378906,205.4930877685547,91.73231506347656,534.670166015625,282.76898193359375,63.67789840698242,693.4970703125,55.71109390258789,76.72494506835938,129.3968048095703,476.4344482421875,121.51041412353516,69.55590057373047,122.22899627685547,57.920597076416016,196.41600036621094,145.28648376464844,208.0515594482422,199.77999877929688,124.1544189453125,21.936477661132812,152.4632568359375,139.9600067138672,174.9108123779297,150.45877075195312,510.7809753417969,89.90738677978516,88.78377532958984,328.4029846191406,34.896793365478516,473.6199951171875,85.82496643066406,471.5697326660156,368.7093200683594,26.153100967407227,121.0600814819336,391.13409423828125,322.04998779296875,192.93838500976562,299.187255859375,217.08082580566406,337.71246337890625,38.38492202758789,73.13524627685547,229.5410919189453,94.30155944824219,109.69339752197266,151.63104248046875
2025-06-20,200.20574951171875,178.18544006347656,129.40469360351562,278.216796875,376.9200134277344,297.97918701171875,168.22593688964844,128.24000549316406,280.8871154785156,209.39126586914062,209.69000244140625,93.18482971191406,198.75,44.52997970581055,210.382080078125,954.44140625,44.13175964355469,101.30000305175781,132.86415100097656,76.71086883544922,355.99957275390625,282.10443115234375,295.3999938964844,307.5368347167969,30.58609390258789,91.65216064453125,291.4596252441406,973.2552490234375,64.58621978759766,63.82598114013672,143.53822326660156,513.3047485351562,194.64212036132812,115.4586410522461,120.11595153808594,327.4301452636719,237.81324768066406,105.74525451660156,166.16598510742188,628.1548461914062,340.565185546875,214.55862426757812,273.962890625,751.6671142578125,509.3599853515625,233.26934814453125,146.1385498046875,268.5440368652344,84.45567321777344,66.94408416748047,449.8051452636719,757.3722534179688,458.20159912109375,207.36448669433594,89.991943359375,528.9535522460938,280.650390625,65.55897521972656,680.1209106445312,55.9545783996582,76.50237274169922,129.58233642578125,473.6169738769531,123.285888671875,69.51702880859375,123.14099884033203,58.1931266784668,194.28199768066406,143.65866088867188,202.42774963378906,199.24000549316406,124.1544189453125,22.019153594970703,153.4859619140625,137.3000030517578,175.5621337890625,148.1964569091797,506.94195556640625,90.72579193115234,88.09253692626953,330.4141845703125,34.887054443359375,470.5299987792969,86.47376251220703,473.0426940917969,370.9812927246094,26.257112503051758,122.00848388671875,396.43475341796875,322.1600036621094,192.79246520996094,294.132568359375,217.5697021484375,335.91668701171875,38.41255569458008,73.78107452392578,228.28128051757812,95.3230209350586,111.15673828125,153.6943817138672
2025-06-23,200.70376586914062,176.70455932617188,129.66738891601562,287.60540771484375,380.1199951171875,301.8515930175781,170.70773315429688,129.5800018310547,264.489990234375,213.38693237304688,208.47000122070312,94.60514068603516,201.30999755859375,45.31292724609375,211.5478515625,966.0579833984375,44.18826675415039,102.36000061035156,133.47207641601562,77.60070037841797,361.63800048828125,286.447998046875,293.55999755859375,310.10003662109375,30.639244079589844,88.76776885986328,290.93359375,997.271728515625,65.6185073852539,64.05609130859375,140.95635986328125,506.1178283691406,194.59255981445312,115.57643127441406,116.92423248291016,329.1304626464844,246.19834899902344,103.49391174316406,164.7200927734375,634.1149291992188,347.71514892578125,217.40264892578125,281.9681396484375,753.0595703125,515.0900268554688,236.739990234375,147.63128662109375,271.7372741699219,85.07965087890625,67.81930541992188,453.6435241699219,765.226806640625,460.05169677734375,213.0371551513672,91.10578155517578,538.2628784179688,282.6615905761719,65.7413330078125,696.248046875,56.64757537841797,77.5667953491211,130.8419189453125,482.1488037109375,121.76976013183594,68.73954772949219,125.35399627685547,59.15667724609375,196.0800018310547,143.97824096679688,204.27276611328125,203.32000732421875,124.17366027832031,22.07427406311035,155.36740112304688,139.9199981689453,177.15216064453125,149.9788818359375,509.1300354003906,89.9658432006836,87.27293395996094,340.58917236328125,32.833160400390625,470.9800109863281,87.8003921508789,482.7812805175781,374.537353515625,26.663686752319336,123.2532730102539,398.7562561035156,348.67999267578125,195.8954315185547,292.8372802734375,220.86489868164062,341.0560607910156,39.02052688598633,75.35650634765625,231.00758361816406,97.05850982666016,108.28817749023438,153.86061096191406
2025-06-24,199.50851440429688,178.42584228515625,134.35745239257812,293.1820373535156,382.3399963378906,302.980224609375,178.8678436279297,138.42999267578125,269.3926086425781,215.58212280273438,212.77000427246094,95.15142059326172,200.94000244140625,45.665252685546875,217.4503173828125,984.3447875976562,44.29186248779297,104.12000274658203,139.00125122070312,79.34123229980469,368.34283447265625,285.0465393066406,296.79998779296875,309.9630432128906,31.188426971435547,86.5221939086914,291.9161682128906,994.7301025390625,66.11517333984375,64.79436492919922,137.7794189453125,506.1375427246094,195.71250915527344,116.95645141601562,115.66863250732422,339.3221435546875,247.13223266601562,104.478271484375,166.2956085205078,649.0443725585938,351.08551025390625,217.26719665527344,286.4632263183594,749.5834350585938,523.0800170898438,238.29112243652344,148.4800567626953,274.6570739746094,88.33367919921875,68.27635955810547,457.0082092285156,772.614501953125,448.1137390136719,214.4114532470703,95.10364532470703,553.3285522460938,284.5653991699219,65.67414855957031,709.8733520507812,56.10441589355469,77.72161865234375,132.6971435546875,486.2262268066406,127.5849380493164,69.39069366455078,127.91100311279297,59.77959060668945,199.26400756835938,147.70326232910156,212.3927764892578,201.69000244140625,126.05902862548828,22.331483840942383,154.72097778320312,143.22999572753906,176.71156311035156,152.49583435058594,519.4236450195312,89.14744567871094,88.20116424560547,342.49139404296875,32.609275817871094,478.9800109863281,88.01343536376953,490.6528015136719,381.7483825683594,26.73932647705078,123.09519958496094,402.90118408203125,340.4700012207031,200.19483947753906,297.6484069824219,222.84983825683594,348.87432861328125,39.26924133300781,76.43289184570312,230.4465789794922,97.18743896484375,104.99320983886719,154.28111267089844
2025-06-25,200.76353454589844,178.27197265625,133.69578552246094,287.2154235839844,387.54998779296875,290.1274108886719,181.73683166503906,143.39999389648438,272.1691589355469,212.0293731689453,211.99000549316406,96.36315155029297,198.89999389648438,45.851200103759766,217.57406616210938,997.185791015625,43.962242126464844,104.29000091552734,138.53807067871094,80.79821014404297,366.9209289550781,281.1104736328125,297.5299987792969,309.15106201171875,30.860689163208008,86.14469909667969,290.129638671875,979.4603881835938,66.40734100341797,63.63422775268555,137.47227478027344,498.8914794921875,199.21107482910156,117.71546173095703,114.84435272216797,338.4225769042969,248.27476501464844,103.24050903320312,170.19448852539062,656.6511840820312,352.4881896972656,214.54896545410156,283.80126953125,748.4279174804688,521.6300048828125,238.18446350097656,148.56788635253906,277.391357421875,88.77384948730469,67.71233367919922,454.0875549316406,786.734619140625,446.35125732421875,215.1132354736328,95.49150085449219,545.5575561523438,278.78558349609375,64.5704574584961,706.3648681640625,55.1960334777832,77.09264373779297,134.47425842285156,488.369140625,126.9266128540039,68.36051940917969,127.5250015258789,59.20534896850586,201.03199768066406,154.10476684570312,207.903564453125,204.3000030517578,123.1444091796875,22.285552978515625,153.37985229492188,142.89999389648438,172.02772521972656,152.71128845214844,517.454345703125,88.75773620605469,88.6751480102539,340.4405517578125,32.297786712646484,487.2699890136719,87.53894805908203,489.0765686035156,387.44805908203125,26.39893913269043,121.00080871582031,409.1583557128906,327.54998779296875,199.77658081054688,294.142333984375,221.7742462158203,342.5542297363281,38.79944610595703,77.37227630615234,224.97427368164062,96.45356750488281,105.02228546142578,153.75303649902344
2025-06-26,200.20574951171875,179.6182098388672,130.06634521484375,288.6583251953125,384.95001220703125,294.7878723144531,182.18353271484375,143.67999267578125,270.9653625488281,209.42979431152344,217.1199951171875,96.32344055175781,202.5800018310547,46.44819641113281,221.9629669189453,1009.6349487304688,43.93398666381836,104.58000183105469,142.9864959716797,82.4996337890625,377.0917053222656,281.85595703125,303.69000244140625,322.84765625,31.188426971435547,87.97407531738281,294.3576965332031,975.8564453125,67.14745330810547,65.33126831054688,138.63363647460938,500.65374755859375,199.6669921875,119.72633361816406,116.09994506835938,344.1462097167969,249.3675994873047,104.88761138916016,173.04632568359375,673.6000366210938,354.08575439453125,218.98910522460938,284.6495361328125,763.2412109375,534.1900024414062,239.21209716796875,148.304443359375,281.97125244140625,89.71576690673828,67.55674743652344,458.2909240722656,789.5347900390625,445.87408447265625,215.62979125976562,96.3069839477539,541.6968383789062,278.8637390136719,65.02153015136719,723.718017578125,55.05556106567383,76.27982330322266,136.45640563964844,493.5080871582031,125.67980194091797,68.99222564697266,130.66700744628906,60.86967849731445,202.28799438476562,154.8137969970703,209.9755096435547,202.33999633789062,123.33679962158203,22.267179489135742,153.05178833007812,144.25,173.0430450439453,154.92465209960938,518.1605224609375,89.47870635986328,88.31966400146484,338.7067565917969,32.930503845214844,495.70001220703125,87.49052429199219,483.1940612792969,385.640380859375,26.474580764770508,120.66490936279297,410.6230163574219,325.7799987792969,200.68118286132812,294.7266845703125,224.29696655273438,343.31817626953125,38.781028747558594,78.2431640625,223.1436309814453,95.22384643554688,106.59224700927734,152.34487915039062
2025-06-27,200.28541564941406,175.31024169921875,130.7572021484375,288.0538635253906,385.8299865722656,295.24517822265625,181.8758087158203,143.80999755859375,269.04315185546875,209.68011474609375,223.3000030517578,97.00875854492188,214.5500030517578,46.11544418334961,225.81558227539062,1026.3155517578125,43.65145492553711,106.52999877929688,145.8137969970703,82.50940704345703,379.8862609863281,283.39654541015625,305.20001220703125,319.2375793457031,31.28586769104004,87.27716827392578,297.17645263671875,978.070556640625,66.85530853271484,65.6668472290039,138.009765625,505.3893127441406,197.34413146972656,120.5937728881836,115.78365325927734,349.17779541015625,252.85476684570312,107.86016845703125,178.0221405029297,677.177978515625,359.1900329589844,221.37844848632812,282.4751892089844,766.9050903320312,533.7100219726562,240.4820556640625,148.6947021484375,280.3697509765625,88.4171371459961,68.39305877685547,457.6298828125,770.0030517578125,446.5459899902344,217.96905517578125,96.66500091552734,546.1728515625,284.64349365234375,65.05032348632812,731.2333984375,55.018096923828125,76.54108428955078,137.37425231933594,492.0100402832031,124.44294738769531,68.8950424194336,132.31199645996094,70.11595153808594,204.48399353027344,157.54017639160156,207.42999267578125,200.57000732421875,126.04938507080078,22.22125244140625,154.23854064941406,130.74000549316406,174.70291137695312,155.26742553710938,518.1605224609375,89.74176788330078,88.85289764404297,342.5211486816406,33.105712890625,502.6300048828125,88.02311706542969,485.7178649902344,388.7519226074219,26.550222396850586,121.88993072509766,406.7969970703125,323.6300048828125,201.43019104003906,301.04736328125,226.27212524414062,345.8779602050781,38.97447204589844,77.79303741455078,224.65931701660156,96.4634780883789,106.00109100341797,152.7164764404297
2025-06-30,204.3592529296875,178.49313354492188,132.34326171875,291.39788818359375,386.8800048828125,300.06134033203125,181.73683166503906,141.89999389648438,271.0624084472656,212.7996063232422,219.38999938964844,98.0814437866211,209.52999877929688,46.31118392944336,229.6277313232422,1027.716064453125,43.594947814941406,107.41000366210938,144.33741760253906,83.2330093383789,383.3423767089844,287.96875,308.1499938964844,323.4150390625,31.613603591918945,86.86096954345703,297.6032409667969,982.8359985351562,67.56621551513672,66.13665008544922,137.4338836669922,502.1992492675781,196.0933380126953,122.23994445800781,114.64307403564453,352.8946533203125,255.716064453125,108.05509948730469,175.7286834716797,693.7837524414062,357.1444396972656,225.27688598632812,287.42852783203125,777.8275146484375,543.4099731445312,241.15505981445312,149.0264129638672,283.10400390625,89.00038146972656,68.80148315429688,462.9482727050781,774.0543823242188,450.9765319824219,216.2535858154297,96.80422973632812,557.7053833007812,285.24884033203125,65.17595672607422,735.6788330078125,54.905723571777344,76.5991439819336,137.54025268554688,493.4684143066406,122.93678283691406,67.4664077758789,133.91299438476562,69.14265441894531,205.61599731445312,157.7798614501953,215.70785522460938,204.63999938964844,127.01129913330078,22.267179489135742,153.717529296875,136.32000732421875,175.76446533203125,155.97256469726562,522.1387329101562,89.27410125732422,90.09711456298828,340.1829528808594,32.90129852294922,512.6799926757812,88.9236831665039,494.7058410644531,391.64251708984375,27.36336898803711,121.99860382080078,403.9872131347656,317.6600036621094,201.9554443359375,303.8327941894531,224.97164916992188,352.2674865722656,39.85878372192383,78.39972686767578,225.21051025390625,96.96925354003906,104.46989440917969,152.50135803222656
2025-07-01,206.99879455566406,182.6953582763672,132.58651733398438,295.0343933105469,392.1000061035156,301.74456787109375,182.4217987060547,136.11000061035156,282.0423889160156,216.1212921142578,220.4600067138672,96.73065185546875,209.7899932861328,47.12348937988281,227.3069610595703,1032.633056640625,44.743919372558594,104.77999877929688,147.41563415527344,84.35750579833984,386.0184326171875,287.83953857421875,309.4599914550781,327.1424865722656,32.180503845214844,89.03878021240234,293.1170654296875,978.8845825195312,67.29353332519531,66.71192169189453,139.71823120117188,502.0708312988281,199.62728881835938,121.72736358642578,116.15746307373047,350.967041015625,247.40048217773438,108.89325714111328,175.33978271484375,692.519287109375,363.49554443359375,230.97457885742188,283.93780517578125,769.9072265625,537.989990234375,248.89935302734375,152.11912536621094,283.59228515625,89.30938720703125,69.69615173339844,470.417724609375,770.4498901367188,453.7030029296875,222.8522491455078,96.27714538574219,560.355224609375,290.44281005859375,66.6449203491211,716.8704223632812,54.44684982299805,79.16340637207031,137.74530029296875,488.15081787109375,120.58277130126953,71.00397491455078,129.36000061035156,71.44935607910156,202.3780059814453,153.09609985351562,216.033447265625,197.5800018310547,130.10867309570312,23.002073287963867,155.55072021484375,130.67999267578125,171.3252410888672,156.1096649169922,531.9946899414062,92.4795150756836,90.02798461914062,352.012451171875,34.26407241821289,521.780029296875,89.3788070678711,496.6103820800781,392.7413330078125,27.306636810302734,123.64845275878906,419.9390869140625,300.7099914550781,204.70823669433594,317.6332092285156,230.33975219726562,352.6842041015625,40.23646545410156,79.74031829833984,225.19081115722656,97.4254379272461,105.86540222167969,155.66970825195312
2025-07-02,211.6005401611328,183.42617797851562,130.49449157714844,294.712646484375,378.4700012207031,296.8019104003906,188.62628173828125,138.52000427246094,288.1877136230469,214.54229736328125,219.9199981689453,97.85299682617188,212.02999877929688,47.671546936035156,226.1578826904297,1048.5985107421875,44.85693359375,103.62999725341797,148.1779327392578,84.83665466308594,393.4342346191406,278.38702392578125,310.95001220703125,313.4459228515625,32.028541564941406,91.4101791381836,288.9882507324219,975.3104248046875,66.79686737060547,63.85475158691406,142.0313262939453,513.873046875,201.0170135498047,121.22464752197266,117.77727508544922,354.0809020996094,243.15826416015625,108.67884063720703,178.13182067871094,701.7631225585938,362.219482421875,231.44859313964844,280.476318359375,764.07080078125,540.5999755859375,250.12826538085938,151.7678985595703,285.14495849609375,91.5201416015625,68.95709228515625,470.8321838378906,773.8060913085938,450.4020080566406,221.1952667236328,98.2860336303711,557.2885131835938,287.6505126953125,67.22479248046875,711.2388916015625,55.41141891479492,79.72465515136719,139.4931182861328,487.198486328125,121.43061065673828,70.96510314941406,128.48599243164062,74.34976959228516,201.95199584960938,157.04083251953125,226.90615844726562,196.97000122070312,131.28219604492188,23.25928497314453,155.53143310546875,132.1199951171875,169.76185607910156,158.9694061279297,544.7546997070312,91.758544921875,90.19585418701172,349.2483215332031,34.95519256591797,523.1099853515625,88.26519775390625,493.15777587890625,387.86102294921875,26.767690658569336,123.79662322998047,426.20623779296875,315.6499938964844,209.70799255371094,299.5378112792969,231.89447021484375,351.4440002441406,40.15355682373047,80.59162902832031,219.86614990234375,96.80066680908203,107.6195068359375,155.56214904785156
2025-07-03,212.70614624023438,182.01263427734375,130.81561279296875,297.1402587890625,379.30999755859375,300.8396911621094,189.65870666503906,137.91000366210938,289.537109375,213.50245666503906,223.41000366210938,98.78663635253906,215.9199981689453,47.886863708496094,226.7544403076172,1059.9407958984375,44.77104949951172,104.31999969482422,149.69290161132812,86.75320434570312,392.8713684082031,282.08453369140625,326.80999755859375,312.81976318359375,32.17156219482422,90.67456817626953,294.0103759765625,979.9369506835938,67.96273803710938,64.6505355834961,142.40565490722656,514.52490234375,201.71189880371094,122.23008728027344,118.03607177734375,358.06463623046875,245.2744140625,108.91275024414062,179.019287109375,709.3993530273438,362.0538330078125,232.55136108398438,284.6885681152344,770.9244384765625,544.469970703125,252.12774658203125,152.2069549560547,290.4435729980469,91.86591339111328,69.38496398925781,469.26324462890625,775.1863403320312,450.3727722167969,222.53057861328125,98.26614379882812,564.9503173828125,287.113525390625,66.67391967773438,716.6611328125,55.860931396484375,78.31188201904297,140.74295043945312,494.8870849609375,121.97921752929688,71.80089569091797,129.71800231933594,74.34976959228516,208.93800354003906,159.1280517578125,234.1480712890625,201.82000732421875,130.22412109375,23.314401626586914,155.17442321777344,134.36000061035156,172.6280517578125,158.86166381835938,544.3767700195312,92.01185607910156,90.3341064453125,350.7245178222656,34.702110290527344,548.739990234375,88.61381530761719,496.8824768066406,391.2960510253906,26.814966201782227,124.33998107910156,427.7705078125,315.3500061035156,210.1262664794922,300.5019836425781,231.03399658203125,356.0476379394531,40.1167106628418,81.80500793457031,223.5176239013672,97.54444885253906,108.73397064208984,155.65992736816406
2025-07-07,209.12037658691406,180.4259796142578,130.0955352783203,293.00653076171875,376.92999267578125,300.06134033203125,189.39065551757812,134.8000030517578,284.4014892578125,211.83680725097656,223.47000122070312,97.88280487060547,218.6300048828125,47.622615814208984,230.6859893798828,1053.8876953125,44.36075210571289,103.83000183105469,147.62791442871094,85.65803527832031,386.60101318359375,278.2777099609375,320.29998779296875,306.8324279785156,31.679914474487305,89.58081817626953,300.2333984375,985.0599365234375,67.53166961669922,63.93144989013672,141.4746551513672,503.97698974609375,198.16806030273438,121.4020767211914,114.64307403564453,354.37744140625,247.3936309814453,108.94198608398438,176.28707885742188,696.9010009765625,358.1184997558594,231.53564453125,285.1761169433594,773.8574829101562,534.7100219726562,248.3824005126953,151.4849853515625,286.4892578125,90.67757415771484,69.05432891845703,463.3528137207031,767.4410400390625,456.74102783203125,219.29464721679688,97.59983825683594,560.8613891601562,286.5765686035156,66.50963592529297,716.0032348632812,56.42281723022461,78.28284454345703,140.35238647460938,493.77593994140625,119.72783660888672,72.64641571044922,128.96200561523438,74.48603057861328,207.0019989013672,158.02952575683594,229.15570068359375,201.4199981689453,129.3295135498047,23.1857967376709,154.85604858398438,139.1199951171875,174.86695861816406,154.8267059326172,535.17724609375,91.232421875,91.44007873535156,343.08587646484375,34.020721435546875,536.52001953125,88.75906372070312,497.4172668457031,388.553955078125,26.86224365234375,123.65831756591797,417.17913818359375,293.94000244140625,207.58750915527344,295.7882385253906,230.12466430664062,353.8450622558594,39.42584228515625,80.57205963134766,223.34046936035156,98.52623748779297,107.67764282226562,153.57704162597656
2025-07-08,209.1801300048828,182.4838104248047,129.76470947265625,295.7265625,382.239990234375,298.6018981933594,193.5700225830078,137.82000732421875,288.33331298828125,212.49151611328125,219.36000061035156,96.75052642822266,218.52000427246094,46.144805908203125,226.61680603027344,1052.957275390625,44.88555908203125,102.41000366210938,150.87014770507812,83.67303466796875,389.3461608886719,278.2578430175781,323.2799987792969,305.2377624511719,32.18050003051758,92.71687316894531,295.796875,978.765380859375,67.19854736328125,64.18072509765625,147.0799102783203,502.61407470703125,199.21034240722656,120.08120727539062,118.80284118652344,352.884765625,245.80172729492188,108.2402572631836,173.86399841308594,683.5204467773438,357.98211669921875,231.97096252441406,283.17724609375,771.7539672851562,527.2999877929688,251.54251098632812,151.99229431152344,277.47174072265625,91.33334350585938,68.30553436279297,463.70806884765625,772.1974487304688,450.84991455078125,218.008056640625,99.28053283691406,558.2015380859375,284.76068115234375,65.90077209472656,718.315673828125,55.75791931152344,78.7376480102539,137.80386352539062,492.68463134765625,124.22061157226562,70.42086029052734,127.53099822998047,71.94573974609375,204.5959930419922,159.7871856689453,231.36573791503906,203.99000549316406,129.89703369140625,23.534868240356445,152.33779907226562,139.7100067138672,171.5085906982422,156.1586151123047,544.7647094726562,92.4990005493164,90.7982177734375,342.79852294921875,35.56844711303711,551.510009765625,88.3717269897461,493.8614501953125,385.5743103027344,26.748783111572266,123.74723052978516,424.6219787597656,297.80999755859375,210.71963500976562,299.6741638183594,231.28822326660156,351.7714538574219,39.66534423828125,79.83816528320312,221.3227996826172,96.28497314453125,110.6624984741211,154.31044006347656
2025-07-09,210.30567932128906,183.30116271972656,129.6284942626953,289.9452209472656,373.3800048828125,300.0710754394531,193.9671173095703,138.41000366210938,287.8672790527344,213.57948303222656,222.5399932861328,97.54509735107422,226.60000610351562,45.84141540527344,224.8203887939453,1066.4053955078125,45.4771614074707,102.95999908447266,153.1184844970703,83.88815307617188,397.13720703125,278.3075256347656,322.9100036621094,303.06585693359375,31.840822219848633,91.4972915649414,297.9109191894531,975.0424194335938,67.86476135253906,63.91228485107422,146.86874389648438,503.0288391113281,199.48831176757812,118.88847351074219,116.82838439941406,355.65264892578125,249.06515502929688,110.36491394042969,176.11756896972656,682.8145141601562,361.4304504394531,230.9262237548828,282.9042663574219,760.011962890625,528.1300048828125,253.34690856933594,152.47036743164062,277.8446044921875,91.72682189941406,67.56646728515625,465.010498046875,781.3923950195312,450.8985900878906,219.85995483398438,99.2606430053711,561.6102905273438,286.0786437988281,64.60575866699219,730.3861694335938,54.08162307739258,81.00194549560547,138.21400451660156,499.5200500488281,122.04411315917969,71.57737731933594,128.8280029296875,71.59535217285156,202.74200439453125,162.66334533691406,232.65823364257812,206.05999755859375,129.35838317871094,23.47974967956543,151.98085021972656,143.1300048828125,171.75950622558594,156.06072998046875,549.5684204101562,92.80103302001953,91.16358184814453,348.28729248046875,35.286155700683594,550.9500122070312,89.049560546875,496.0568542480469,388.0986022949219,26.56913185119629,123.9349365234375,418.3548278808594,295.8800048828125,210.48619079589844,295.0091247558594,231.2393341064453,354.9562683105469,39.25082015991211,80.03387451171875,222.1889190673828,96.00729370117188,110.28455352783203,154.77005004882812
2025-07-10,211.57066345214844,187.51300048828125,129.99822998046875,282.537841796875,371.42999267578125,297.5511169433594,196.58787536621094,144.16000366210938,291.6049499511719,212.78997802734375,222.25999450683594,97.64441680908203,226.08999633789062,45.96864318847656,226.822265625,1081.3914794921875,46.29777908325195,103.86000061035156,158.30992126464844,85.1495590209961,403.2100830078125,278.8442687988281,322.6600036621094,302.0875549316406,31.66204071044922,92.31035614013672,295.09222412109375,963.2078857421875,67.3651123046875,62.91514587402344,147.97250366210938,512.77685546875,204.00497436523438,119.82491302490234,116.67504119873047,353.5372009277344,251.29383850097656,111.63191986083984,177.11473083496094,695.1267700195312,363.6319274902344,229.0398712158203,280.26177978515625,739.5913696289062,526.0499877929688,255.6585235595703,153.8459930419922,282.78021240234375,92.267333984375,67.84847259521484,464.0928649902344,785.0962524414062,452.11578369140625,222.1407012939453,100.5037612915039,560.0302124023438,291.32147216796875,64.89569091796875,724.8642578125,54.83080291748047,81.30192565917969,139.71768188476562,497.5061340332031,122.91272735595703,72.53950500488281,125.05899810791016,72.62704467773438,193.6179962158203,163.88174438476562,232.3517303466797,192.07000732421875,130.8974609375,23.681846618652344,152.91671752929688,142.5,174.664306640625,155.80606079101562,556.7092895507812,92.70360565185547,91.87455749511719,348.5745544433594,35.67551803588867,566.1900024414062,90.30842590332031,497.0888671875,390.79119873046875,26.376230239868164,122.6605224609375,429.16546630859375,309.8699951171875,213.66696166992188,291.69781494140625,231.7379913330078,353.0910339355469,39.342552185058594,80.59162902832031,222.09048461914062,94.07347106933594,111.37964630126953,155.28834533691406
2025-07-11,210.3256072998047,185.06092834472656,128.46083068847656,275.3852844238281,363.3500061035156,294.466796875,196.48858642578125,146.4199981689453,286.6537780761719,211.0858154296875,225.02000427246094,98.09138488769531,226.83999633789062,45.73375701904297,226.766357421875,1079.0308837890625,44.713802337646484,103.19999694824219,156.32212829589844,84.80731201171875,400.8303527832031,276.3692932128906,320.6000061035156,296.6969299316406,31.277660369873047,92.54264068603516,292.9980163574219,963.3667602539062,66.57154083251953,62.109764099121094,149.06666564941406,506.07073974609375,203.34982299804688,118.1590347290039,117.9306411743164,356.4830017089844,254.12942504882812,106.85631561279297,179.6774444580078,691.0390014648438,360.4856262207031,228.22731018066406,276.517578125,739.5913696289062,512.0599975585938,253.29815673828125,153.0752410888672,281.4751281738281,91.86591339111328,67.94573211669922,462.5831604003906,787.4395751953125,455.2317199707031,218.4564208984375,101.17007446289062,546.772705078125,292.8054504394531,64.9246826171875,715.1660766601562,54.128440856933594,80.66327667236328,138.9267578125,499.33154296875,124.3304443359375,72.3062744140625,124.51100158691406,70.690185546875,187.75599670410156,164.7006378173828,227.96176147460938,187.38999938964844,130.10867309570312,23.562423706054688,151.52735900878906,142.10000610351562,173.62203979492188,154.209716796875,564.6458129882812,92.4990005493164,90.8179702758789,342.72918701171875,36.31797409057617,559.280029296875,89.72742462158203,494.49945068359375,385.53472900390625,25.755496978759766,122.21595001220703,433.2803955078125,313.510009765625,215.21359252929688,296.1680908203125,229.8802032470703,345.2032775878906,38.95876693725586,80.7775650024414,222.44480895996094,93.6172866821289,111.86419677734375,151.5332489013672
2025-07-14,207.79562377929688,184.16659545898438,128.47055053710938,274.3368835449219,366.989990234375,295.1575927734375,195.66464233398438,146.24000549316406,288.3624267578125,213.53134155273438,225.69000244140625,99.53156280517578,230.50999450683594,46.06650924682617,228.70753479003906,1088.6492919921875,45.17182159423828,104.33000183105469,157.6344451904297,85.56024932861328,400.6822204589844,278.5063171386719,317.489990234375,296.49151611328125,31.85869598388672,91.14884948730469,294.8341064453125,973.8707275390625,66.44418334960938,61.70707702636719,145.5537872314453,501.33013916015625,196.30181884765625,118.25760650634766,117.50890350341797,356.1568298339844,261.0144958496094,109.24411010742188,181.04351806640625,699.2242431640625,360.5245361328125,230.28778076171875,276.71258544921875,744.3875732421875,516.4400024414062,251.2694091796875,152.99720764160156,283.2806396484375,91.59366607666016,67.55674743652344,462.5535888671875,793.7252197265625,461.132568359375,216.77020263671875,99.07169342041016,549.5951538085938,294.7287902832031,65.36924743652344,718.5648193359375,54.43748474121094,80.96324157714844,140.5769500732422,499.033935546875,118.41993713378906,72.92826080322266,126.19499969482422,70.3203353881836,192.3560028076172,163.85177612304688,226.69618225097656,190.72000122070312,130.40687561035156,23.286840438842773,148.35305786132812,149.14999389648438,174.43267822265625,151.1051483154297,567.4802856445312,91.01808166503906,91.538818359375,341.31243896484375,35.256954193115234,549.530029296875,89.74678039550781,497.3609619140625,387.5145568847656,25.93694305419922,122.0677490234375,423.7950134277344,316.8999938964844,214.04632568359375,292.7398681640625,228.1299285888672,347.753173828125,38.921329498291016,81.63866424560547,225.6829376220703,94.98583221435547,110.40084075927734,152.20797729492188
2025-07-15,208.28369140625,180.78163146972656,128.5194549560547,270.49603271484375,364.17999267578125,290.11767578125,197.83868408203125,155.61000061035156,283.97430419921875,210.77772521972656,226.35000610351562,98.76677703857422,230.0,45.1661262512207,225.1174774169922,1024.689453125,44.30349349975586,103.4800033569336,154.19921875,88.7088623046875,399.5663757324219,274.01361083984375,318.0400085449219,295.88494873046875,31.036304473876953,89.58081817626953,292.44219970703125,960.7357788085938,65.81716918945312,61.30438995361328,144.6324005126953,497.24139404296875,191.4476318359375,117.28173828125,114.7389144897461,357.9559020996094,263.3327331542969,106.2910385131836,181.48226928710938,688.647216796875,349.35162353515625,227.61785888671875,275.6497802734375,737.6630859375,512.22998046875,250.0502471923828,151.38742065429688,281.17095947265625,93.05326843261719,67.44976806640625,454.4427490234375,766.3290405273438,457.7731628417969,209.5672607421875,100.51371002197266,546.9515991210938,292.5223693847656,64.49945068359375,708.0693359375,54.7652473449707,78.88279724121094,138.25303649902344,501.811767578125,119.91753387451172,72.59782409667969,126.0270004272461,70.0672836303711,191.38400268554688,170.4729461669922,232.31219482421875,192.25,128.71388244628906,22.60706901550293,147.31101989746094,148.5800018310547,174.5967559814453,151.11492919921875,544.9736328125,90.10225677490234,90.46247863769531,335.912841796875,34.13753128051758,569.0999755859375,89.54342651367188,490.0054016113281,386.6533203125,25.803247451782227,120.26973724365234,416.4716796875,310.7799987792969,212.40245056152344,284.1012268066406,226.0081024169922,344.3003845214844,38.62178421020508,77.16677856445312,222.27749633789062,94.59907531738281,109.42204284667969,149.4796905517578
2025-07-16,209.32955932617188,184.8455810546875,128.7637939453125,274.0233459472656,361.7699890136719,292.15118408203125,193.39132690429688,160.0800018310547,290.2943115234375,215.05258178710938,223.19000244140625,99.8692626953125,229.89999389648438,45.048683166503906,224.42730712890625,1060.0289306640625,45.009605407714844,103.19000244140625,160.10472106933594,88.02437591552734,407.70306396484375,275.9220275878906,314.5799865722656,299.1916809082031,30.750261306762695,88.57418060302734,295.5983581542969,944.5428466796875,66.00331115722656,61.170166015625,143.89334106445312,501.4486999511719,191.8843994140625,118.10974884033203,113.86670684814453,358.72698974609375,264.83502197265625,107.06098937988281,182.44952392578125,694.8326416015625,348.1437072753906,229.1462860107422,274.88922119140625,742.3800659179688,512.6400146484375,250.48916625976562,160.7631378173828,280.4546813964844,92.75120544433594,67.36224365234375,453.5646057128906,784.2521362304688,459.0877685546875,211.11700439453125,99.81756591796875,552.0797119140625,291.81939697265625,65.20494842529297,700.6136474609375,55.12111282348633,79.76335906982422,136.49545288085938,501.61334228515625,116.24341583251953,72.66585540771484,125.03099822998047,70.17434692382812,193.3939971923828,171.14205932617188,238.58074951171875,192.58999633789062,130.1952667236328,22.60706901550293,148.3240966796875,150.91000366210938,176.8646240234375,150.8896942138672,544.9437866210938,90.13147735595703,90.11685943603516,336.7153625488281,33.67029571533203,571.2000122070312,90.34716033935547,491.9569091796875,386.9305114746094,25.736400604248047,119.88444519042969,414.79779052734375,321.6700134277344,210.7293701171875,284.86090087890625,226.04721069335938,347.1578674316406,38.6124267578125,78.19424438476562,222.29718017578125,94.36105346679688,108.76304626464844,148.18887329101562
2025-07-17,209.1901092529297,185.64088439941406,117.78748321533203,276.9921569824219,366.45001220703125,293.9511413574219,191.11801147460938,160.41000366210938,289.54681396484375,214.74447631835938,223.8800048828125,101.26970672607422,231.0,46.017578125,225.4510498046875,1082.694091796875,45.85884475708008,104.6500015258789,166.4444580078125,91.02631378173828,412.8279724121094,273.7949523925781,320.8599853515625,291.81512451171875,31.018430709838867,89.83247375488281,292.1742248535156,947.0645751953125,66.91443634033203,60.690773010253906,145.29466247558594,492.96490478515625,193.36349487304688,120.46563720703125,114.45137786865234,376.3524169921875,258.9648742675781,106.03764343261719,183.05776977539062,691.9114990234375,349.7412414550781,230.587646484375,274.9671936035156,746.9783325195312,516.1599731445312,251.3474884033203,159.0070343017578,284.4581298828125,93.10791015625,68.64588928222656,455.1630554199219,756.1510009765625,456.8773498535156,213.04690551757812,100.2352523803711,552.1691284179688,293.25457763671875,67.45672607421875,699.1185913085938,54.29701232910156,78.88279724121094,137.5792999267578,507.6451721191406,113.07850646972656,73.0643081665039,127.41699981689453,71.03084564208984,191.8300018310547,172.7698974609375,245.94677734375,196.27999877929688,139.90098571777344,22.579509735107422,150.1476287841797,153.99000549316406,172.90792846679688,149.4598388671875,547.00244140625,90.79400634765625,91.93380737304688,336.7549743652344,33.74816131591797,589.010009765625,90.37620544433594,492.89508056640625,384.9803466796875,25.774599075317383,120.69454956054688,423.4363098144531,319.4100036621094,210.68072509765625,280.55621337890625,222.43914794921875,347.0685729980469,38.33161163330078,77.99853515625,222.1396942138672,94.30155944824219,108.21066284179688,146.7122802734375
2025-07-18,210.3455047607422,183.56527709960938,120.8760986328125,276.7374267578125,365.7900085449219,293.6300964355469,189.05316162109375,156.99000549316406,286.15869140625,216.41014099121094,226.1300048828125,102.64036560058594,229.33999633789062,46.31118392944336,226.20309448242188,1080.9407958984375,45.19089889526367,103.63999938964844,162.80657958984375,91.37833404541016,408.5226745605469,272.4729919433594,315.57000732421875,289.30084228515625,30.875408172607422,88.70000457763672,290.6755065917969,944.1258544921875,66.66951751708984,59.406005859375,144.00851440429688,493.6365661621094,188.65821838378906,119.68690490722656,113.72657775878906,374.2765197753906,261.93975830078125,105.47237396240234,184.5335693359375,694.28369140625,350.0919189453125,228.81739807128906,278.7406921386719,744.2688598632812,518.6199951171875,248.8603057861328,159.70948791503906,285.8023681640625,92.5157241821289,67.92627716064453,458.8336486816406,766.289306640625,451.77496337890625,213.61221313476562,100.10596466064453,549.2373657226562,290.03271484375,67.46639251708984,701.979248046875,54.334468841552734,77.37326049804688,137.5109405517578,506.0082092285156,114.20669555664062,73.8126449584961,120.92400360107422,70.53445434570312,192.67999267578125,172.18069458007812,242.6839599609375,195.77999877929688,137.78477478027344,22.47846031188965,150.6693115234375,153.52000427246094,172.48329162597656,151.60462951660156,539.563232421875,91.38831329345703,94.5999984741211,336.9234313964844,32.434059143066406,584.760009765625,91.12184143066406,491.97564697265625,385.475341796875,25.726850509643555,120.69454956054688,413.24346923828125,329.6499938964844,210.70989990234375,275.2775573730469,219.8773193359375,346.31451416015625,38.228641510009766,78.9085693359375,223.73416137695312,94.26189422607422,104.44082641601562,145.7998046875
2025-07-21,211.640380859375,179.28797912597656,121.60916137695312,276.7472229003906,367.67999267578125,292.7641296386719,191.2073516845703,157.0,287.2362976074219,218.07579040527344,229.3000030517578,103.00786590576172,229.32000732421875,46.467769622802734,225.18174743652344,1070.587890625,44.55158615112305,103.77999877929688,160.84774780273438,90.59608459472656,406.4116516113281,272.3636474609375,316.32000732421875,288.4105224609375,31.295543670654297,88.0805435180664,290.47705078125,940.7601318359375,66.95362091064453,59.09920120239258,143.66297912597656,490.1007995605469,186.69271850585938,119.11518096923828,112.57655334472656,369.3734130859375,261.5318298339844,105.53084564208984,189.55923461914062,692.068359375,354.6117858886719,227.5404815673828,277.609619140625,755.2059326171875,516.1199951171875,248.36289978027344,160.35340881347656,285.5080261230469,93.17547607421875,68.14021301269531,464.1816711425781,756.826171875,448.43505859375,215.3179168701172,101.18001556396484,551.215087890625,288.7342224121094,67.08948516845703,710.6408081054688,55.17729949951172,76.74429321289062,137.15945434570312,506.0181579589844,113.0485610961914,74.02645111083984,123.3270034790039,72.04306030273438,191.98199462890625,171.1520538330078,240.79550170898438,199.8800048828125,136.30340576171875,22.285552978515625,150.60130310058594,151.7899932861328,174.17213439941406,155.6885528564453,542.556884765625,90.27762603759766,95.04435729980469,338.1419982910156,32.64820861816406,591.4600219726562,91.79000091552734,489.8553466796875,383.41632080078125,26.14703369140625,123.43109893798828,403.4691162109375,328.489990234375,208.71585083007812,274.7808837890625,220.83555603027344,348.189697265625,39.77313995361328,78.55628967285156,221.74603271484375,94.87674713134766,104.7121810913086,144.5929718017578
2025-07-22,213.5527801513672,181.47998046875,122.88956451416016,281.1661376953125,372.8699951171875,294.7878723144531,185.7771759033203,154.72000122070312,296.7697448730469,223.70822143554688,227.47000122070312,101.09093475341797,228.47999572753906,46.7515869140625,229.0839385986328,1077.8065185546875,45.8206672668457,103.16000366210938,163.44346618652344,91.91615295410156,413.4681396484375,277.0451965332031,319.6000061035156,293.5467224121094,31.527952194213867,89.99702453613281,290.7748107910156,934.8529052734375,66.77729034423828,59.20096969604492,144.00851440429688,499.43389892578125,188.51922607421875,119.33204650878906,113.96817779541016,368.375,257.69134521484375,107.37285614013672,190.7957000732422,686.5885620117188,361.4012451171875,228.85609436035156,274.92822265625,758.2616577148438,511.0,253.71755981445312,163.83636474609375,285.9593811035156,88.650634765625,67.74151611328125,465.75054931640625,770.9860229492188,399.95269775390625,221.08807373046875,97.15231323242188,555.2996826171875,292.0830078125,68.37483978271484,702.5074462890625,55.664268493652344,78.96988677978516,136.73956298828125,501.2660827636719,109.04498291015625,75.35790252685547,119.00800323486328,73.37648010253906,192.4739990234375,166.80783081054688,235.4266815185547,196.72999572753906,140.47811889648438,23.09393310546875,153.79734802246094,149.07000732421875,159.49374389648438,154.72877502441406,557.8729248046875,94.44758605957031,94.19512939453125,336.9234313964844,33.436676025390625,615.1300048828125,92.81645202636719,485.8116760253906,391.1673889160156,26.18523406982422,124.08312225341797,426.06671142578125,332.1099853515625,209.0562744140625,277.69287109375,224.15029907226562,349.10247802734375,40.21308517456055,80.6112060546875,223.5077667236328,95.05525970458984,105.1870346069336,148.3409881591797
2025-07-23,213.3037872314453,184.81646728515625,122.98729705810547,280.2647399902344,372.4599914550781,296.004150390625,185.6481170654297,158.64999389648438,300.19671630859375,221.61891174316406,228.2899932861328,100.02816772460938,233.8800048828125,47.11369705200195,227.52870178222656,1097.37646484375,46.73670196533203,107.76000213623047,165.93304443359375,93.86202239990234,423.77532958984375,268.5170593261719,326.4599914550781,297.7437744140625,31.992786407470703,91.99093627929688,291.2412414550781,934.4358520507812,67.22795104980469,59.94728088378906,146.96470642089844,508.796630859375,196.4407958984375,121.18521881103516,114.88626098632812,375.8779296875,261.8502197265625,110.67678833007812,189.68887329101562,703.3610229492188,366.60296630859375,231.458251953125,274.97698974609375,767.3792114257812,501.95001220703125,256.7508850097656,164.9778594970703,291.1893615722656,89.13451385498047,67.25527954101562,463.74749755859375,793.2783813476562,408.3755187988281,224.00807189941406,96.56555938720703,558.6090698242188,291.0578308105469,67.81430053710938,711.2488403320312,55.97331237792969,81.26321411132812,138.8584442138672,501.861328125,109.65400695800781,70.7707290649414,117.6780014038086,74.70014953613281,191.28599548339844,170.55284118652344,239.17396545410156,199.22000122070312,140.1125946044922,23.296030044555664,153.75845336914062,154.6300048828125,158.91470336914062,156.57977294921875,569.2705078125,93.45380401611328,93.9581298828125,339.7668762207031,34.20566940307617,614.4199829101562,92.11924743652344,493.1765441894531,396.88909912109375,26.500375747680664,124.83394622802734,465.01470947265625,332.55999755859375,181.16851806640625,284.88037109375,225.87123107910156,352.5056457519531,40.10075759887695,81.9028549194336,224.52151489257812,94.88667297363281,106.53409576416016,150.55838012695312
2025-07-24,212.91531372070312,185.08804321289062,122.80159759521484,276.02215576171875,371.69000244140625,297.95977783203125,186.7500457763672,162.1199951171875,299.5462341308594,222.63951110839844,232.22999572753906,103.75279235839844,231.27000427246094,47.35837173461914,224.10484313964844,1095.41748046875,46.69853591918945,106.20999908447266,171.8674774169922,93.27533721923828,425.6881408691406,268.546875,324.6400146484375,287.55938720703125,31.617347717285156,92.55233001708984,288.273681640625,927.098876953125,66.9046401977539,56.94264602661133,149.56578063964844,508.29290771484375,201.32473754882812,120.20934295654297,115.05055236816406,380.48443603515625,266.65582275390625,110.325927734375,191.6233367919922,704.9882202148438,363.4273681640625,217.151123046875,254.01316833496094,772.5313110351562,488.6099853515625,255.3756561279297,165.42662048339844,290.9832458496094,89.83897399902344,67.19692993164062,465.2275695800781,799.7723388671875,409.5050354003906,221.01947021484375,97.24181365966797,560.01025390625,287.50408935546875,67.823974609375,712.4649047851562,55.8234748840332,81.3890151977539,139.14158630371094,506.8316650390625,111.55096435546875,69.94464111328125,118.07599639892578,73.40567016601562,199.23599243164062,173.5089111328125,240.093505859375,201.16000366210938,139.0063934326172,23.286840438842773,154.27333068847656,154.86000061035156,155.45016479492188,155.5612335205078,561.5626831054688,91.29087829589844,95.29122161865234,337.0621337890625,34.30301284790039,609.6799926757812,91.99335479736328,498.04583740234375,392.6621398925781,26.6627197265625,124.73515319824219,473.30450439453125,305.29998779296875,180.623779296875,271.3136901855469,215.62391662597656,351.19598388671875,40.32541275024414,82.06920623779297,226.97225952148438,95.79903411865234,107.3675308227539,149.94027709960938
2025-07-25,213.03485107421875,184.55459594726562,123.68125915527344,277.4330749511719,370.739990234375,300.2851257324219,184.33775329589844,166.47000122070312,297.6337585449219,221.32044982910156,231.44000244140625,104.30899047851562,233.05999755859375,47.417091369628906,223.401611328125,1100.226806640625,46.21189880371094,106.13999938964844,171.85784912109375,93.94025421142578,429.8804016113281,267.5231018066406,332.19000244140625,289.9465026855469,30.10664939880371,91.90381622314453,288.1843566894531,928.7667846679688,67.2965316772461,58.83266067504883,148.6155548095703,510.9792785644531,203.97520446777344,119.73619842529297,114.41272735595703,387.6711120605469,270.2177429199219,113.249755859375,192.63047790527344,714.5947265625,365.61907958984375,216.9189453125,253.24285888671875,777.21875,495.8599853515625,255.24887084960938,164.19735717773438,293.0143737792969,89.63130950927734,67.26499938964844,466.6090087890625,806.9813842773438,410.1087341308594,222.23451232910156,96.42633056640625,564.7010498046875,291.3995666503906,68.21054077148438,710.3517456054688,56.03886032104492,81.9696044921875,139.6395721435547,509.6392822265625,111.08171081542969,69.8280258178711,118.04900360107422,74.23297119140625,193.75799560546875,173.2692413330078,242.35768127441406,203.27000427246094,137.9867706298828,23.165361404418945,153.7779083251953,158.8000030517578,155.29574584960938,155.13031005859375,560.0310668945312,91.99237060546875,95.84420776367188,336.953125,34.526893615722656,601.5499877929688,92.332275390625,501.8924560546875,399.4629211425781,26.739116668701172,124.9129867553711,476.5825500488281,316.05999755859375,179.94288635253906,273.7290344238281,219.75021362304688,354.241943359375,40.32541275024414,82.5095443725586,226.0470733642578,96.66181945800781,106.98958587646484,149.2534637451172
2025-07-28,213.2041778564453,182.84754943847656,123.49555969238281,271.4464416503906,369.4700012207031,298.5921936035156,188.88438415527344,173.66000366210938,292.49810791015625,215.8709716796875,232.7899932861328,105.97763061523438,236.41000366210938,47.201778411865234,225.2451934814453,1094.8787841796875,45.33403396606445,105.83999633789062,170.7384796142578,93.4317855834961,429.0776062011719,264.3822021484375,333.760009765625,286.0527648925781,29.972564697265625,93.90740966796875,284.0555114746094,927.2875366210938,66.54214477539062,57.805267333984375,149.9976806640625,504.2337646484375,201.4538116455078,118.65190124511719,117.5632095336914,388.25433349609375,269.2426452636719,110.1602554321289,192.03216552734375,709.3700561523438,367.46014404296875,217.73153686523438,256.6458435058594,789.856689453125,493.95001220703125,253.60052490234375,162.16806030273438,292.6807861328125,91.72383117675781,66.21473693847656,461.2510986328125,802.4335327148438,410.2742919921875,225.36029052734375,98.07719421386719,564.7606811523438,292.1318054199219,67.2441177368164,715.28564453125,54.99000549316406,81.34062194824219,139.20016479492188,508.4388122558594,111.07173156738281,69.33238220214844,117.45999908447266,77.12364959716797,197.14999389648438,176.51490783691406,244.91851806640625,204.5,136.17837524414062,22.71681785583496,152.6218719482422,157.8800048828125,152.255859375,157.72561645507812,555.58544921875,91.26165771484375,96.6835708618164,333.0495910644531,35.04280090332031,592.6300048828125,91.31551361083984,497.633056640625,396.6515197753906,26.35713005065918,123.87566375732422,483.1984558105469,325.5899963378906,184.08665466308594,274.7613830566406,224.15029907226562,352.6842041015625,39.651451110839844,81.28638458251953,224.30499267578125,96.80066680908203,107.99745178222656,147.90927124023438
2025-07-29,210.43515014648438,185.46630859375,125.11804962158203,273.26885986328125,370.70001220703125,300.29486083984375,187.03794860839844,177.44000244140625,294.7018737792969,206.7243194580078,231.00999450683594,104.59703063964844,226.0800018310547,46.92775344848633,221.75550842285156,1098.5126953125,44.713802337646484,106.47000122070312,170.83497619628906,92.38550567626953,426.21337890625,266.9267272949219,366.260009765625,285.8375549316406,29.346832275390625,94.8462905883789,287.5987548828125,927.8633422851562,66.58133697509766,58.15419006347656,150.717529296875,506.1596374511719,205.33517456054688,118.1984634399414,119.0128173828125,385.5358581542969,268.9441833496094,111.32978057861328,195.1931610107422,717.53564453125,367.5672912597656,214.4812469482422,255.8657684326172,797.3822021484375,496.8699951171875,253.10308837890625,164.01197814941406,291.4640808105469,91.02235412597656,67.4692153930664,465.247314453125,757.5908203125,409.0960693359375,225.40928649902344,98.39543151855469,559.8313598632812,295.5000915527344,67.36975860595703,697.7131958007812,55.58934783935547,79.9568862915039,140.17660522460938,508.5082702636719,111.78058624267578,69.92520904541016,116.8740005493164,76.23795318603516,198.63999938964844,175.2765350341797,247.16293334960938,193.83999633789062,138.41001892089844,22.707473754882812,152.13616943359375,156.24000549316406,157.06179809570312,158.73434448242188,555.1080932617188,90.56990814208984,96.6835708618164,333.8520812988281,34.68264389038086,635.8099975585938,92.18701934814453,497.9895324707031,396.5327453613281,26.17568588256836,124.84383392333984,480.4085998535156,321.20001220703125,186.15853881835938,254.2604522705078,218.80174255371094,348.5369873046875,39.97907257080078,80.87541198730469,231.84417724609375,97.51470184326172,109.39295959472656,148.16436767578125
2025-07-30,208.22393798828125,183.61376953125,125.6458511352539,268.4678039550781,364.0,302.5326843261719,188.01080322265625,179.50999450683594,292.57574462890625,200.97634887695312,230.19000244140625,104.77580261230469,225.83999633789062,46.93753433227539,222.63368225097656,1091.77392578125,43.874107360839844,106.76000213623047,169.19456481933594,93.68602752685547,430.2470397949219,264.8990783691406,371.0299987792969,291.4042053222656,29.051841735839844,93.56863403320312,289.613525390625,920.85400390625,66.89484405517578,60.3834342956543,147.38702392578125,501.5869445800781,202.49612426757812,117.83374786376953,117.16698455810547,385.61492919921875,272.1678466796875,111.84632873535156,195.970947265625,716.329833984375,362.4434814453125,214.90687561035156,253.76939392089844,798.4205322265625,500.510009765625,247.4167938232422,163.1826934814453,294.0054626464844,91.90664672851562,66.8565673828125,460.0374755859375,754.7409057617188,407.6841125488281,222.85182189941406,98.54460144042969,555.6473999023438,296.41778564453125,62.91450500488281,692.9389038085938,57.59341049194336,79.10535430908203,141.5240936279297,509.1729431152344,114.5561294555664,68.99222564697266,118.41999816894531,74.63203430175781,195.49600219726562,179.03155517578125,247.77593994140625,183.02999877929688,137.4192352294922,22.24958610534668,148.51272583007812,158.61000061035156,156.50205993652344,155.7766876220703,551.5574951171875,90.37505340576172,97.33528900146484,328.90826416015625,33.26145935058594,645.3499755859375,91.89653015136719,496.6197814941406,396.3743591308594,26.26163101196289,124.29058074951172,475.54632568359375,319.0400085449219,184.3492889404297,259.1007995605469,220.27821350097656,348.1599426269531,39.87610626220703,80.02408599853516,228.84228515625,96.78083038330078,108.44324493408203,146.00582885742188
2025-07-31,206.7498016357422,183.33250427246094,123.33916473388672,261.7071228027344,357.69000244140625,301.131591796875,178.74874877929688,176.30999755859375,286.48876953125,200.6393585205078,234.11000061035156,105.78890991210938,221.83999633789062,46.262245178222656,218.3162078857422,1083.311279296875,41.326393127441406,104.91999816894531,166.8979949951172,91.62279510498047,434.1122741699219,264.4319152832031,364.57000732421875,261.5848388671875,29.70439338684082,92.28131103515625,283.9364013671875,932.8970336914062,66.69891357421875,60.18959045410156,145.54420471191406,517.8827514648438,195.7161407470703,117.4098892211914,115.98796081542969,380.3065185546875,269.7102966308594,109.43903350830078,191.35411071777344,709.3112182617188,357.9919128417969,215.09066772460938,246.83670043945312,776.4078369140625,481.0899963378906,249.66009521484375,160.72413635253906,290.6790771484375,87.340087890625,66.02025604248047,454.146728515625,734.8715209960938,409.92376708984375,219.0695343017578,94.31798553466797,562.9617919921875,292.961669921875,62.51827621459961,770.913330078125,58.005462646484375,75.59278869628906,140.06895446777344,529.2723999023438,108.96510314941406,69.06026458740234,115.94000244140625,72.69517517089844,188.62399291992188,177.63340759277344,250.9102020263672,173.60000610351562,132.6673583984375,21.7636661529541,146.17156982421875,158.35000610351562,158.31637573242188,143.7305908203125,542.4872436523438,86.86761474609375,96.50582122802734,327.8184509277344,32.90129852294922,633.469970703125,91.48982238769531,517.0445556640625,388.77178955078125,26.17568588256836,123.02604675292969,465.981201171875,308.2699890136719,177.39306640625,243.0506591796875,217.0417022705078,342.7626037597656,40.025875091552734,78.8987808227539,225.54513549804688,97.1676025390625,108.19127655029297,143.04273986816406
2025-08-01,201.58029174804688,189.345947265625,124.41431427001953,250.21395874023438,347.79998779296875,292.3165588378906,178.6792449951172,171.6999969482422,288.216796875,204.21136474609375,214.75,103.60380554199219,221.89999389648438,44.68656921386719,213.64488220214844,1069.3929443359375,42.204254150390625,105.41000366210938,164.4276885986328,89.79425811767578,424.86553955078125,265.7836608886719,356.9700012207031,256.5464782714844,29.06972312927246,89.7840805053711,286.18939208984375,946.9947509765625,65.74857330322266,60.5482063293457,145.3138427734375,494.78216552734375,195.64663696289062,114.92584991455078,112.68285369873047,376.9158935546875,268.0188903808594,110.30644226074219,188.5919952392578,695.5678100585938,363.98260498046875,210.60215759277344,243.81402587890625,767.5275268554688,483.1199951171875,246.09033203125,163.25099182128906,283.93804931640625,88.09620666503906,66.96354675292969,453.30804443359375,756.9751586914062,409.9529724121094,221.84254455566406,95.83958435058594,556.4226684570312,295.7148742675781,61.783790588378906,747.5599365234375,57.855628967285156,76.72494506835938,136.7554931640625,519.956787109375,104.71192932128906,68.41883850097656,115.86000061035156,72.62704467773438,182.87399291992188,173.4889373779297,241.66558837890625,172.8800048828125,133.97557067871094,21.950557708740234,146.346435546875,154.27000427246094,157.26446533203125,145.13107299804688,555.8240966796875,84.62674713134766,94.3333740234375,340.2325134277344,32.17123794555664,618.6500244140625,91.9836654663086,511.94061279296875,373.98236083984375,26.500375747680664,124.4782943725586,461.3580627441406,302.6300048828125,177.1971435546875,231.56817626953125,214.5287628173828,336.6905517578125,40.13820266723633,76.10997009277344,225.26954650878906,97.67337036132812,106.25305938720703,144.602783203125
2025-08-04,202.5464630126953,191.25668334960938,126.99466705322266,253.55511474609375,338.8500061035156,294.08740234375,181.4886474609375,176.77999877929688,293.129150390625,205.0586395263672,211.64999389648438,107.89456176757812,222.33999633789062,44.872520446777344,217.206787109375,1093.155029296875,43.32067108154297,106.79000091552734,165.5247344970703,90.63087463378906,429.8308410644531,266.1216125488281,364.8800048828125,260.81195068359375,29.105480194091797,89.8711929321289,291.4397888183594,949.8281860351562,67.10059356689453,59.55958557128906,144.9683074951172,504.24365234375,196.01393127441406,117.64645385742188,113.07908630371094,380.34613037109375,274.83428955078125,111.60267639160156,194.48516845703125,711.7030639648438,370.9571533203125,213.58160400390625,245.6958770751953,776.1505737304688,483.3599853515625,247.3290252685547,166.87054443359375,288.7362976074219,90.97565460205078,67.06077575683594,461.19189453125,763.5982666015625,412.57232666015625,229.1033935546875,97.86834716796875,566.2811279296875,297.02313232421875,61.397220611572266,773.833740234375,58.005462646484375,77.27649688720703,138.98739624023438,531.3954467773438,107.59729766845703,68.54517364501953,117.0989990234375,72.82170104980469,184.60000610351562,179.76058959960938,249.68417358398438,171.0,134.2449188232422,21.987937927246094,146.45327758789062,160.66000366210938,157.29342651367188,144.46510314941406,568.425048828125,87.47167205810547,95.88370513916016,344.6314392089844,32.005760192871094,636.02001953125,92.96170806884766,528.227783203125,377.64501953125,26.43352699279785,127.6594009399414,464.875244140625,309.260009765625,179.0292510986328,234.69444274902344,217.12969970703125,339.4685974121094,40.20372772216797,75.91427612304688,226.90335083007812,98.76425170898438,104.05317687988281,148.94931030273438
2025-08-05,202.11814880371094,192.57574462890625,127.73751068115234,242.08154296875,338.739990234375,291.3436279296875,177.84536743164062,174.30999755859375,291.32342529296875,202.2376251220703,213.75,107.19929504394531,224.86000061035156,44.58870315551758,216.48370361328125,1086.86669921875,43.750057220458984,104.83000183105469,162.7870330810547,90.0796890258789,430.35614013671875,266.0619812011719,360.5,264.87200927734375,29.06078338623047,90.2099609375,290.1594543457031,938.1563110351562,66.15025329589844,61.4689826965332,146.88792419433594,502.28814697265625,197.58236694335938,116.63115692138672,113.8232192993164,352.36083984375,270.74505615234375,109.60472106933594,194.11622619628906,706.68408203125,375.42828369140625,213.84280395507812,244.41856384277344,760.7239990234375,477.0,249.7283935546875,166.577880859375,285.9005126953125,87.77528381347656,67.14830780029297,463.5994873046875,760.5697631835938,416.9930419921875,232.67994689941406,96.14787292480469,562.5345458984375,291.6924743652344,60.2085075378418,760.9658813476562,58.548622131347656,78.1764144897461,138.1024932861328,523.5679321289062,108.88523864746094,69.17688751220703,114.78700256347656,72.39344787597656,181.0240020751953,178.02288818359375,252.78878784179688,169.08999633789062,134.1391143798828,23.12798309326172,146.21043395996094,173.27000427246094,158.40322875976562,143.68162536621094,566.7940063476562,87.88086700439453,95.23197937011719,348.8321838378906,32.609275817871094,628.5,91.40265655517578,528.227783203125,377.0213928222656,26.519474029541016,127.21485137939453,464.7257995605469,308.7200012207031,181.64517211914062,244.45309448242188,218.01950073242188,334.78558349609375,39.941627502441406,76.28610229492188,226.1553192138672,98.48656463623047,103.92718505859375,143.36651611328125
2025-08-06,212.4073486328125,190.39346313476562,127.97208404541016,242.5420379638672,345.6199951171875,293.484130859375,176.8427276611328,163.1199951171875,276.36309814453125,201.13037109375,222.30999755859375,108.7586669921875,225.0399932861328,44.45168685913086,219.59536743164062,1097.5430908203125,42.767234802246094,102.94999694824219,164.40830993652344,90.77851867675781,423.9042053222656,268.0002136230469,360.1600036621094,264.1089172363281,28.74791717529297,90.12285614013672,281.65362548828125,962.941650390625,67.80598449707031,61.56590270996094,146.6383819580078,503.3350524902344,193.74069213867188,113.526123046875,112.67318725585938,354.0512390136719,270.90423583984375,107.48007202148438,195.5321807861328,710.4384765625,376.7822570800781,212.07252502441406,245.98838806152344,770.8106079101562,474.05999755859375,251.1621551513672,166.4315185546875,285.8808898925781,88.25916290283203,67.59564208984375,465.2177429199219,741.1272583007812,423.4294738769531,233.4932098388672,95.41194152832031,565.6054077148438,300.3718566894531,59.98623275756836,769.4680786132812,59.13860321044922,76.87008666992188,138.92840576171875,520.7802734375,108.60568237304688,68.55489349365234,117.8479995727539,73.46408081054688,182.46200561523438,179.1813507080078,253.54022216796875,172.88999938964844,135.4376678466797,22.36172103881836,148.4932861328125,179.5399932861328,161.15362548828125,142.82958984375,552.1044921875,86.70197296142578,95.49858856201172,347.4847717285156,31.986289978027344,625.8800048828125,91.68348693847656,527.7963256835938,371.16107177734375,26.25208282470703,130.504638671875,447.3092346191406,319.9100036621094,182.1448516845703,239.36924743652344,220.4542236328125,337.0774841308594,39.64208984375,75.94361877441406,227.9466552734375,102.50299835205078,103.2197494506836,143.73936462402344
2025-08-07,219.16053771972656,192.8764190673828,129.07655334472656,236.83956909179688,338.2699890136719,295.2840881347656,181.81622314453125,172.39999389648438,276.3922119140625,202.19911193847656,223.1300048828125,107.81510162353516,227.3300018310547,43.96234130859375,215.46192932128906,1089.9910888671875,43.282501220703125,102.95999908447266,162.74818420410156,89.79425811767578,413.39874267578125,267.68212890625,354.3299865722656,265.1263732910156,28.309906005859375,89.62921142578125,276.3139343261719,971.7800903320312,68.48198699951172,61.62405776977539,147.00311279296875,500.3721618652344,197.036376953125,111.26880645751953,112.07402801513672,357.0650939941406,270.64556884765625,107.48007202148438,195.96096801757812,705.537109375,376.1686096191406,209.50906372070312,243.9212646484375,753.1490478515625,469.80999755859375,250.45013427734375,167.34860229492188,281.5536804199219,90.62193298339844,68.49030303955078,463.1949768066406,636.3583374023438,419.4371337890625,233.7577667236328,98.60427856445312,557.744384765625,300.6159362792969,60.305152893066406,759.3412475585938,59.51319885253906,77.77000427246094,138.55477905273438,516.7127075195312,111.69073486328125,70.53749084472656,118.03700256347656,72.36425018310547,174.82400512695312,180.52955627441406,246.57957458496094,168.10000610351562,138.43887329101562,22.642059326171875,149.1053009033203,182.1999969482422,162.2923583984375,142.88833618164062,556.7490844726562,88.6797866821289,94.78761291503906,346.69219970703125,31.918153762817383,620.3300170898438,92.332275390625,524.5781860351562,372.57666015625,26.79641342163086,130.3860626220703,453.08819580078125,322.2699890136719,182.1448516845703,238.28819274902344,217.71640014648438,329.4874267578125,40.20372772216797,75.39564514160156,229.5410919189453,102.26498413085938,102.67704772949219,145.44659423828125
2025-08-08,228.4437255859375,192.09078979492188,131.2464141845703,234.3704376220703,341.04998779296875,297.5413513183594,183.52371215820312,172.75999450683594,279.8192138671875,198.8292694091797,222.69000244140625,109.23542022705078,229.1199951171875,45.029109954833984,214.42311096191406,1101.882080078125,43.84547805786133,103.13999938964844,163.98114013671875,91.27064514160156,412.8041076660156,269.6004638671875,352.05999755859375,268.94183349609375,28.309906005859375,90.89718627929688,282.9935302734375,975.2896118164062,70.3336410522461,63.52375793457031,148.77871704101562,504.0559997558594,199.0912322998047,110.82523345947266,112.37360382080078,359.7220764160156,273.6204528808594,116.37826538085938,200.84703063964844,707.0369873046875,377.8050842285156,209.2478790283203,237.82521057128906,740.67919921875,470.0799865722656,250.65493774414062,169.104736328125,283.33953857421875,90.89418029785156,68.40277862548828,466.1452331542969,621.2552490234375,414.4516296386719,236.29563903808594,101.1899642944336,570.7633056640625,298.2142333984375,59.75429153442383,766.786865234375,60.112545013427734,78.07965850830078,140.77684020996094,517.9032592773438,118.6994857788086,70.37226867675781,121.16400146484375,72.20853424072266,174.5019989013672,182.4569854736328,247.23214721679688,167.05999755859375,139.6797332763672,22.969125747680664,149.12472534179688,186.9600067138672,164.23211669921875,144.51406860351562,559.9315795898438,89.75151062011719,96.13436889648438,348.90155029296875,31.99602508544922,619.4199829101562,91.69316864013672,522.4578857421875,373.7744140625,26.815513610839844,129.78343200683594,459.0464782714844,329.6499938964844,183.42831420898438,244.34597778320312,217.30572509765625,334.1406555175781,40.39093780517578,76.62599182128906,231.38156127929688,102.86992645263672,103.50078582763672,144.5733642578125
2025-08-11,226.53909301757812,192.6630401611328,128.39236450195312,233.7923583984375,333.6499938964844,295.50787353515625,183.03729248046875,172.27999877929688,276.7708435058594,198.41526794433594,221.3000030517578,109.06655883789062,225.9600067138672,45.1759147644043,212.77069091796875,1104.7813720703125,43.82639694213867,102.75,165.1072998046875,90.85724639892578,404.89532470703125,269.3619079589844,349.0899963378906,271.03546142578125,28.077491760253906,90.52938079833984,288.5218200683594,983.0045166015625,69.23636627197266,62.88405990600586,147.2814483642578,500.70794677734375,198.29708862304688,110.94351959228516,112.914794921875,357.0155334472656,273.80950927734375,117.4113540649414,200.42822265625,705.0469970703125,377.4933776855469,209.38330078125,231.96475219726562,698.2459106445312,471.8500061035156,250.5574493408203,169.5828094482422,284.1244812011719,90.43513488769531,68.80148315429688,464.13232421875,630.7579956054688,415.0650939941406,235.0218048095703,101.43858337402344,570.037841796875,297.1500244140625,59.493350982666016,763.3680419921875,61.498531341552734,77.44100189208984,141.46510314941406,517.6353759765625,123.5217514038086,70.41114044189453,121.83100128173828,72.04306030273438,171.2740020751953,181.81784057617188,249.8324737548828,168.1699981689453,139.35269165039062,22.969125747680664,150.552734375,182.67999267578125,164.3672332763672,144.91561889648438,542.964599609375,89.38127136230469,96.67900848388672,351.29913330078125,31.50931739807129,616.1199951171875,91.57696533203125,521.529052734375,372.8736267089844,26.87281036376953,130.80099487304688,460.71044921875,339.0299987792969,179.98941040039062,245.78733825683594,214.7732391357422,333.2675476074219,40.41902160644531,76.37007141113281,233.35989379882812,103.06826782226562,102.56076049804688,146.21188354492188
2025-08-12,229.00213623046875,192.6630401611328,128.06004333496094,233.06729125976562,338.42999267578125,291.5284729003906,187.07763671875,174.9499969482422,276.6640625,197.00958251953125,221.47000122070312,111.09275817871094,232.61000061035156,46.48734664916992,216.62965393066406,1135.8111572265625,44.417999267578125,102.63999938964844,168.6702117919922,94.2332763671875,409.028076171875,268.13934326171875,353.6099853515625,274.3911437988281,28.694284439086914,91.55537414550781,286.9833679199219,985.5,69.93195343017578,63.49468231201172,148.2316436767578,499.5919189453125,204.21343994140625,112.09681701660156,114.04549407958984,360.1781005859375,278.2171325683594,116.9727783203125,202.76156616210938,728.710693359375,385.7440185546875,209.92503356933594,230.4628143310547,705.5537109375,478.19000244140625,254.05892944335938,168.56814575195312,287.3527526855469,92.95390319824219,68.76258850097656,466.9444885253906,634.9384155273438,420.22589111328125,239.94076538085938,104.7005386352539,570.6241455078125,294.4944763183594,59.32905960083008,787.419189453125,61.816932678222656,77.7022705078125,144.81785583496094,525.046142578125,127.54528045654297,69.8377456665039,122.52799987792969,72.89956665039062,170.68600463867188,182.9163818359375,250.9991912841797,175.39999389648438,141.27651977539062,23.034536361694336,150.65960693359375,186.97000122070312,162.7073516845703,150.5567169189453,553.5166625976562,90.96936798095703,97.72868347167969,354.77667236328125,32.06416320800781,625.7999877929688,90.98626708984375,524.5125732421875,372.814208984375,27.197500228881836,131.779052734375,475.6759033203125,340.8399963378906,189.06185913085938,254.74742126464844,213.94210815429688,334.6888732910156,40.48454666137695,78.2303695678711,229.30487060546875,102.76083374023438,102.85147857666016,146.94775390625
2025-08-13,232.6717529296875,195.4078826904297,126.47664642333984,240.71958923339844,351.07000732421875,296.7046203613281,188.6461181640625,184.4199981689453,280.8871154785156,196.5570526123047,224.55999755859375,109.08643341064453,233.3699951171875,46.23289108276367,216.0894317626953,1136.2225341796875,45.6584587097168,102.5,171.4661407470703,93.1604232788086,410.00927734375,273.37750244140625,349.1199951171875,280.87744140625,29.44516372680664,92.8039779663086,288.8592529296875,973.1719360351562,68.97183990478516,63.8726921081543,149.60414123535156,507.1867370605469,207.6083984375,114.97513580322266,115.4564437866211,354.4180603027344,267.50152587890625,117.08972930908203,201.38551330566406,729.9948120117188,396.6344909667969,212.56588745117188,235.66558837890625,703.8034057617188,482.3500061035156,260.7303161621094,170.16815185546875,285.0762634277344,94.3399658203125,68.51947784423828,469.3125915527344,655.8505249023438,430.94671630859375,251.17005920410156,106.15250396728516,574.321044921875,297.84320068359375,60.102203369140625,777.5316772460938,61.339324951171875,80.0343017578125,145.27996826171875,516.4547729492188,124.07085418701172,70.2653579711914,120.44400024414062,75.13813018798828,172.66000366210938,181.34844970703125,241.42828369140625,176.86000061035156,143.6620635986328,23.511112213134766,150.970458984375,184.3699951171875,160.08241271972656,153.357666015625,558.4894409179688,91.758544921875,94.65888214111328,365.4173278808594,32.6579475402832,618.5700073242188,91.79000091552734,527.8150634765625,375.1306457519531,27.12110137939453,132.48048400878906,483.029052734375,339.3800048828125,189.37538146972656,264.7203063964844,218.22483825683594,340.4634704589844,40.91513442993164,76.66536712646484,226.2734375,100.15263366699219,104.27607727050781,149.5674285888672
2025-08-14,232.12330627441406,198.5212860107422,126.3593521118164,241.18992614746094,348.5799865722656,293.5230407714844,186.86917114257812,180.9499969482422,281.8191223144531,195.89271545410156,230.97999572753906,109.99026489257812,233.19000244140625,46.69286346435547,217.5510711669922,1136.349853515625,45.62028884887695,104.1500015258789,169.58274841308594,93.95767211914062,413.775390625,274.0732421875,348.9200134277344,284.0570373535156,29.409406661987305,92.58136749267578,292.6605224609375,969.7320556640625,67.8941650390625,64.67715454101562,148.92271423339844,472.91607666015625,208.6804962158203,114.64984130859375,115.76570129394531,352.04864501953125,268.3373107910156,115.9981689453125,202.3627166748047,732.4552612304688,389.9521484375,211.076171875,232.75987243652344,702.7452392578125,477.0799865722656,256.01934814453125,170.46083068847656,288.6381530761719,94.9291763305664,67.63453674316406,471.28607177734375,679.622314453125,425.8345947265625,247.9561004638672,106.78897857666016,580.144775390625,301.6313171386719,59.39671325683594,779.5748901367188,61.38615798950195,80.08268737792969,146.0173797607422,518.3396606445312,125.08922576904297,70.20704650878906,123.05599975585938,74.34976959228516,170.1719970703125,181.77789306640625,242.19949340820312,173.5500030517578,142.95986938476562,23.46438980102539,149.34817504882812,181.02000427246094,159.49374389648438,154.8267059326172,562.8854370117188,90.6673355102539,96.82754516601562,362.1874694824219,32.33671951293945,616.3599853515625,91.20899963378906,529.2880859375,374.7049560546875,27.45534324645996,131.761962890625,483.27813720703125,335.5799865722656,189.78688049316406,264.4086608886719,216.60169982910156,343.38555908203125,40.71855926513672,78.16146850585938,222.58261108398438,100.01380157470703,104.06287384033203,150.1757354736328
2025-08-15,230.93666076660156,200.47080993652344,128.7735595703125,242.02273559570312,354.8500061035156,293.6300964355469,160.58200073242188,177.50999450683594,287.8187561035156,198.4537811279297,231.02999877929688,108.47062683105469,235.25999450683594,45.93928146362305,216.34210205078125,1111.7159423828125,46.221439361572266,103.16999816894531,166.61204528808594,92.21554565429688,404.1520080566406,272.552490234375,349.8800048828125,290.4259033203125,29.90105438232422,92.27163696289062,291.16900634765625,966.4014282226562,64.85704040527344,66.48961639404297,150.25682067871094,482.7528076171875,209.38528442382812,113.74298095703125,114.99256896972656,348.0135803222656,266.49664306640625,115.36466979980469,203.31996154785156,716.3004760742188,389.0364685058594,210.78443908691406,235.32199096679688,708.7775268554688,480.260009765625,252.26429748535156,172.33404541015625,285.03704833984375,86.93370819091797,67.99433898925781,473.7034912109375,697.8336791992188,426.0683288574219,246.9860382080078,98.96229553222656,578.0975952148438,301.61175537109375,59.99589538574219,782.664794921875,61.63900375366211,81.48578643798828,142.20252990722656,516.0480346679688,120.67630767822266,73.28784942626953,123.8949966430664,74.91427612304688,173.447998046875,180.2099609375,245.48207092285156,177.08999633789062,144.6720733642578,23.49242401123047,149.950439453125,177.1699981689453,160.38157653808594,154.5916748046875,577.2467041015625,88.85301208496094,95.17381286621094,361.8101501464844,32.11283493041992,617.9099731445312,91.09278869628906,522.0826416015625,378.0608215332031,27.56993865966797,131.4348907470703,487.2337646484375,330.55999755859375,190.6294708251953,296.0804138183594,215.8781280517578,342.3717956542969,41.4112434387207,75.88778686523438,223.23219299316406,99.40248107910156,104.16068267822266,151.20596313476562
2025-08-18,230.23863220214844,200.3544464111328,127.32699584960938,244.09996032714844,357.239990234375,294.466796875,162.33912658691406,176.13999938964844,284.0810852050781,195.57498168945312,231.49000549316406,110.30810546875,232.41000366210938,46.89838409423828,219.42442321777344,1112.80322265625,45.98288345336914,103.05000305175781,164.28208923339844,92.73719787597656,408.958740234375,271.2702941894531,356.25,291.854248046875,29.883174896240234,91.7348861694336,288.7129211425781,973.6690063476562,65.59182739257812,68.01132202148438,149.07626342773438,485.0540466308594,207.47935485839844,114.88642883300781,113.77490234375,350.46234130859375,267.0936279296875,114.99432373046875,202.92112731933594,716.5357055664062,384.47772216796875,210.42466735839844,235.0569305419922,709.2423095703125,481.2799987792969,252.8300018310547,171.9535369873047,286.0574951171875,87.96430206298828,67.22610473632812,472.1543884277344,694.6690673828125,429.06744384765625,245.83956909179688,98.33576202392578,580.5225219726562,301.38726806640625,59.763954162597656,764.8631591796875,61.79820251464844,81.49545288085938,142.34999084472656,513.0023193359375,123.3520278930664,73.58912658691406,124.50900268554688,75.36198425292969,178.41000366210938,181.76788330078125,246.26319885253906,176.1699981689453,143.8544464111328,23.427011489868164,151.27159118652344,174.02999877929688,160.77725219726562,155.61997985839844,571.6488647460938,90.75559997558594,95.23323059082031,356.29962158203125,32.414588928222656,625.3300170898438,90.6242904663086,517.147705078125,377.7638244628906,27.61768913269043,131.87095642089844,485.76910400390625,335.1600036621094,190.3943328857422,300.44354248046875,215.1936798095703,340.6523132324219,41.55165100097656,76.22244262695312,220.66336059570312,100.0982894897461,104.38565063476562,149.44970703125
2025-08-19,229.90956115722656,199.9858856201172,128.28485107421875,250.7136688232422,361.0299987792969,297.45379638671875,161.03866577148438,166.5500030517578,286.9256286621094,198.96408081054688,228.00999450683594,109.23542022705078,225.0,47.05497741699219,221.4901580810547,1105.3101806640625,46.12601852416992,103.75,162.4084014892578,92.2647476196289,412.3779296875,272.1449890136719,346.8800048828125,295.56207275390625,30.294368743896484,91.50067138671875,293.0483093261719,975.1603393554688,65.40568542480469,68.7867202758789,147.51377868652344,483.38494873046875,210.64599609375,114.61041259765625,113.37866973876953,346.0010070800781,264.5863342285156,114.98456573486328,200.99661254882812,707.1448364257812,396.6539611816406,210.75527954101562,236.85336303710938,693.2420654296875,479.20001220703125,257.43365478515625,173.4657745361328,285.203857421875,87.23641204833984,68.19856262207031,473.5456237792969,699.80419921875,429.5153503417969,251.19944763183594,99.77777862548828,581.8839721679688,303.56439208984375,60.55642318725586,749.0250244140625,62.331993103027344,82.18247985839844,141.65191650390625,505.7304382324219,121.85442352294922,74.35688781738281,121.41500091552734,74.82667541503906,177.3560028076172,175.4063720703125,231.97601318359375,181.55999755859375,146.36505126953125,23.660627365112305,153.8750457763672,157.75,162.87139892578125,153.02468872070312,569.52734375,89.17665100097656,94.82722473144531,365.3150634765625,32.453529357910156,612.7899780273438,91.92240905761719,520.168701171875,386.0098876953125,27.674983978271484,133.4170379638672,496.48004150390625,329.30999755859375,191.97171020507812,296.3044128417969,218.80174255371094,340.3641052246094,42.06648254394531,76.31101989746094,224.8856964111328,100.68477630615234,105.0703353881836,152.736572265625
2025-08-20,225.3723907470703,202.85678100585938,129.44798278808594,249.9004364013672,353.42999267578125,300.6743469238281,159.78782653808594,165.1999969482422,287.7993469238281,201.70806884765625,223.80999755859375,107.91442108154297,225.6199951171875,47.31922149658203,223.69947814941406,1105.3004150390625,46.049678802490234,106.05000305175781,159.67068481445312,91.70372772216797,416.8377685546875,277.98944091796875,345.45001220703125,297.9687805175781,29.758028030395508,92.60343170166016,301.9776916503906,988.80078125,65.74857330322266,68.6413345336914,148.69778442382812,486.6243591308594,209.85183715820312,115.36943054199219,114.38373565673828,343.2449035644531,265.0937805175781,115.71553039550781,198.7530059814453,706.4586181640625,391.3353576660156,211.0081024169922,238.10006713867188,691.3829956054688,480.45001220703125,255.56097412109375,174.48040771484375,286.754150390625,87.4714126586914,68.75286865234375,475.95318603515625,702.0233154296875,434.2866516113281,251.96377563476562,98.60427856445312,589.009521484375,305.6634826660156,61.0493049621582,745.27734375,63.287208557128906,81.92122650146484,141.70106506347656,501.7125549316406,117.02217102050781,74.03617095947266,121.38600158691406,74.22323608398438,178.0500030517578,175.1667022705078,232.4110565185547,184.42999267578125,144.989501953125,23.71669578552246,154.95333862304688,156.00999450683594,166.8087921142578,152.23141479492188,588.6815185546875,87.78402709960938,94.57965850830078,364.5207824707031,32.472999572753906,601.1300048828125,92.65443420410156,522.6079711914062,387.9204406738281,27.961475372314453,137.034423828125,493.0126647949219,323.8999938964844,196.7039031982422,292.0191955566406,220.66932678222656,341.8350830078125,42.17881393432617,76.9311294555664,226.40139770507812,101.95712280273438,106.15605926513672,153.8060302734375
2025-08-21,224.26551818847656,203.19627380371094,129.01791381835938,248.86183166503906,353.42999267578125,296.69488525390625,159.13076782226562,163.7100067138672,287.1295166015625,201.9295196533203,221.9499969482422,108.07333374023438,224.4600067138672,47.23114013671875,226.51406860351562,1101.66650390625,46.21189880371094,105.20999908447266,158.67076110839844,91.13285064697266,414.1618957519531,277.1346435546875,347.57000732421875,294.42724609375,30.03513526916504,92.49608612060547,301.52032470703125,964.05517578125,65.66040802001953,69.2325668334961,150.95901489257812,480.73809814453125,202.40676879882812,114.55127716064453,114.52869415283203,342.4121398925781,267.3522644042969,113.1912841796875,199.1817626953125,701.822021484375,387.3999938964844,211.41651916503906,235.0078582763672,690.0083618164062,469.8800048828125,254.5660858154297,174.56822204589844,285.9986572265625,86.86897277832031,68.71397399902344,474.32513427734375,706.382080078125,435.45513916015625,250.50375366210938,97.86834716796875,588.2543334960938,305.8001708984375,60.8270263671875,736.6854858398438,63.380855560302734,83.29528045654297,141.62240600585938,501.06658935546875,115.60445404052734,73.93899536132812,120.62100219726562,74.14537048339844,175.3939971923828,174.7472381591797,230.532470703125,183.32000732421875,143.30615234375,24.053104400634766,154.19561767578125,156.17999267578125,168.3914794921875,150.94845581054688,595.8032836914062,86.85234069824219,94.88664245605469,361.2740173339844,32.911033630371094,598.1699829101562,92.35186767578125,518.3016357421875,380.95135498046875,28.11427116394043,136.2812042236328,482.0028381347656,320.1099853515625,196.64511108398438,295.4376525878906,220.29779052734375,341.5965576171875,42.150726318359375,76.60630798339844,225.988037109375,97.37466430664062,106.84075164794922,152.6776885986328
2025-08-22,227.11746215820312,204.26318359375,129.59457397460938,253.98623657226562,362.0899963378906,299.62353515625,161.7689971923828,167.75999450683594,287.46221923828125,203.9995574951172,228.83999633789062,108.61961364746094,230.1199951171875,48.42512893676758,226.91586303710938,1124.60595703125,45.725250244140625,106.16999816894531,165.5247344970703,93.76083374023438,431.78326416015625,276.011474609375,349.6300048828125,297.7535705566406,30.526782989501953,94.44789123535156,290.9502258300781,952.9796752929688,65.9543228149414,69.1065673828125,153.5113983154297,489.8538513183594,210.24893188476562,117.1634521484375,117.04135131835938,344.6229553222656,265.1832580566406,111.85606384277344,205.50375366210938,727.2500610351562,402.09918212890625,216.6771240234375,237.64849853515625,655.2982788085938,476.1600036621094,262.768798828125,174.91944885253906,290.6790771484375,86.65888214111328,68.19856262207031,475.2723693847656,708.2330322265625,434.4814147949219,258.42108154296875,99.52915954589844,595.2506713867188,306.6300354003906,61.281246185302734,752.32421875,63.371482849121094,84.5435562133789,145.53562927246094,504.037841796875,117.49142456054688,74.17222595214844,120.46499633789062,76.28662109375,177.35000610351562,177.7532501220703,233.70628356933594,185.8800048828125,143.94100952148438,24.183927536010742,154.1373291015625,158.74000549316406,165.74725341796875,154.74835205078125,587.157470703125,86.67581176757812,94.89654541015625,370.279541015625,34.66317367553711,606.52001953125,92.2152328491211,522.2608642578125,390.2467346191406,27.474443435668945,135.31985473632812,498.173828125,340.010009765625,201.8867645263672,299.4015197753906,222.79116821289062,347.9078674316406,41.59844970703125,77.85633087158203,223.4388885498047,96.25141906738281,108.84590911865234,153.66867065429688
2025-08-25,226.5191650390625,201.304931640625,128.89083862304688,250.88021850585938,363.2099914550781,295.6246337890625,161.27122497558594,163.36000061035156,282.3240966796875,203.267822265625,227.94000244140625,108.98710632324219,226.8699951171875,48.42512893676758,226.23086547851562,1113.76318359375,44.98097610473633,105.11000061035156,164.55392456054688,93.50492095947266,428.4433288574219,272.7513122558594,345.19000244140625,294.2413635253906,30.40163803100586,95.81415557861328,286.6744689941406,936.1181640625,65.77796936035156,69.01932525634766,153.53079223632812,481.864013671875,206.20872497558594,116.02986145019531,117.35060119628906,342.78887939453125,265.26287841796875,111.2518081665039,207.89691162109375,724.211181640625,398.3099365234375,214.51841735839844,235.03729248046875,649.6616821289062,468.44000244140625,260.1646423339844,174.06089782714844,289.3642578125,87.58194732666016,67.03160858154297,471.5031433105469,691.9623413085938,435.9614562988281,253.658935546875,100.72254943847656,589.5362548828125,306.01495361328125,59.879920959472656,750.839111328125,62.79087448120117,82.55017852783203,145.1718292236328,501.0865173339844,116.23343658447266,73.20038604736328,121.80699920654297,77.05551147460938,175.98800659179688,179.57083129882812,232.7571258544922,184.5500030517578,142.55584716796875,23.49242401123047,151.6893310546875,157.1699981689453,161.52032470703125,153.19117736816406,570.1248779296875,84.1553726196289,95.25303649902344,364.3916931152344,34.702110290527344,597.0,90.8975830078125,517.5980224609375,386.9403991699219,27.445791244506836,134.28915405273438,488.9674377441406,346.6000061035156,201.798583984375,296.90826416015625,218.3617401123047,346.6953125,41.40188217163086,78.92919921875,220.50587463378906,95.49596405029297,109.29584503173828,152.265625
2025-08-26,228.6630859375,202.09056091308594,128.61715698242188,250.26295471191406,354.9100036621094,295.24517822265625,163.780029296875,166.6199951171875,283.4104309082031,199.73431396484375,228.7100067138672,109.15596008300781,234.8300018310547,49.178714752197266,226.31338500976562,1116.4078369140625,45.04777526855469,106.38999938964844,166.42759704589844,94.21359252929688,427.41259765625,270.3558654785156,344.0299987792969,293.8109130859375,30.10664939880371,94.71139526367188,288.0666198730469,935.879638671875,67.00261688232422,69.348876953125,152.71559143066406,481.7257385253906,204.73956298828125,115.9707260131836,117.22496795654297,348.99505615234375,272.55584716796875,111.83657836914062,206.55075073242188,734.170654296875,396.9851379394531,216.41456604003906,238.17861938476562,652.2130126953125,474.260009765625,259.6769104003906,173.4515838623047,292.9653625488281,88.43331909179688,66.83712768554688,475.5190734863281,732.4652099609375,443.4981994628906,253.1298065185547,103.05961608886719,587.9461059570312,305.5268249511719,59.96690368652344,751.636474609375,62.22897720336914,82.24053955078125,146.4696807861328,498.8804931640625,116.31332397460938,72.73387908935547,122.60900115966797,76.54940795898438,172.9320068359375,181.52822875976562,231.57064819335938,184.22999572753906,141.4015655517578,23.286840438842773,151.51446533203125,160.8699951171875,160.85443115234375,155.88441467285156,585.3347778320312,84.95955657958984,96.29280853271484,363.8554992675781,34.380882263183594,596.0,90.85853576660156,519.0924072265625,390.3556213378906,27.27389907836914,135.45860290527344,486.7056579589844,351.6700134277344,201.80838012695312,292.59381103515625,217.7946319580078,349.0409240722656,41.14914321899414,80.22844696044922,221.69680786132812,95.47608184814453,109.05131530761719,151.87313842773438
2025-08-27,229.83978271484375,201.79959106445312,128.49012756347656,251.92861938476562,356.3500061035156,294.89495849609375,163.6605682373047,167.1300048828125,281.8347473144531,195.70977783203125,229.1199951171875,109.3843994140625,235.6199951171875,49.30595016479492,222.74354553222656,1108.4053955078125,45.44853591918945,105.87000274658203,166.63145446777344,95.34549713134766,428.8100280761719,271.3995056152344,346.8800048828125,293.4489440917969,30.222858428955078,95.54090881347656,288.9217529296875,944.0120849609375,67.05160522460938,69.71719360351562,154.5401153564453,486.9798889160156,203.49871826171875,116.40443420410156,118.75188446044922,348.3804016113281,271.9688415527344,111.02764892578125,206.88978576660156,734.87646484375,397.6670227050781,215.14073181152344,240.34805297851562,655.8026733398438,471.1499938964844,260.25238037109375,173.74639892578125,293.6620178222656,88.5119857788086,66.93436431884766,476.2985534667969,730.6141357421875,442.5342102050781,253.46299743652344,103.09939575195312,587.0020751953125,304.05255126953125,59.686641693115234,744.9384155273438,62.1915283203125,81.35030364990234,146.87278747558594,503.5508728027344,117.56131744384766,71.81062316894531,122.3499984741211,75.97515869140625,177.5959930419922,181.35845947265625,233.15260314941406,187.61000061035156,142.01719665527344,23.427011489868164,152.47618103027344,156.72000122070312,158.45147705078125,156.47203063964844,584.6474609375,85.9697036743164,95.9264144897461,364.78887939453125,35.02333450317383,603.1699829101562,91.04399108886719,516.789794921875,389.1875305175781,27.75138282775879,136.00369262695312,486.34698486328125,349.6000061035156,201.3087158203125,295.9538269042969,216.04437255859375,348.2159729003906,41.43932342529297,81.20288848876953,222.2676544189453,95.50589752197266,110.28376007080078,152.4422149658203
2025-08-28,231.90391540527344,201.663818359375,128.40213012695312,250.99781799316406,353.9599914550781,295.8775939941406,164.53668212890625,168.5800018310547,279.5249938964844,195.02618408203125,231.60000610351562,111.18214416503906,236.16000366210938,49.41360092163086,224.18377685546875,1107.2789306640625,44.73288345336914,105.75,167.00039672851562,95.29627227783203,431.030029296875,271.59832763671875,354.2900085449219,292.5195007324219,30.008319854736328,96.07765197753906,288.2555236816406,939.4785766601562,68.02151489257812,69.92072296142578,154.6177520751953,485.3602294921875,203.78659057617188,115.96086883544922,120.16283416748047,352.2865295410156,274.6054382324219,109.70217895507812,211.03794860839844,736.3958740234375,396.8974914550781,215.23797607421875,241.2217254638672,660.7767944335938,473.8399963378906,259.1990051269531,172.4294891357422,295.4184265136719,89.02081298828125,66.47731018066406,475.7459716796875,728.4149169921875,444.19927978515625,252.355712890625,103.51707458496094,586.8231811523438,304.8238830566406,59.222747802734375,748.65625,62.20088195800781,80.51811981201172,147.6593475341797,506.4326477050781,121.80450439453125,70.6030502319336,123.1449966430664,75.83890533447266,185.72000122070312,179.9303436279297,237.61180114746094,191.02000427246094,141.38230895996094,22.98781394958496,151.20359802246094,158.1199951171875,159.97625732421875,157.48077392578125,577.3263549804688,86.32275390625,96.1442642211914,363.5775146484375,35.510040283203125,612.1699829101562,90.02891540527344,514.6093139648438,385.74261474609375,27.63678741455078,135.89468383789062,487.9610595703125,345.9800109863281,199.95664978027344,294.4052734375,217.4132843017578,347.7289733886719,41.121063232421875,80.6910629272461,221.03736877441406,95.53572082519531,110.87062072753906,151.87313842773438
2025-08-29,231.485107421875,204.06918334960938,129.6630096435547,254.72108459472656,356.70001220703125,295.8289794921875,160.0466766357422,162.6300048828125,281.5802917480469,196.26821899414062,229.0,108.12300109863281,234.67999267578125,49.65827178955078,222.0839385986328,1104.0074462890625,45.019142150878906,105.5,166.39846801757812,95.05022430419922,415.3016052246094,273.4073181152344,350.42999267578125,294.34893798828125,30.365882873535156,96.58512115478516,289.9658203125,937.8480834960938,67.68841552734375,70.899658203125,155.85997009277344,472.7185363769531,204.31271362304688,116.69029998779297,120.626708984375,346.1398620605469,273.80950927734375,110.1017837524414,212.30433654785156,734.4544677734375,396.2350769042969,213.43905639648438,239.0228271484375,659.5901489257812,473.29998779296875,258.1261291503906,174.11985778808594,295.7618408203125,86.83014678955078,67.08995819091797,471.9372863769531,729.0319213867188,443.66375732421875,252.865234375,99.5987777709961,591.6033935546875,306.1125793457031,59.37738037109375,736.286865234375,62.940711975097656,81.39868927001953,147.95433044433594,503.501220703125,118.81929779052734,70.56388092041016,120.82499694824219,75.30359649658203,183.49200439453125,173.94830322265625,223.58169555664062,190.52000427246094,142.98873901367188,23.137327194213867,152.5538787841797,156.7100067138672,161.28872680664062,157.4122314453125,578.412109375,86.48948669433594,94.90643310546875,363.2300109863281,35.86046600341797,603.52001953125,90.08748626708984,515.4457397460938,387.4650573730469,27.971027374267578,135.3892364501953,490.9302673339844,333.8699951171875,198.3792724609375,301.7875671386719,219.971435546875,349.63726806640625,41.40188217163086,80.8879165649414,222.81881713867188,96.40052795410156,111.79006958007812,153.4528045654297
2025-09-02,229.07192993164062,205.54344177246094,128.49012756347656,250.99781799316406,345.6300048828125,291.6646728515625,156.87083435058594,162.32000732421875,280.8071594238281,193.03318786621094,225.33999633789062,108.51036071777344,237.3800048828125,49.345088958740234,218.37530517578125,1091.8914794921875,45.238609313964844,106.66000366210938,164.6024627685547,93.28837585449219,412.33831787109375,275.13677978515625,342.80999755859375,294.20220947265625,30.508907318115234,96.6046371459961,293.18756103515625,933.3741455078125,66.42459106445312,71.81072998046875,157.0536651611328,470.881591796875,202.29757690429688,116.58187103271484,121.86371612548828,340.7961120605469,273.99853515625,109.84837341308594,210.74879455566406,720.2630004882812,395.7869873046875,211.59152221679688,237.0693359375,654.6357421875,469.07000732421875,255.79505920410156,174.99453735351562,294.07415771484375,84.2760238647461,67.15802764892578,467.8424072265625,731.629150390625,443.8304748535156,253.5315704345703,96.4959487915039,588.20458984375,310.0301818847656,59.715633392333984,732.70849609375,62.865779876708984,82.7146987915039,146.3516845703125,501.9410705566406,118.29014587402344,71.15150451660156,121.41100311279297,72.68161010742188,182.28399658203125,170.55284118652344,222.76104736328125,190.52000427246094,144.55665588378906,23.34290885925293,153.47674560546875,157.08999633789062,161.54928588867188,155.50247192382812,575.6231079101562,88.04882049560547,95.18372344970703,358.3549499511719,34.945465087890625,592.010009765625,89.88251495361328,507.1752014160156,386.0098876953125,27.77048110961914,137.33172607421875,485.75909423828125,329.3599853515625,195.76333618164062,300.7454833984375,218.41685485839844,347.93768310546875,40.99937438964844,80.49420166015625,222.1692352294922,97.26531982421875,112.18132019042969,149.99916076660156
2025-09-03,237.79725646972656,205.48526000976562,129.19384765625,249.0186004638672,348.5,290.779296875,155.55670166015625,162.1300048828125,277.8025207519531,188.9604949951172,225.99000549316406,109.94061279296875,232.3800048828125,48.992767333984375,221.44532775878906,1076.925048828125,45.324493408203125,107.52999877929688,162.4569549560547,93.5344467163086,411.4165954589844,276.53826904296875,347.32000732421875,293.9674987792969,30.294368743896484,92.36922454833984,293.4759216308594,944.2706298828125,66.29722595214844,71.06442260742188,153.39492797851562,463.7113952636719,197.9794464111328,115.70457458496094,116.52915954589844,340.04266357421875,274.5357666015625,110.12126922607422,230.0038604736328,719.977294921875,397.1507568359375,208.09095764160156,239.62164306640625,661.2514038085938,441.17999267578125,254.8099365234375,174.93557739257812,293.8877258300781,84.03205871582031,67.08995819091797,465.5137634277344,734.2564086914062,440.4563903808594,255.43247985839844,97.20203399658203,589.6058349609375,310.64874267578125,59.24208450317383,734.6422119140625,62.39754867553711,81.45674133300781,146.0370635986328,502.1696472167969,118.52975463867188,70.15253448486328,122.61799621582031,73.12187194824219,183.87600708007812,170.39305114746094,220.93190002441406,191.52999877929688,142.97909545898438,23.165361404418945,153.65159606933594,154.89999389648438,157.51535034179688,154.03343200683594,561.5786743164062,85.5676040649414,95.28274536132812,360.4499206542969,34.34202575683594,592.1199951171875,89.46282958984375,506.79925537109375,384.643798828125,27.732282638549805,138.2236785888672,482.7899169921875,334.0899963378906,191.77578735351562,299.8494873046875,218.19056701660156,348.7328186035156,40.94321060180664,79.2441635131836,220.87005615234375,98.8458251953125,109.4621353149414,149.5576171875
2025-09-04,239.10353088378906,206.59095764160156,129.8096160888672,247.83302307128906,344.30999755859375,293.0462646484375,157.53785705566406,161.7899932861328,274.1324157714844,187.8340301513672,235.67999267578125,111.98666381835938,230.75,49.54082489013672,221.56076049804688,1086.0047607421875,44.55158615112305,107.29000091552734,164.94223022460938,95.55219268798828,416.47113037109375,278.188232421875,349.3299865722656,298.9427490234375,30.348003387451172,93.46222686767578,291.0496826171875,950.3551025390625,66.61072540283203,71.42304229736328,153.03585815429688,469.0248107910156,197.5724334716797,117.11416625976562,117.51488494873047,345.22772216796875,280.8437805175781,109.90684509277344,231.63919067382812,738.0516357421875,403.3028259277344,209.21890258789062,242.64512634277344,660.8657836914062,454.5199890136719,259.1209716796875,175.6824951171875,298.1168212890625,86.95860290527344,66.37034606933594,467.60235595703125,739.3118286132812,448.0971374511719,259.2442321777344,99.86727905273438,591.951171875,311.2378234863281,58.85551452636719,746.204345703125,62.36008834838867,81.3309555053711,148.00347900390625,504.7731628417969,124.0109634399414,69.40821838378906,125.74800109863281,73.71866607666016,179.71200561523438,171.4316864013672,220.48695373535156,192.35000610351562,141.29574584960938,22.931745529174805,154.64248657226562,156.13999938964844,155.51771545410156,157.30340576171875,564.9851684570312,85.33223724365234,96.67900848388672,363.18035888671875,35.333038330078125,601.9600219726562,89.66778564453125,507.7579345703125,390.3655090332031,28.247966766357422,139.7598419189453,487.7120056152344,338.5299987792969,183.4969024658203,302.2843017578125,219.4696502685547,348.8520812988281,41.355079650878906,80.54341888427734,221.40151977539062,100.32691192626953,109.94141387939453,150.31312561035156
2025-09-05,239.01380920410156,206.16419982910156,129.93667602539062,249.8024444580078,348.9700012207031,287.9674377441406,162.02784729003906,151.13999938964844,277.5970153808594,190.9438934326172,232.3300018310547,109.70223236083984,229.61000061035156,48.97987747192383,218.76116943359375,1081.6746826171875,44.98097610473633,107.22000122070312,165.0296173095703,93.89863586425781,419.3055725097656,275.703369140625,351.010009765625,300.2013244628906,30.31224822998047,90.71018981933594,290.8507995605469,957.8910522460938,65.5428466796875,71.51026916503906,149.12478637695312,467.40509033203125,198.74380493164062,116.22702026367188,113.96817779541016,346.0307312011719,277.8191833496094,112.12896728515625,234.33151245117188,727.5164184570312,410.4148864746094,208.3340301513672,243.97036743164062,665.345458984375,466.8599853515625,259.6769104003906,175.358154296875,288.85400390625,90.12510681152344,66.08831787109375,464.7614440917969,723.6878662109375,455.0120544433594,264.5354919433594,102.38335418701172,580.6019287109375,308.67523193359375,59.66731262207031,749.9918823242188,62.322628021240234,81.9696044921875,145.60443115234375,491.8847961425781,131.15948486328125,69.4375991821289,124.38200378417969,72.30984497070312,182.75999450683594,166.7978515625,230.176513671875,194.4600067138672,142.19229125976562,23.24946403503418,155.4487762451172,153.11000061035156,155.90374755859375,157.4314422607422,571.1209716796875,83.78270721435547,91.15336608886719,369.7831115722656,35.1466064453125,598.1400146484375,89.57994842529297,505.69024658203125,388.35601806640625,28.257516860961914,138.0155487060547,490.8106994628906,350.8399963378906,184.12393188476562,307.16363525390625,216.76390075683594,341.1294250488281,41.54228973388672,77.71854400634766,216.58865356445312,99.90943145751953,106.84075164794922,150.4308624267578
2025-09-08,237.20892333984375,203.4775390625,129.21339416503906,250.40992736816406,358.6600036621094,290.36090087890625,161.33094787597656,151.41000366210938,274.2204895019531,186.43795776367188,235.83999633789062,109.7916259765625,230.9499969482422,48.67479705810547,221.30010986328125,1087.3529052734375,44.58021545410156,108.13999938964844,168.2430419921875,94.3612289428711,419.0082702636719,275.7928161621094,360.6400146484375,295.8553161621094,30.392698287963867,89.1975326538086,296.1805725097656,966.2125854492188,65.52324676513672,68.09856414794922,149.4547576904297,475.5530700683594,197.1753692626953,117.14373779296875,113.69758605957031,346.4867858886719,274.6551818847656,112.93788146972656,233.5829620361328,731.1036987304688,411.384765625,208.82022094726562,251.39166259765625,664.2181396484375,470.0,260.1060791015625,175.06333923339844,287.41162109375,90.51245880126953,65.57292175292969,469.8196105957031,735.0625,450.3138427734375,267.5240783691406,104.49169158935547,582.9672241210938,307.1239013671875,59.860591888427734,749.84228515625,61.59217834472656,81.3696517944336,146.2926788330078,495.06463623046875,131.24935913085938,68.33090209960938,124.47599792480469,72.5446548461914,187.86599731445312,168.0861358642578,235.7925262451172,197.3800048828125,137.646484375,22.94108772277832,154.4676055908203,156.10000610351562,157.03285217285156,157.82542419433594,556.2398681640625,82.5469970703125,92.53972625732422,372.5632019042969,35.107357025146484,609.0800170898438,88.65271759033203,513.0303955078125,389.1479187011719,27.598587036132812,139.58143615722656,485.878662109375,346.3999938964844,182.05667114257812,311.8968505859375,213.76300048828125,340.2149963378906,40.55006790161133,77.89571380615234,215.5946044921875,101.66885375976562,107.44718170166016,148.89044189453125
2025-09-09,233.6888885498047,204.08859252929688,128.9690399169922,246.90220642089844,354.05999755859375,289.2030944824219,162.77452087402344,155.82000732421875,274.00518798828125,187.36227416992188,238.24000549316406,115.99930572509766,229.52000427246094,49.49161911010742,221.38473510742188,1088.091064453125,45.066856384277344,108.08999633789062,168.11683654785156,95.80809020996094,414.3600769042969,275.3157043457031,361.7699890136719,296.9565734863281,30.097707748413086,89.64645385742188,296.98602294921875,973.5697021484375,65.97391510009766,69.542724609375,150.27967834472656,469.7161865234375,192.9068603515625,115.6947250366211,113.36900329589844,345.2376403808594,274.84423828125,112.82093811035156,239.16204833984375,752.85400390625,406.8784484863281,208.28541564941406,254.35623168945312,663.4368896484375,467.5400085449219,255.71701049804688,173.9134979248047,292.2588806152344,91.38375091552734,65.9910888671875,468.6416931152344,746.9745483398438,448.3031311035156,263.6144104003906,104.98892974853516,580.38330078125,306.8489685058594,60.469451904296875,763.1986083984375,61.985496520996094,81.87283325195312,149.6651153564453,495.2733459472656,135.02330017089844,68.62471771240234,126.32499694824219,72.00655364990234,186.73399353027344,170.53286743164062,238.78836059570312,197.5500030517578,138.99664306640625,23.09060287475586,154.90476989746094,162.36000061035156,158.9822540283203,156.2692413330078,554.3373413085938,82.19393920898438,92.75757598876953,358.8116760253906,35.107357025146484,604.3699951171875,89.02360534667969,514.7597045898438,388.80145263671875,28.095170974731445,138.71920776367188,480.65771484375,346.9700012207031,181.28268432617188,338.8451232910156,212.5724639892578,341.89471435546875,40.784080505371094,79.49024200439453,215.702880859375,101.67879486083984,108.22969055175781,146.9673614501953
2025-09-10,226.1501922607422,205.27188110351562,126.43754577636719,238.20150756835938,350.1600036621094,284.4842529296875,162.69488525390625,159.5399932861328,272.5762939453125,186.55348205566406,230.3300018310547,118.28373718261719,227.52000427246094,49.334163665771484,217.5298614501953,1085.355224609375,44.99052047729492,105.2300033569336,173.02915954589844,95.6407699584961,419.1371154785156,275.77294921875,338.5299987792969,297.3793640136719,29.92786979675293,92.04717254638672,294.6492614746094,950.7427978515625,66.74789428710938,71.69442749023438,153.1328887939453,465.51873779296875,191.17959594726562,114.13727569580078,116.21990203857422,359.13714599609375,281.9779968261719,112.32388305664062,238.70294189453125,758.4320068359375,404.81146240234375,205.8544464111328,252.16717529296875,648.9694213867188,449.9800109863281,256.077880859375,172.7636260986328,294.89837646484375,92.86742401123047,65.95218658447266,467.9091796875,750.965087890625,454.9826354980469,261.184326171875,106.76908111572266,575.7919311523438,300.38836669921875,60.17951965332031,749.5234375,62.02295684814453,81.31159210205078,151.53321838378906,497.2209777832031,139.77566528320312,69.57470703125,124.77100372314453,72.64248657226562,184.71400451660156,177.09413146972656,324.6299743652344,197.3300018310547,138.56924438476562,22.959779739379883,152.8550262451172,166.74000549316406,159.53233337402344,156.55484008789062,553.64013671875,81.28186798095703,91.34151458740234,354.9095764160156,35.48021697998047,387.7799987792969,89.36521911621094,507.41015625,379.110107421875,27.88507843017578,138.61021423339844,474.8090515136719,347.7900085449219,180.2833251953125,337.73486328125,211.726318359375,336.06048583984375,40.709197998046875,79.0374755859375,214.2560577392578,99.81002807617188,110.03922271728516,146.60433959960938
2025-09-11,229.38107299804688,213.59371948242188,129.65322875976562,239.22048950195312,350.54998779296875,289.9717102050781,169.39500427246094,155.6699981689453,276.7064208984375,189.23971557617188,229.9499969482422,118.66116333007812,219.99000549316406,49.94432067871094,218.45127868652344,1116.1478271484375,45.3626594543457,104.33999633789062,178.55313110351562,97.26480865478516,427.53155517578125,281.1800537109375,354.70001220703125,300.7519836425781,29.856355667114258,91.86174774169922,301.09271240234375,958.726318359375,66.31681823730469,72.37288665771484,153.57931518554688,470.5655212402344,193.7307586669922,115.40885925292969,115.96863555908203,356.98577880859375,280.1373596191406,114.86761474609375,239.90060424804688,773.3626098632812,414.7938537597656,209.36476135253906,252.29478454589844,653.18212890625,455.8500061035156,259.8037414550781,175.4269561767578,299.8241271972656,95.52112579345703,65.75769805908203,478.6888122558594,752.6171264648438,461.7112121582031,266.91656494140625,114.94384002685547,585.0840454101562,302.8331604003906,59.96690368652344,748.4469604492188,62.14469528198242,82.39537048339844,153.85360717773438,497.8569641113281,150.32872009277344,69.84893798828125,120.3499984741211,72.72074890136719,187.656005859375,176.94432067871094,304.390625,198.3300018310547,140.09422302246094,23.23077392578125,154.09848022460938,164.36000061035156,162.0318145751953,159.07627868652344,565.9613647460938,80.77189636230469,93.02495574951172,366.05975341796875,35.3526611328125,438.1000061035156,89.92155456542969,517.7389526367188,384.8714904785156,28.162019729614258,139.571533203125,489.6250305175781,368.80999755859375,180.616455078125,344.3866882324219,212.56260681152344,341.39776611328125,41.3176383972168,79.97254180908203,217.021728515625,102.0366439819336,109.68709564208984,147.7719268798828
2025-09-12,233.40968322753906,211.77027893066406,130.7088165283203,233.7237548828125,349.3599853515625,287.0474548339844,167.05545043945312,158.57000732421875,270.50146484375,187.82440185546875,228.14999389648438,117.87651062011719,215.94000244140625,49.777015686035156,216.87466430664062,1105.549072265625,44.08403015136719,102.70999908447266,176.05813598632812,97.87504577636719,427.6702575683594,276.4289245605469,343.4800109863281,297.69403076171875,29.55242919921875,90.20272064208984,300.8143005371094,962.2855224609375,65.18035125732422,72.6733627319336,152.4729766845703,464.68914794921875,188.65821838378906,114.30484008789062,114.19046020507812,362.75579833984375,280.2667236328125,111.64165496826172,240.3297576904297,768.76025390625,414.0787353515625,205.62106323242188,248.790283203125,638.8530883789062,449.67999267578125,256.8678894042969,174.99453735351562,301.1488037109375,95.99311065673828,65.16449737548828,477.154541015625,751.7313842773438,462.28009033203125,266.3580322265625,116.31624603271484,576.8154907226562,299.858154296875,59.899253845214844,753.12158203125,62.41627883911133,80.13106536865234,153.76513671875,506.6910095214844,156.97804260253906,70.1623306274414,118.84400177001953,71.41954040527344,185.79200744628906,177.59349060058594,288.8873291015625,196.2899932861328,139.41429138183594,22.30565643310547,153.38931274414062,171.42999267578125,160.3043670654297,159.39144897460938,557.793701171875,80.32077026367188,92.62884521484375,357.5407409667969,34.901309967041016,425.45001220703125,90.05819702148438,511.4890441894531,379.47637939453125,28.238414764404297,138.23361206054688,477.7184143066406,395.94000244140625,178.9019012451172,343.3153991699219,211.45082092285156,337.36248779296875,41.158504486083984,80.17922973632812,215.5250244140625,102.87162017822266,109.7066650390625,145.40733337402344
2025-09-15,236.03224182128906,211.06224060058594,128.36305236816406,233.06729125976562,347.1000061035156,284.47528076171875,170.1715545654297,161.16000366210938,268.5538330078125,185.34034729003906,231.42999267578125,118.43272399902344,215.75,49.786861419677734,220.907958984375,1097.380859375,44.22715759277344,99.87000274658203,178.4366455078125,98.21953582763672,432.0508728027344,272.6717834472656,351.5199890136719,292.1680603027344,29.15911102294922,90.10513305664062,289.7569885253906,954.5307006835938,65.66040802001953,71.20011901855469,152.6670684814453,463.3064270019531,187.1592559814453,113.96969604492188,113.5912857055664,372.3129577636719,285.33099365234375,110.44437408447266,251.11865234375,775.3631591796875,414.0982971191406,205.89332580566406,251.53890991210938,644.09423828125,433.989990234375,257.3653869628906,174.3459014892578,303.1014709472656,98.47154998779297,64.88031768798828,471.89837646484375,744.5662841796875,464.18292236328125,266.6128234863281,118.55386352539062,579.3497924804688,296.5885925292969,59.53200912475586,762.2018432617188,61.75014877319336,79.17340087890625,154.01092529296875,512.1166381835938,157.51719665527344,70.02522277832031,120.22599792480469,71.44889831542969,189.48399353027344,177.52359008789062,298.7351379394531,201.27999877929688,136.60716247558594,22.399099349975586,152.3498992919922,171.2100067138672,155.9906005859375,158.79066467285156,570.3341064453125,81.08573150634766,91.20287322998047,354.54217529296875,34.11634826660156,419.20001220703125,90.06796264648438,511.26348876953125,373.3091735839844,28.286165237426758,139.9084930419922,473.16094970703125,410.0400085449219,174.59100341796875,340.9534606933594,212.76925659179688,336.98480224609375,41.06489562988281,80.13002014160156,213.51954650878906,103.07042694091797,109.89250183105469,143.49407958984375
2025-09-16,237.4781494140625,209.7528533935547,129.76072692871094,232.0286865234375,352.7300109863281,282.3431701660156,172.76995849609375,160.4600067138672,267.261962890625,187.48741149902344,234.0500030517578,118.39791107177734,215.02000427246094,49.855751037597656,217.53781127929688,1101.100830078125,44.217613220214844,98.9800033569336,178.3589630126953,99.05615997314453,436.7386779785156,270.375732421875,349.010009765625,289.28704833984375,28.864126205444336,92.26187133789062,288.3648986816406,946.54736328125,65.57223510742188,71.2195053100586,154.83123779296875,462.90155029296875,189.07513427734375,113.58526611328125,116.78041076660156,368.0003356933594,291.4897155761719,108.795654296875,250.66954040527344,774.1510009765625,412.8639831542969,205.12515258789062,252.79541015625,644.0645141601562,434.5,255.3854217529297,173.42210388183594,303.3860168457031,98.63685607910156,64.90971374511719,466.6916809082031,761.0062866210938,465.232421875,265.07440185546875,119.80692291259766,582.788330078125,297.7864685058594,60.59508514404297,776.455078125,61.674015045166016,79.2417984008789,153.1948699951172,505.83642578125,158.56552124023438,68.3896713256836,120.0510025024414,71.17495727539062,186.40199279785156,174.65725708007812,303.19427490234375,201.33999633789062,136.0146484375,22.333688735961914,153.5350341796875,170.25999450683594,157.26446533203125,161.66664123535156,572.7943115234375,82.7431411743164,90.14330291748047,350.6897888183594,34.577510833740234,425.9700012207031,89.17000579833984,508.7259216308594,372.8240966796875,28.00922393798828,138.302978515625,479.4237365722656,421.6199951171875,174.03256225585938,333.005126953125,212.5232696533203,337.9588317871094,40.94321060180664,80.1103286743164,211.29672241210938,102.80204010009766,112.17153930664062,144.68128967285156
2025-09-17,238.3157958984375,214.16595458984375,131.13888549804688,236.3692626953125,362.07000732421875,282.4018859863281,177.33961486816406,159.16000366210938,268.85723876953125,189.8848114013672,231.6199951171875,117.77130889892578,214.6300048828125,50.58400344848633,220.66439819335938,1113.7860107421875,44.036319732666016,98.5,178.2618865966797,100.15853881835938,446.6395568847656,270.6043701171875,347.2699890136719,291.6272277832031,28.98927116394043,91.55921936035156,287.4500427246094,957.4437866210938,66.3462142944336,71.72350311279297,155.36502075195312,463.3163146972656,191.52703857421875,114.4428482055664,115.81401062011719,360.22772216796875,288.0372314453125,110.16959381103516,249.04270935058594,782.7151489257812,408.504638671875,205.8350067138672,254.32679748535156,655.318115234375,433.6600036621094,256.0096130371094,174.14935302734375,305.89794921875,98.56714630126953,65.69364166259766,474.9966125488281,756.4484252929688,464.055419921875,262.5561828613281,121.22906494140625,594.9227294921875,299.4359436035156,60.72072219848633,773.1858520507812,62.340152740478516,79.29066467285156,154.76800537109375,506.81024169921875,159.73362731933594,68.8597640991211,122.8499984741211,70.7444839477539,190.07400512695312,170.0730743408203,298.01336669921875,203.1199951171875,137.1802520751953,22.473857879638672,155.74990844726562,168.3300018310547,160.48773193359375,162.76976013183594,583.1932373046875,81.61531066894531,91.1929702758789,347.72100830078125,34.1359748840332,425.3999938964844,89.43354034423828,511.3669128417969,373.08148193359375,28.209768295288086,138.78857421875,471.345947265625,425.8599853515625,176.6484832763672,334.79864501953125,213.67445373535156,344.0912780761719,41.38315963745117,81.18319702148438,213.0552215576172,103.64696502685547,112.76819610595703,144.1612548828125
2025-09-18,237.20892333984375,215.31045532226562,131.5298614501953,234.71336364746094,367.4599914550781,284.55352783203125,188.91798400878906,157.9199981689453,269.953369140625,185.85064697265625,231.22999572753906,121.41156768798828,215.66000366210938,51.30241394042969,216.2611846923828,1119.0509033203125,43.511512756347656,98.2300033569336,183.1742401123047,100.79830932617188,462.7940979003906,272.6221008300781,364.8800048828125,288.8446350097656,28.2830867767334,91.2274169921875,289.2001647949219,946.8355712890625,67.28673553466797,72.13057708740234,154.15191650390625,470.2297058105469,193.83998107910156,113.22055053710938,114.34507751464844,368.07965087890625,295.5888671875,111.50426483154297,251.537841796875,792.658935546875,408.974853515625,204.39584350585938,260.13818359375,667.4617309570312,435.8299865722656,257.09228515625,171.1616973876953,307.3501892089844,104.22505187988281,65.12528991699219,471.17578125,759.23486328125,464.54583740234375,262.1838073730469,125.62472534179688,582.4205932617188,295.6755065917969,61.12662124633789,777.7011108398438,60.84611511230469,79.6717758178711,156.5673065185547,505.2501525878906,168.61936950683594,69.32987213134766,120.77799987792969,70.53902435302734,189.54800415039062,176.01551818847656,293.27734375,205.67999267578125,136.69459533691406,22.567304611206055,152.82591247558594,176.97000122070312,156.1063995361328,165.59652709960938,596.3511962890625,81.81145477294922,92.37137603759766,347.0756530761719,34.0869140625,480.1099853515625,89.25785064697266,477.2507019042969,374.0318298339844,27.88507843017578,138.67958068847656,479.78277587890625,416.8500061035156,177.9417266845703,328.1440734863281,216.81309509277344,336.1200866699219,40.877685546875,82.18716430664062,213.3120880126953,102.98096466064453,111.43794250488281,144.32806396484375
2025-09-19,244.8074188232422,215.77601623535156,132.96664428710938,234.8603515625,365.8999938964844,285.5804443359375,189.2565155029297,157.38999938964844,279.32928466796875,186.1202392578125,231.47999572753906,123.27149200439453,215.64999389648438,51.42050552368164,216.32318115234375,1124.6798095703125,42.95807647705078,97.83000183105469,182.14517211914062,101.06405639648438,462.37786865234375,272.2344665527344,373.3500061035156,285.50146484375,28.238393783569336,89.70500183105469,288.3847961425781,945.642578125,66.82626342773438,72.61518859863281,151.5995330810547,463.82000732421875,191.8744659423828,112.13624572753906,112.10301208496094,371.28192138671875,299.6184387207031,111.96550750732422,254.22259521484375,793.3389282226562,407.2213134765625,203.58876037597656,261.5124816894531,680.2777099609375,438.7200012207031,255.4049072265625,173.15675354003906,308.8710632324219,104.03785705566406,65.09589385986328,474.1552734375,748.347900390625,463.8788757324219,259.86151123046875,126.22142028808594,580.542236328125,296.8929748535156,61.57117462158203,775.837158203125,61.75014877319336,79.65223693847656,157.22604370117188,514.67041015625,162.46922302246094,69.61388397216797,122.6969985961914,69.35523223876953,192.22999572753906,176.4449462890625,305.181640625,208.19000244140625,137.69505310058594,22.455171585083008,151.5824432373047,182.38999938964844,157.2548065185547,164.3358154296875,589.6575927734375,82.92947387695312,93.4111557006836,344.33526611328125,33.782737731933594,495.5,89.5994644165039,476.64923095703125,373.0320129394531,27.70363426208496,138.53091430664062,478.2669372558594,426.07000732421875,175.7373046875,329.97674560546875,217.05906677246094,339.5292053222656,40.69983673095703,83.30923461914062,213.78627014160156,101.71855163574219,110.35222625732422,143.1310577392578
2025-09-22,255.35755920410156,215.89239501953125,133.5335235595703,235.14450073242188,364.0799865722656,287.2039489746094,199.63026428222656,159.7899932861328,279.9067077636719,186.02395629882812,227.6300048828125,123.02283477783203,212.08999633789062,51.095741271972656,216.827392578125,1118.1455078125,42.91990661621094,97.02999877929688,180.2229461669922,101.86131286621094,467.8882751464844,271.3498229980469,373.3699951171875,283.7906188964844,28.149002075195312,89.79283905029297,287.1617431640625,937.7884521484375,66.37560272216797,72.81873321533203,151.4442596435547,463.2274169921875,189.06520080566406,110.953369140625,111.53284454345703,375.0591735839844,299.4990234375,110.39530181884766,252.036865234375,793.8908081054688,403.60650634765625,203.22900390625,266.3913269042969,694.2903442382812,444.54998779296875,254.4588165283203,171.21083068847656,306.5749816894531,106.6706314086914,64.88031768798828,472.91790771484375,751.2935791015625,471.1861267089844,255.14833068847656,131.4723663330078,580.8702392578125,297.49188232421875,61.36822509765625,763.175048828125,60.70337677001953,78.56753540039062,158.01263427734375,511.21234130859375,164.356201171875,70.85768127441406,122.73699951171875,69.73677825927734,189.55599975585938,183.37612915039062,324.4519958496094,208.17999267578125,136.98599243164062,22.464515686035156,148.6973114013672,179.3300018310547,156.31871032714844,167.16256713867188,593.3331298828125,83.64540100097656,93.51017761230469,343.9480285644531,33.282325744628906,514.7899780273438,90.11676025390625,475.15484619140625,374.40802001953125,27.61768913269043,138.16424560546875,473.689453125,434.2099914550781,175.9822235107422,334.4948425292969,222.21473693847656,342.2624206542969,40.40029525756836,83.82106018066406,214.36917114257812,102.20562744140625,109.5697250366211,141.9242401123047
2025-09-23,253.7122344970703,215.91180419921875,132.8200225830078,230.74513244628906,361.7799987792969,282.8517761230469,199.9786834716797,160.89999389648438,280.6994934082031,187.0541534423828,220.7100067138672,124.7236099243164,216.33999633789062,50.879241943359375,218.8891143798828,1113.75634765625,42.853111267089844,97.69000244140625,179.51425170898438,101.3790283203125,467.0557556152344,274.2322998046875,366.29998779296875,285.2261657714844,28.26521110534668,91.21765899658203,300.6949462890625,938.1264038085938,66.16986083984375,74.14659118652344,152.7738037109375,465.8347473144531,188.3306121826172,110.64779663085938,111.78410339355469,365.3533020019531,304.08575439453125,112.26974487304688,251.16856384277344,794.6398315429688,402.5386962890625,203.5304412841797,267.2453308105469,691.4125366210938,447.75,254.7806854248047,173.54002380371094,306.8693542480469,106.66565704345703,65.37026977539062,475.0758361816406,743.3621215820312,477.3458251953125,254.5800018310547,131.20384216308594,566.440185546875,297.68829345703125,61.67748260498047,753.4404296875,61.731117248535156,78.13755798339844,158.061767578125,506.0252685546875,166.14334106445312,70.82830810546875,121.84700012207031,69.39435577392578,185.53399658203125,178.2027130126953,310.2933654785156,203.25,137.83102416992188,22.548614501953125,148.14356994628906,182.5500030517578,158.046142578125,166.97543334960938,565.652587890625,84.03768920898438,92.99524688720703,342.00201416015625,33.84161376953125,490.32000732421875,91.47344207763672,466.8748474121094,369.75537109375,27.49354362487793,138.47145080566406,468.4638366699219,425.8500061035156,178.3532257080078,340.7574462890625,224.31044006347656,336.6369323730469,40.578147888183594,83.0434799194336,215.59417724609375,101.90740966796875,111.4574966430664,139.9226837158203
2025-09-24,251.59820556640625,213.37063598632812,130.86521911621094,234.25286865234375,353.2699890136719,285.0914306640625,200.54617309570312,160.8800048828125,273.27117919921875,185.7543487548828,220.2100067138672,122.46585083007812,215.10000610351562,50.879241943359375,219.5478973388672,1110.046142578125,42.13745880126953,98.05999755859375,172.88356018066406,100.0502700805664,465.598876953125,276.5780334472656,356.9599914550781,286.5535583496094,28.256269454956055,93.32560729980469,306.6213684082031,939.7868041992188,65.9543228149414,74.03028106689453,154.48187255859375,463.1385803222656,184.5485076904297,111.81095886230469,112.77949523925781,369.0115661621094,298.78265380859375,111.55333709716797,246.6573944091797,780.9510498046875,401.4219055175781,202.84002685546875,262.62176513671875,687.0713500976562,443.989990234375,253.16160583496094,173.6481475830078,307.53662109375,106.41372680664062,65.11549377441406,469.32470703125,738.2569580078125,476.9338684082031,252.14990234375,127.86571502685547,565.287353515625,298.80755615234375,62.22834777832031,758.686767578125,61.97853088378906,77.85417175292969,155.23011779785156,506.9394226074219,161.45086669921875,72.30716705322266,120.3949966430664,69.6780776977539,186.6739959716797,176.74456787109375,304.98388671875,200.6999969482422,138.09329223632812,22.5112361907959,148.0658721923828,179.55999755859375,157.3030548095703,170.9348602294922,574.7067260742188,82.64505767822266,91.47024536132812,340.5225524902344,33.95935821533203,468.0899963378906,92.14691162109375,461.217041015625,367.47857666015625,27.044708251953125,139.1850128173828,466.7186279296875,442.7900085449219,180.70462036132812,344.7952880859375,226.6521453857422,336.6170959472656,40.41902160644531,82.7875747680664,216.76980590820312,102.11616516113281,112.05415344238281,139.00039672851562
2025-09-25,256.14532470703125,211.96426391601562,130.29830932617188,227.864501953125,354.1600036621094,282.538818359375,198.71435546875,161.27000427246094,265.4024658203125,186.50535583496094,218.14999389648438,121.67017364501953,213.52999877929688,51.026851654052734,221.5397186279297,1129.04931640625,41.421810150146484,98.13999938964844,170.47592163085938,100.5030288696289,459.5830078125,276.6177673339844,351.05999755859375,279.3069152832031,28.26521110534668,94.47716522216797,297.1351623535156,937.838134765625,66.47356414794922,72.31474304199219,155.97640991210938,460.92626953125,180.13111877441406,111.37723541259766,113.35934448242188,361.6057434082031,295.6784362792969,108.92323303222656,245.30999755859375,783.247314453125,399.1492004394531,201.96490478515625,276.27655029296875,684.98486328125,438.1199951171875,251.5327911376953,174.67022705078125,307.5660705566406,105.46078491210938,64.65493774414062,468.978271484375,711.1290893554688,475.0604553222656,250.38616943359375,127.67639923095703,563.7867431640625,296.8144226074219,60.45978546142578,746.96728515625,62.03563690185547,75.83134460449219,156.28216552734375,503.8390808105469,156.5786895751953,73.1102523803711,120.8239974975586,67.7409439086914,183.7220001220703,177.46365356445312,288.0469055175781,202.2100067138672,135.90780639648438,22.053348541259766,147.80357360839844,179.1199951171875,158.2681121826172,167.1231689453125,553.3212890625,82.21356201171875,93.85676574707031,337.6828918457031,33.93973159790039,487.20001220703125,91.44416046142578,455.7659606933594,364.8552551269531,27.025606155395508,140.19590759277344,457.9626770019531,423.3900146484375,178.3532257080078,338.66986083984375,228.2657470703125,332.889892578125,40.578147888183594,82.9942626953125,214.537109375,102.43424987792969,113.0616226196289,138.47056579589844
2025-09-26,254.7393341064453,213.97198486328125,130.53289794921875,234.14508056640625,360.3699951171875,285.13055419921875,203.01515197753906,159.4600067138672,267.16412353515625,187.04452514648438,219.77999877929688,121.93871307373047,221.25999450683594,51.38113784790039,220.4379119873047,1138.063720703125,42.09929275512695,98.18000030517578,170.20408630371094,101.79241180419922,461.6048583984375,278.99334716796875,350.1099853515625,281.381591796875,28.35460090637207,96.10692596435547,305.26904296875,910.6369018554688,65.85635375976562,73.43904876708984,155.43295288085938,458.2497863769531,183.81048583984375,111.85038757324219,113.36900329589844,362.43853759765625,293.4895935058594,110.0125732421875,246.0585479736328,790.8850708007812,401.73541259765625,202.4413604736328,279.09393310546875,690.5028686523438,441.1199951171875,254.60511779785156,176.61614990234375,310.12701416015625,105.97758483886719,64.35115051269531,469.60186767578125,721.03076171875,478.10107421875,251.94415283203125,127.87568664550781,561.630126953125,299.7010803222656,61.23292541503906,741.8206787109375,62.53047180175781,76.76947021484375,157.42269897460938,508.2411804199219,157.0179901123047,74.28549194335938,121.06099700927734,67.80943298339844,187.1999969482422,177.96302795410156,280.265625,202.3699951171875,136.41290283203125,22.202863693237305,148.14356994628906,177.57000732421875,159.12701416015625,166.650390625,561.6782836914062,81.78203582763672,94.5301513671875,339.4800109863281,34.85224914550781,487.760009765625,92.26402282714844,457.8712158203125,365.30072021484375,27.03515625,141.8113555908203,462.96893310546875,440.3999938964844,180.81239318847656,337.2193908691406,231.41424560546875,335.3150329589844,40.82152557373047,83.67342376708984,216.04864501953125,102.5436019897461,114.6559829711914,140.7958984375
2025-09-29,253.7122344970703,216.44525146484375,130.1028289794922,242.01295471191406,359.4200134277344,286.2259216308594,204.04058837890625,161.36000061035156,268.1330261230469,187.31410217285156,222.1699981689453,120.35728454589844,217.0800018310547,51.587806701660156,216.73521423339844,1156.869873046875,42.1279182434082,97.04000091552734,171.00015258789062,101.53651428222656,467.4026184082031,277.87017822265625,348.5199890136719,281.84375,28.149002075195312,93.54029846191406,306.3330383300781,911.5514526367188,66.3462142944336,73.24520874023438,151.49278259277344,459.7312316894531,185.023681640625,113.14168548583984,109.54204559326172,363.99505615234375,292.50335693359375,110.52288818359375,243.5734100341797,792.4716186523438,398.512451171875,203.5012664794922,274.6666564941406,686.9724731445312,439.2200012207031,254.93673706054688,178.49325561523438,309.76397705078125,105.96165466308594,64.71372985839844,471.6607971191406,722.9912719726562,482.5540771484375,248.22067260742188,130.62591552734375,564.6215209960938,297.49188232421875,60.527435302734375,741.4715576171875,62.49240493774414,76.78901672363281,158.455078125,511.36138916015625,163.63734436035156,74.63806915283203,120.64099884033203,68.04424285888672,188.1699981689453,181.6183624267578,279.5735168457031,203.9600067138672,136.15065002441406,22.286964416503906,149.14414978027344,178.86000061035156,157.29342651367188,162.80918884277344,558.5406494140625,83.98865509033203,95.94621276855469,340.48284912109375,34.44995880126953,481.6099853515625,91.65888214111328,461.7809753417969,366.15203857421875,26.80596160888672,142.23748779296875,460.77496337890625,443.2099914550781,179.5191192626953,338.2974853515625,232.37844848632812,338.0880432128906,40.48454666137695,83.31907653808594,216.77969360351562,102.46407318115234,111.72160339355469,140.3641815185547
2025-09-30,253.9116668701172,224.5730743408203,130.91409301757812,241.62103271484375,352.75,287.0474548339844,203.83152770996094,161.7899932861328,276.18768310546875,186.79933166503906,219.57000732421875,123.08251190185547,215.8300018310547,50.7709846496582,214.5284423828125,1147.3338623046875,43.03440856933594,97.62999725341797,165.8645477294922,99.90262603759766,472.8932189941406,280.5439147949219,351.260009765625,283.42681884765625,28.0864315032959,92.31066131591797,310.76788330078125,920.2606811523438,67.03199768066406,73.07073974609375,150.7066650390625,453.1802062988281,197.15574645996094,112.86568450927734,108.35336303710938,371.0340270996094,299.665771484375,108.93305206298828,242.6252899169922,784.814208984375,396.93524169921875,204.6875762939453,276.9833679199219,675.3233642578125,447.2300109863281,255.90834045410156,182.2278289794922,309.50885009765625,107.40251922607422,64.98809814453125,470.1859130859375,759.3045043945312,489.64556884765625,246.25111389160156,133.4259490966797,565.287353515625,298.3755798339844,60.85866165161133,732.4749755859375,62.8635368347168,82.01708221435547,156.2919921875,514.6903686523438,167.0518798828125,73.93292236328125,119.89199829101562,68.22034454345703,184.05599975585938,186.3423309326172,278.0706481933594,203.6199951171875,136.41290283203125,23.81014060974121,149.26072692871094,182.4199981689453,156.53102111816406,163.8531951904297,560.0546875,82.96870422363281,94.54004669189453,343.7991027832031,33.7238655090332,493.3900146484375,92.49826049804688,457.4294738769531,366.7771301269531,26.968307495117188,143.2483673095703,483.6920166015625,444.7200012207031,180.00900268554688,338.4150390625,232.56539916992188,339.3006286621094,41.13978958129883,82.50212097167969,218.16278076171875,102.44419860839844,110.28376007080078,143.56275939941406
2025-10-01,254.72933959960938,237.02674865722656,130.45469665527344,238.7893829345703,343.7200012207031,285.198974609375,216.7738494873047,164.00999450683594,292.1404113769531,187.7706298828125,220.6300048828125,123.98760223388672,215.1999969482422,49.87543487548828,212.5930633544922,1122.92822265625,45.257694244384766,95.8499984741211,163.19476318359375,97.15653228759766,476.5304870605469,279.708984375,351.9700012207031,286.7698974609375,27.9509220123291,93.15970611572266,310.01214599609375,912.0188598632812,67.35530853271484,74.50521087646484,150.01763916015625,447.6995544433594,211.6943359375,111.33780670166016,107.53192138671875,370.6275634765625,299.7255554199219,109.08026123046875,244.4217529296875,774.13134765625,388.9316711425781,204.37640380859375,281.2339172363281,671.9512329101562,438.0400085449219,255.08395385742188,182.8470001220703,304.8774719238281,112.40819549560547,65.4388656616211,462.07891845703125,821.4221801757812,489.4395751953125,242.99795532226562,142.28448486328125,570.2166748046875,295.06671142578125,61.54060363769531,715.4791870117188,63.08240509033203,88.07576751708984,154.25672912597656,516.4393310546875,181.85809326171875,77.04733276367188,117.08999633789062,72.59355926513672,182.48599243164062,187.0015106201172,285.7530822753906,206.8000030517578,139.03549194335938,25.4267635345459,148.8041534423828,184.9499969482422,155.2378692626953,163.98126220703125,597.5762939453125,82.7725601196289,91.3514175415039,338.794921875,34.43033218383789,488.7799987792969,92.52755737304688,452.69268798828125,361.3003234863281,26.30937957763672,143.0303497314453,529.27685546875,459.4599914550781,176.7366485595703,341.3552551269531,230.96163940429688,345.7113037109375,41.027462005615234,79.59851837158203,217.21438598632812,101.35076141357422,109.54037475585938,144.18087768554688
2025-10-02,256.40460205078125,229.4420623779297,129.9855499267578,239.4066619873047,351.4800109863281,283.4972839355469,222.597900390625,169.72999572753906,291.0638427734375,185.6823272705078,222.41000366210938,122.9134292602539,217.42999267578125,49.67860412597656,215.5328826904297,1142.088623046875,43.635555267333984,96.22000122070312,161.71913146972656,95.80809020996094,486.1934814453125,279.6692199707031,347.239990234375,292.0107421875,27.463090896606445,91.12981414794922,306.8302001953125,911.4520874023438,66.92424011230469,75.06736755371094,148.8433380126953,457.69952392578125,209.1585235595703,110.53937530517578,106.69114685058594,373.5224609375,298.301025390625,108.50123596191406,245.21022033691406,768.090087890625,386.962646484375,205.18350219726562,281.459716796875,674.2850952148438,443.010009765625,255.87890625,182.7781982421875,301.77679443359375,113.44278717041016,64.77252197265625,464.72186279296875,815.879150390625,489.79266357421875,242.3512420654297,146.46961975097656,573.754638671875,294.4383544921875,60.18646240234375,725.1640014648438,62.56853485107422,87.46990203857422,152.69342041015625,512.4942626953125,183.45555114746094,76.56744384765625,116.25299835205078,72.95555877685547,182.02000427246094,188.64939880371094,285.52569580078125,209.3000030517578,138.22927856445312,25.30528450012207,147.70645141601562,187.0500030517578,152.3909454345703,166.30567932128906,597.6360473632812,85.0478286743164,91.79702758789062,341.45587158203125,33.468753814697266,471.1499938964844,91.63937377929688,447.9559020996094,363.53271484375,25.793697357177734,141.21670532226562,523.522705078125,436.0,178.6275634765625,346.6672058105469,230.7451629638672,343.8428039550781,40.62495422363281,79.23432922363281,214.29013061523438,101.09231567382812,108.8556900024414,143.72955322265625
2025-10-03,257.2920837402344,226.8717803955078,131.5493927001953,240.36688232421875,346.739990234375,284.9056091308594,216.5647735595703,164.6699981689453,291.54339599609375,184.74989318847656,219.50999450683594,121.56076049804688,216.3000030517578,49.83606719970703,215.27462768554688,1142.236083984375,43.96444320678711,97.31999969482422,163.53456115722656,96.20179748535156,493.4085693359375,282.2435607910156,347.2699890136719,305.7961120605469,27.914785385131836,91.89103698730469,301.0529479980469,910.0701293945312,66.9439468383789,75.10614013671875,149.01803588867188,458.75006103515625,213.79257202148438,110.86466217041016,107.10670471191406,370.2508239746094,295.86041259765625,110.59158325195312,244.87088012695312,778.5364990234375,387.0115966796875,203.27761840820312,283.07940673828125,672.3864135742188,452.3500061035156,255.16246032714844,185.39239501953125,304.21026611328125,109.68778991699219,65.31147766113281,461.9997253417969,835.80224609375,494.8243713378906,241.39097595214844,145.29379272460938,576.8552856445312,295.51837158203125,61.05350112915039,708.7167358398438,62.549503326416016,87.15719604492188,154.9449920654297,514.0940551757812,187.64645385742188,78.40865325927734,115.33200073242188,70.37271118164062,182.4720001220703,187.38101196289062,282.9154357910156,207.19000244140625,137.9087371826172,25.57628059387207,147.92015075683594,173.07000732421875,149.30300903320312,166.63070678710938,597.6360473632812,84.75360107421875,93.16358947753906,344.1366882324219,33.615936279296875,469.1700134277344,92.2737808227539,450.9446105957031,367.6006164550781,25.841445922851562,140.06707763671875,541.8324584960938,429.8299865722656,176.66806030273438,353.0179748535156,232.9884796142578,347.7090759277344,40.877685546875,79.40164947509766,217.105712890625,101.4601058959961,110.78260040283203,143.660888671875
2025-10-06,255.9658660888672,223.26373291015625,130.71861267089844,243.15933227539062,350.1400146484375,284.16229248046875,222.91648864746094,203.7100067138672,287.8537292480469,180.2430877685547,220.89999389648438,122.7343978881836,219.72999572753906,49.59003829956055,215.34693908691406,1160.5208740234375,43.66457748413086,96.69999694824219,162.02008056640625,96.50691986083984,490.9605712890625,284.6589050292969,353.3599853515625,297.920166015625,28.0864315032959,92.62295532226562,303.57861328125,905.6558227539062,67.91973876953125,74.47613525390625,149.4741668701172,453.229736328125,210.5308380126953,111.14066314697266,106.73946380615234,376.7544250488281,297.0757141113281,111.46500396728516,249.94094848632812,785.2380981445312,381.3983154296875,203.22900390625,284.1101989746094,662.6458129882812,449.69000244140625,253.8964385986328,184.92066955566406,304.8511047363281,113.48759460449219,64.77252197265625,463.8012390136719,840.9570922851562,504.3875732421875,236.80516052246094,148.62197875976562,575.2254638671875,290.66802978515625,60.18646240234375,713.8035278320312,62.2069206237793,86.77608489990234,155.43658447265625,525.2435302734375,190.7733917236328,80.41637420654297,116.33100128173828,69.62916564941406,182.5679931640625,185.30364990234375,288.3039855957031,212.5800018310547,135.69412231445312,24.69788360595703,146.11329650878906,179.52999877929688,149.56600952148438,166.0791473388672,583.1732177734375,80.52671813964844,93.0843734741211,334.51556396484375,33.93973159790039,478.2200012207031,93.20101165771484,449.5724182128906,363.41363525390625,24.705034255981445,141.83116149902344,542.460693359375,453.25,178.1278839111328,351.616455078125,233.5886688232422,347.1524963378906,38.79027557373047,79.42134857177734,215.06069946289062,102.08634185791016,111.70203399658203,142.620849609375
2025-10-07,255.75645446777344,225.8242950439453,130.01487731933594,246.1575469970703,348.30999755859375,286.499755859375,210.62127685546875,211.50999450683594,289.24346923828125,181.6029052734375,221.77999877929688,123.85830688476562,221.82000732421875,49.49161911010742,208.27964782714844,1147.688232421875,43.20026779174805,95.9000015258789,160.09786987304688,96.26085662841797,482.367919921875,287.49163818359375,345.4800109863281,302.000732421875,27.643766403198242,92.93524932861328,306.9693908691406,909.4934692382812,67.99857330322266,74.74752044677734,150.33790588378906,457.3923034667969,207.60720825195312,110.9238052368164,106.73946380615234,367.7524719238281,300.5822448730469,114.60542297363281,245.2800750732422,778.2113647460938,378.9296875,203.20956420898438,288.478515625,650.68017578125,440.94000244140625,250.99154663085938,185.63809204101562,303.3819885253906,108.01390838623047,65.44866943359375,465.6028137207031,839.5440063476562,501.2783508300781,235.06100463867188,139.85313415527344,576.2490844726562,290.9429626464844,60.98530960083008,711.230224609375,63.424983978271484,85.61320495605469,153.3521728515625,520.682373046875,185.508544921875,81.49368286132812,119.10600280761719,67.41810607910156,180.84800720214844,184.80430603027344,281.0368347167969,211.0399932861328,136.7528533935547,24.54836654663086,148.18243408203125,182.1699981689453,150.54989624023438,162.96676635742188,580.9420776367188,79.72252655029297,93.09426879882812,334.60491943359375,33.76311492919922,477.8299865722656,94.10871887207031,452.26971435546875,366.3504943847656,24.981975555419922,141.38519287109375,537.6937866210938,433.0899963378906,173.46429443359375,356.40899658203125,228.1280059814453,350.27337646484375,38.752838134765625,79.86426544189453,214.93228149414062,102.62311553955078,111.76072692871094,140.0796661376953
2025-10-08,257.33197021484375,224.28213500976562,131.2366485595703,247.87220764160156,348.7699890136719,284.3090515136719,216.54486083984375,235.55999755859375,288.3430480957031,180.26251220703125,225.22000122070312,125.11150360107422,225.32000732421875,49.04876708984375,203.87844848632812,1146.477783203125,43.08418655395508,96.79000091552734,157.7193603515625,95.17816925048828,497.64044189453125,285.3645935058594,350.0,301.6271057128906,27.797346115112305,91.49090576171875,308.8586730957031,909.4934692382812,69.31932067871094,74.56336975097656,149.2024383544922,456.63909912109375,203.8184356689453,110.29293823242188,106.78778839111328,373.4630126953125,301.3990783691406,116.04804992675781,244.14230346679688,765.2616577148438,375.9712219238281,204.05552673339844,284.1494140625,650.4923095703125,448.0899963378906,248.04734802246094,186.42433166503906,299.7732238769531,105.80830383300781,64.79212188720703,463.08856201171875,841.6238403320312,504.1718444824219,232.80731201171875,142.03536987304688,572.8701171875,289.0577697753906,60.069557189941406,715.9779663085938,62.25450134277344,84.43077850341797,153.03753662109375,521.546875,196.34793090820312,82.30657196044922,121.42500305175781,67.59419250488281,182.86399841308594,188.86911010742188,285.37738037109375,217.7899932861328,134.85877990722656,23.997034072875977,146.38528442382812,183.55999755859375,151.25125122070312,165.24195861816406,561.638427734375,78.49662780761719,92.87641143798828,335.1708984375,33.331390380859375,489.3599853515625,93.87447357177734,453.4069519042969,372.3531799316406,25.067920684814453,139.45262145996094,534.721923828125,438.69000244140625,177.92214965820312,362.5441589355469,228.9052734375,349.2198181152344,38.67795181274414,78.4764404296875,217.3230438232422,102.28515625,111.52597045898438,140.78610229492188
2025-10-09,253.32330322265625,223.74868774414062,130.29830932617188,246.95118713378906,347.4700012207031,279.6047668457031,219.32247924804688,232.88999938964844,289.13580322265625,180.00025939941406,227.74000549316406,125.56902313232422,216.0,48.99956130981445,206.2902374267578,1148.869140625,43.219608306884766,97.27999877929688,155.962158203125,94.41044616699219,495.8961486816406,282.611328125,348.6700134277344,301.0076599121094,27.17400550842285,89.73428344726562,312.348876953125,937.4205322265625,68.95463562011719,74.37921142578125,147.16441345214844,452.14947509765625,203.34109497070312,109.4057846069336,108.16007995605469,373.94879150390625,298.201416015625,114.566162109375,241.05833435058594,768.6616821289062,369.9954833984375,198.59071350097656,282.9420166015625,638.9209594726562,443.760009765625,243.67031860351562,187.7904052734375,301.25225830078125,104.90017700195312,65.037109375,453.5166015625,851.2072143554688,498.03173828125,229.94607543945312,140.50082397460938,561.79443359375,288.4784851074219,59.42657470703125,731.607177734375,62.53998565673828,85.50570678710938,153.6471405029297,519.1123657226562,192.1420440673828,81.98336791992188,123.10700225830078,66.58649444580078,183.58999633789062,192.32470703125,294.12298583984375,215.1699981689453,140.5604705810547,23.58587074279785,146.27842712402344,185.47000122070312,152.7903594970703,163.16375732421875,567.6546630859375,78.24164581298828,93.10416412353516,330.8517761230469,32.50718307495117,484.4100036621094,93.82566833496094,458.27532958984375,367.302978515625,24.92467498779297,137.32180786132812,533.216064453125,435.5400085449219,175.3356170654297,360.358642578125,227.81314086914062,344.9261474609375,38.21928405761719,78.63391876220703,214.9026336669922,101.16189575195312,110.44026184082031,140.68797302246094
2025-10-10,244.57806396484375,223.56439208984375,129.5750274658203,236.07530212402344,337.510009765625,278.9201354980469,209.01840209960938,214.89999389648438,283.94873046875,181.3212127685547,216.3699951171875,121.04356384277344,210.72999572753906,47.87765884399414,205.2174530029297,1114.356689453125,42.52314376831055,95.41000366210938,149.28292846679688,92.4517593383789,486.9169616699219,281.29931640625,327.0,295.6979675292969,26.613903045654297,85.52813720703125,316.20703125,924.615234375,66.96366119384766,75.50353240966797,144.50526428222656,442.3675231933594,201.33236694335938,107.63147735595703,104.43942260742188,365.908447265625,290.3715515136719,114.99797821044922,236.1080322265625,753.2876586914062,368.0950012207031,195.3623809814453,272.7229919433594,635.820068359375,429.5899963378906,240.37283325195312,187.4365997314453,296.6772155761719,97.85816955566406,65.69364166259766,449.2205505371094,829.453125,495.3736572265625,227.54541015625,130.9049072265625,554.7589721679688,291.62042236328125,59.86497116088867,703.4703979492188,63.320316314697266,84.03012084960938,149.3111572265625,507.74432373046875,181.42254638671875,81.63080596923828,122.00800323486328,63.807987213134766,177.74200439453125,182.92669677734375,290.1612548828125,208.5500030517578,145.7764892578125,23.156015396118164,145.4138641357422,175.44000244140625,156.31666564941406,151.275634765625,562.4054565429688,76.94709777832031,91.06423950195312,330.4447021484375,31.123685836791992,438.9200134277344,95.93389892578125,456.8561706542969,361.746826171875,24.97100830078125,139.1255645751953,523.363037109375,413.489990234375,168.22262573242188,347.431640625,221.82115173339844,341.5567932128906,37.94315719604492,76.39961242675781,216.60186767578125,101.23148345947266,108.30794525146484,138.45094299316406
2025-10-13,246.96133422851562,223.3704071044922,128.41192626953125,238.6424102783203,339.32000732421875,278.0986022949219,218.50611877441406,216.4199981689453,286.17034912109375,177.9411163330078,220.07000732421875,123.24165344238281,215.55999755859375,48.08432388305664,208.75050354003906,1136.7548828125,42.11687469482422,94.94999694824219,153.54483032226562,94.58761596679688,500.25689697265625,280.8222351074219,332.2300109863281,290.4670104980469,26.5687313079834,86.64067077636719,315.2126770019531,930.133056640625,66.49055480957031,76.02691650390625,147.45555114746094,435.192138671875,203.9974365234375,108.69605255126953,106.03398895263672,372.1444091796875,296.38836669921875,116.00879669189453,243.67323303222656,775.3829345703125,371.6412658691406,197.3071746826172,272.1340026855469,649.5808715820312,435.7300109863281,239.91160583496094,187.6134796142578,303.6580505371094,102.06524658203125,65.45846557617188,452.0119934082031,815.4314575195312,494.1770324707031,229.75990295410156,137.32211303710938,556.5103759765625,294.6641540527344,59.592193603515625,713.8433837890625,61.80724334716797,83.74673461914062,152.5262908935547,510.81488037109375,192.5816192626953,82.56120300292969,121.90299987792969,65.92121887207031,184.74000549316406,188.0801239013672,305.06744384765625,213.27999877929688,144.62060546875,23.10929298400879,143.27670288085938,177.2100067138672,155.34254455566406,159.3422088623047,555.5325927734375,78.48683166503906,92.57933044433594,329.79931640625,31.663347244262695,448.0,95.72892761230469,450.5028381347656,362.0643310546875,24.70073890686035,140.12652587890625,523.1437377929688,435.8999938964844,171.56358337402344,351.5086975097656,222.21473693847656,341.2088928222656,37.84794235229492,77.67916870117188,214.46795654296875,101.50981140136719,109.78490447998047,139.57925415039062
2025-10-14,247.07101440429688,222.23561096191406,130.25921630859375,239.2694854736328,335.94000244140625,279.63409423828125,217.22186279296875,218.08999633789062,287.5894470214844,181.15609741210938,216.38999938964844,121.97850036621094,214.3000030517578,49.2947998046875,209.79507446289062,1175.2724609375,42.36837387084961,96.23999786376953,159.1949920654297,98.26875305175781,522.7642822265625,282.9095458984375,325.75,297.0745849609375,27.09269905090332,86.04537200927734,316.1374206542969,941.01953125,67.6733169555664,77.20938110351562,147.89227294921875,443.9532775878906,205.00181579589844,109.58321380615234,105.45414733886719,371.1331787109375,298.9285888671875,116.27376556396484,244.97068786621094,759.594970703125,379.8211364746094,202.84976196289062,271.0836181640625,651.0470581054688,436.3900146484375,243.4740447998047,187.56436157226562,297.85052490234375,102.13595581054688,66.15421295166016,454.59552001953125,808.41552734375,495.5011901855469,235.90371704101562,137.82034301757812,565.14794921875,299.0334167480469,60.527435302734375,706.8117065429688,62.235469818115234,82.76952362060547,152.7327423095703,510.337890625,186.877197265625,82.89419555664062,121.53500366210938,66.17559814453125,182.2519989013672,179.80067443847656,296.1435241699219,207.55999755859375,147.19461059570312,22.913057327270508,144.8990020751953,179.74000549316406,154.95289611816406,159.3028106689453,570.343994140625,79.5852279663086,92.48030853271484,332.8871765136719,31.957704544067383,443.760009765625,97.29057312011719,457.41064453125,367.1045227050781,25.221973419189453,142.81231689453125,524.390380859375,429.239990234375,170.4172821044922,352.7533874511719,223.4249267578125,346.25799560546875,38.60966110229492,83.2304916381836,215.47561645507812,106.56939697265625,109.83381652832031,140.7566680908203
2025-10-15,248.63658142089844,220.9949493408203,127.08815002441406,234.87014770507812,330.6300048828125,277.961669921875,226.5701904296875,238.60000610351562,290.9855651855469,184.57504272460938,215.57000732421875,124.92253112792969,214.0,51.45003128051758,201.87710571289062,1183.4700927734375,42.18458557128906,97.70999908447266,159.1270294189453,98.2096939086914,529.2855224609375,276.6277160644531,324.1000061035156,289.64105224609375,26.848783493041992,85.62572479248047,317.80792236328125,949.4503784179688,68.52095794677734,78.18830871582031,147.6205291748047,444.4587097167969,204.95208740234375,110.1155014038086,104.98060607910156,378.4398498535156,298.96844482421875,116.09712219238281,250.539794921875,756.805908203125,380.3893127441406,196.90847778320312,275.5992431640625,646.61865234375,435.6099853515625,243.08151245117188,187.87884521484375,301.40997314453125,108.23993682861328,65.73284149169922,446.8448791503906,822.5667114257812,489.84173583984375,236.66799926757812,144.2674560546875,560.06298828125,299.7109069824219,60.069557189941406,715.6886596679688,61.731117248535156,82.19297790527344,159.92005920410156,510.1987609863281,191.75242614746094,84.02046966552734,120.3290023803711,66.97783660888672,180.61000061035156,179.60093688964844,300.7193908691406,206.6999969482422,146.82550048828125,22.791576385498047,143.20870971679688,179.6199951171875,153.64756774902344,160.51426696777344,574.14892578125,81.26225280761719,93.4111557006836,330.36529541015625,31.957704544067383,435.8999938964844,97.3296127319336,453.82989501953125,366.8565368652344,25.164058685302734,143.8628387451172,526.4247436523438,435.1499938964844,171.7203369140625,353.94903564453125,222.08680725097656,343.5843505859375,38.44779968261719,85.10062408447266,211.10903930664062,108.3785171508789,109.16868591308594,139.44189453125
2025-10-16,246.7519073486328,221.6299285888672,125.30134582519531,229.29502868652344,329.2300109863281,274.000732421875,226.70956420898438,234.55999755859375,289.5076904296875,185.97372436523438,214.47000122070312,126.67303466796875,211.88999938964844,49.63924026489258,196.7694549560547,1152.7366943359375,41.97177505493164,97.77999877929688,153.3603515625,94.7450942993164,536.1339721679688,266.608642578125,324.25,286.1996154785156,26.4332218170166,84.81573486328125,317.5990905761719,920.250732421875,68.09713745117188,78.86678314208984,147.2323455810547,453.08111572265625,209.74522399902344,108.3116226196289,103.64696502685547,372.362548828125,298.68951416015625,115.65550231933594,250.9689483642578,747.1085205078125,379.4978942871094,197.5599822998047,270.90692138671875,640.9717407226562,434.6199951171875,242.345458984375,188.81248474121094,294.360107421875,109.4139404296875,66.23259735107422,439.7376403808594,815.4114379882812,483.79974365234375,238.20640563964844,141.86598205566406,547.196044921875,299.7894287109375,60.011104583740234,710.2228393554688,61.150634765625,82.00730895996094,157.33419799804688,508.3902282714844,202.33209228515625,83.29573822021484,118.35900115966797,65.39291381835938,178.8979949951172,181.57839965820312,310.009765625,205.50999450683594,148.29222106933594,22.642059326171875,145.32643127441406,178.1199951171875,151.94287109375,161.60755920410156,566.9275512695312,82.71371459960938,92.50011444091797,329.104248046875,32.30112075805664,440.20001220703125,96.07054138183594,443.65142822265625,366.36041259765625,25.289541244506836,141.2761688232422,535.3103637695312,428.75,171.92608642578125,349.55841064453125,220.43385314941406,333.3570556640625,38.42875671386719,82.6792984008789,210.71383666992188,105.83381652832031,108.21990203857422,140.56040954589844
2025-10-17,251.5782470703125,224.26759338378906,126.19474792480469,233.57679748535156,333.260009765625,275.0863037109375,223.99168395996094,233.0800018310547,292.4438171386719,185.79888916015625,213.0399932861328,124.9722671508789,212.94000244140625,50.46590805053711,201.44639587402344,1142.6988525390625,42.20392990112305,99.23999786376953,151.74880981445312,95.54234313964844,522.3778076171875,266.5887756347656,326.1199951171875,294.26239013671875,26.686174392700195,84.3960952758789,322.85931396484375,930.8986206054688,69.12218475341797,79.98139190673828,148.56192016601562,454.40911865234375,207.89559936523438,109.0903549194336,103.63721466064453,370.09222412109375,298.9884033203125,120.52313232421875,252.80535888671875,739.89453125,383.91595458984375,197.3557891845703,276.1195068359375,655.23779296875,446.1300048828125,244.62228393554688,189.8935546875,293.3938293457031,110.19661712646484,67.0655288696289,446.32025146484375,798.941650390625,485.663330078125,239.77418518066406,141.00901794433594,558.2318725585938,302.49932861328125,60.84892272949219,715.0602416992188,61.902408599853516,82.85747528076172,156.00685119628906,510.347900390625,202.18223571777344,82.78646087646484,119.93599700927734,65.91143035888672,180.72000122070312,182.98660278320312,288.5269775390625,207.88999938964844,149.30238342285156,22.90371322631836,147.0749969482422,178.14999389648438,153.96902465820312,160.98704528808594,575.7725219726562,83.71405029296875,93.2229995727539,328.3893737792969,32.016578674316406,447.6400146484375,95.45564270019531,444.72283935546875,371.4899597167969,25.4246768951416,142.55462646484375,537.4444580078125,439.30999755859375,173.0038299560547,349.4897766113281,222.4016571044922,339.8075256347656,38.60966110229492,81.97061920166016,212.8773956298828,107.08628845214844,109.78490447998047,141.34535217285156
2025-10-20,261.50018310546875,226.70004272460938,127.14705657958984,237.29026794433594,343.3999938964844,276.8076171875,227.1177520751953,240.55999755859375,296.8674621582031,187.5375213623047,216.47999572753906,126.98136138916016,216.82000732421875,51.21384048461914,204.30162048339844,1141.5572509765625,42.16523361206055,100.52999877929688,155.75830078125,97.73725891113281,527.9536743164062,266.578857421875,329.6400146484375,301.70574951171875,26.713275909423828,84.96211242675781,325.5440979003906,930.6798706054688,69.63472747802734,79.942626953125,149.92059326171875,458.31396484375,207.22933959960938,110.3619384765625,103.8128433227539,374.4444885253906,301.51861572265625,120.81755065917969,256.04901123046875,752.2626953125,380.9673156738281,200.3410186767578,278.4460144042969,658.5863037109375,458.4700012207031,247.6842498779297,190.38494873046875,298.1266174316406,114.80001068115234,67.0655288696289,446.98345947265625,805.0419921875,496.2073669433594,237.3931121826172,143.54002380371094,563.5956420898438,302.1851501464844,61.18989562988281,730.2706298828125,61.28385925292969,84.35260009765625,159.25148010253906,513.53759765625,206.5679473876953,83.0215072631836,123.85600280761719,66.1560287475586,183.50999450683594,182.4073486328125,274.5319519042969,211.82000732421875,149.23439025878906,23.071914672851562,147.6190185546875,181.58999633789062,153.96902465820312,164.52294921875,574.49755859375,82.90005493164062,94.02510833740234,328.8858337402344,32.80154037475586,453.3500061035156,95.34828186035156,448.858154296875,378.23675537109375,25.193016052246094,142.0491943359375,542.3510131835938,447.42999267578125,175.95285034179688,357.2126770019531,223.64138793945312,342.3121643066406,38.84770202636719,84.66753387451172,212.79837036132812,106.41035461425781,110.23484802246094,142.32650756835938
2025-10-21,262.0286865234375,226.0455322265625,125.21299743652344,245.45208740234375,357.54998779296875,277.73675537109375,224.9971923828125,238.02999877929688,294.7241516113281,186.84788513183594,222.02999877929688,123.76879119873047,217.25999450683594,50.70209884643555,210.0279083251953,1112.0341796875,43.08418655395508,99.9000015258789,156.71939086914062,96.70377349853516,521.4633178710938,267.6324462890625,333.45001220703125,302.3547058105469,27.074630737304688,84.3277816772461,326.9660339355469,932.0618286132812,69.70372009277344,80.48540496826172,149.25096130371094,455.71734619140625,219.54039001464844,112.66854095458984,103.46158599853516,370.2508239746094,305.4534606933594,121.76948547363281,249.9709014892578,747.985595703125,382.9363708496094,203.30679321289062,276.8753662109375,668.7607421875,462.739990234375,252.35568237304688,188.57662963867188,292.9303894042969,114.25631713867188,69.7896957397461,445.5184631347656,795.6973876953125,480.12158203125,240.3327178955078,144.52651977539062,569.2379760742188,301.9004211425781,60.15723419189453,731.367919921875,60.66530990600586,85.62297821044922,156.5574493408203,514.4021606445312,202.09230041503906,82.25759887695312,124.13500213623047,66.8800048828125,188.3000030517578,180.9292449951172,272.5213623046875,214.39999389648438,148.78758239746094,23.22142791748047,147.28871154785156,181.50999450683594,148.0658721923828,166.28598022460938,577.0574951171875,84.24363708496094,94.16374969482422,336.0346984863281,32.88984298706055,459.0400085449219,94.67481231689453,454.6851501464844,376.7881774902344,25.144752502441406,142.62400817871094,556.4622192382812,442.6000061035156,177.17752075195312,358.0848693847656,222.89361572265625,345.0950927734375,38.37162399291992,83.42735290527344,212.29452514648438,105.58531188964844,110.24462890625,143.3370819091797
2025-10-22,257.7209167480469,223.39810180664062,125.61550903320312,244.10975646972656,354.0899963378906,277.7073974609375,219.58132934570312,230.22999572753906,289.6741027832031,185.70175170898438,217.9499969482422,128.2345733642578,216.58999633789062,50.288761138916016,207.82630920410156,1111.7193603515625,42.939090728759766,103.8499984741211,157.00094604492188,94.78446197509766,510.78857421875,274.8485412597656,330.510009765625,302.718505859375,26.5596981048584,85.3036880493164,328.9348449707031,939.2001953125,69.64458465576172,79.48709106445312,150.97842407226562,458.23468017578125,216.88525390625,111.46595764160156,103.62745666503906,357.5013732910156,296.7470397949219,119.19828033447266,251.19850158691406,733.8138427734375,381.0456848144531,200.9049835205078,282.2352294921875,664.530517578125,527.030029296875,248.25344848632812,189.61839294433594,289.9920959472656,110.95936584472656,69.38792419433594,445.3600769042969,808.4951171875,477.80682373046875,239.8009796142578,140.7499237060547,568.5712280273438,304.4826965332031,60.37156295776367,731.5075073242188,61.31240463256836,85.61320495605469,155.46609497070312,517.2640380859375,198.27606201171875,81.13130950927734,111.63700103759766,67.58441925048828,187.1300048828125,180.0503692626953,270.05517578125,212.4199981689453,148.6418914794922,23.099946975708008,147.85214233398438,175.49000549316406,152.8000946044922,166.71934509277344,582.4361572265625,83.85134887695312,93.39134979248047,331.43756103515625,34.24390411376953,454.29998779296875,95.143310546875,450.8788146972656,385.3109436035156,24.662128448486328,141.78160095214844,565.6470336914062,438.9700012207031,167.25270080566406,354.2822570800781,221.6145477294922,343.2563781738281,37.89555358886719,82.56118774414062,213.84556579589844,106.49981689453125,112.20088195800781,144.33787536621094
2025-10-23,258.8476867675781,222.97805786132812,124.0348892211914,244.76622009277344,354.1199951171875,275.36016845703125,227.4562225341797,234.99000549316406,286.64996337890625,184.83731079101562,221.08999633789062,134.5801544189453,217.77000427246094,50.93828582763672,202.3781280517578,1107.11376953125,42.39739227294922,102.38999938964844,150.45761108398438,95.16831970214844,517.3385620117188,281.229736328125,337.2699890136719,299.96539306640625,26.469358444213867,87.90933990478516,326.7074890136719,936.5853881835938,69.26017761230469,79.21837615966797,151.93919372558594,465.2317199707031,221.4894561767578,111.41667175292969,105.45198822021484,369.199951171875,305.2143859863281,118.49168395996094,252.58578491210938,739.9044189453125,377.1859436035156,214.57676696777344,279.771240234375,671.4158325195312,551.2999877929688,252.6501007080078,189.15646362304688,290.4161071777344,115.40841674804688,68.53540802001953,445.5184631347656,817.0634155273438,478.6993713378906,240.13577270507812,147.01766967773438,570.969482421875,301.3996887207031,59.436317443847656,732.095947265625,61.44562911987305,85.19300079345703,156.6361083984375,517.283935546875,206.5080108642578,81.53286743164062,111.35900115966797,68.17142486572266,187.83399963378906,181.92796325683594,277.3943786621094,215.02000427246094,147.16546630859375,23.053226470947266,147.8618621826172,180.47999572753906,153.61834716796875,167.4678955078125,573.421875,83.79251098632812,93.67852783203125,329.3922119140625,35.333038330078125,456.0899963378906,93.84519958496094,453.6607360839844,380.0623474121094,23.764448165893555,141.12750244140625,570.3441162109375,448.9800109863281,168.70272827148438,353.2630310058594,216.4982452392578,343.85272216796875,36.56254577636719,83.13206481933594,213.49978637695312,106.22148895263672,113.44309997558594,143.63143920898438
2025-10-24,262.07855224609375,222.7240753173828,124.53558349609375,242.6498260498047,353.5199890136719,274.7635803222656,227.73500061035156,252.9199981689453,285.5439758300781,186.0222930908203,224.2100067138672,133.09820556640625,221.35000610351562,51.73542785644531,204.47166442871094,1118.5587158203125,42.39739227294922,101.11000061035156,150.08871459960938,97.2254409790039,519.5549926757812,280.23577880859375,345.1000061035156,296.73040771484375,26.451290130615234,85.90873718261719,330.8340759277344,926.73291015625,69.61500549316406,80.05872344970703,150.96871948242188,468.54193115234375,221.7678985595703,110.0859375,103.79332733154297,373.0565185546875,302.70404052734375,118.68795776367188,259.4124755859375,772.5248413085938,378.80230712890625,210.17184448242188,301.8191833496094,676.7359619140625,546.510009765625,241.17759704589844,187.12208557128906,296.2334899902344,117.78031158447266,68.31002044677734,441.4798278808594,821.4520263671875,476.1099548339844,238.99354553222656,151.1429901123047,570.8699340820312,300.2410888671875,59.202510833740234,736.4446411132812,61.54079055786133,85.49593353271484,161.10975646972656,520.314697265625,218.8059844970703,82.66893768310547,109.46900177001953,67.61376953125,186.03399658203125,186.02272033691406,280.62322998046875,217.11000061035156,147.20433044433594,23.137327194213867,149.1697540283203,184.6300048828125,153.54042053222656,166.39431762695312,575.6729125976562,84.42996978759766,93.50027465820312,331.626220703125,35.15642547607422,464.17999267578125,93.5816650390625,460.004638671875,378.8022766113281,24.266376495361328,140.6418914794922,570.9324951171875,433.7200012207031,165.70469665527344,355.2721252441406,213.12344360351562,345.2640686035156,36.96244430541992,85.0514144897461,212.0673065185547,105.53560638427734,112.86601257324219,143.18991088867188
2025-10-27,268.0516357421875,222.7631378173828,124.85956573486328,245.7068328857422,357.79998779296875,274.36260986328125,230.30355834960938,259.6700134277344,284.9568176269531,184.28366088867188,226.97000122070312,135.17694091796875,223.0,52.17828369140625,208.7723388671875,1113.3233642578125,41.97177505493164,102.43000030517578,149.360595703125,99.4006576538086,523.86865234375,279.97735595703125,351.3999938964844,304.006591796875,26.57776641845703,86.55284118652344,334.1552429199219,924.4561767578125,70.36408233642578,80.56684875488281,150.6969757080078,473.83428955078125,219.77902221679688,110.73651123046875,104.18360137939453,376.4768371582031,311.6396179199219,118.2267074584961,268.744140625,778.5463256835938,377.4210510253906,209.1313934326172,307.3459167480469,677.0331420898438,551.25,243.1992645263672,187.02381896972656,299.8915710449219,120.99760437011719,68.65299224853516,440.3117980957031,822.4073486328125,477.5812072753906,239.9191436767578,156.3445281982422,569.5663452148438,304.37469482421875,60.069557189941406,748.872314453125,60.65579605102539,85.99431610107422,163.2335205078125,528.1749877929688,219.88491821289062,84.25552368164062,109.45600128173828,67.10501861572266,189.25799560546875,191.24607849121094,278.7116394042969,220.2899932861328,148.2533721923828,23.14667320251465,148.43609619140625,189.17999267578125,149.24456787109375,184.8519287109375,583.0039672851562,85.53817749023438,93.91618347167969,333.6914367675781,35.48021697998047,465.4100036621094,93.11317443847656,466.7620849609375,380.7171630859375,24.642824172973633,141.98973083496094,562.2363891601562,452.4200134277344,165.97901916503906,358.6827697753906,214.71737670898438,345.701416015625,37.35282516479492,85.64197540283203,211.1880645751953,103.84577178955078,113.40398406982422,144.7499542236328
2025-10-28,268.2410888671875,222.28445434570312,124.29996490478516,248.2347412109375,359.9100036621094,273.4823913574219,226.6299285888672,258.010009765625,285.8669738769531,177.4748992919922,229.25,136.54946899414062,223.3300018310547,52.03066635131836,203.45489501953125,1107.064453125,41.420406341552734,100.97000122070312,147.2636260986328,99.79435729980469,521.284423828125,273.9142150878906,341.29998779296875,303.2494812011719,26.451290130615234,84.69862365722656,333.7475891113281,918.7992553710938,71.576416015625,80.32255554199219,149.58091735839844,464.0126647949219,215.69192504882812,110.05636596679688,103.32499694824219,372.7789306640625,308.6013488769531,115.68492889404297,266.94769287109375,780.6160278320312,377.8912658691406,208.4896240234375,306.8354797363281,672.6146240234375,545.3900146484375,241.2953643798828,183.7118377685547,301.0845947265625,120.09246063232422,68.75099182128906,438.2330322265625,816.1279296875,476.4630432128906,240.3327178955078,155.0690460205078,563.167724609375,300.84002685546875,58.65695571899414,749.4906616210938,60.218048095703125,85.04641723632812,162.43710327148438,538.6585693359375,221.69314575195312,81.84626770019531,110.25,65.97013092041016,187.58200073242188,200.77392578125,278.1470947265625,221.3800048828125,145.81532287597656,22.894367218017578,148.0741424560547,189.60000610351562,145.93255615234375,178.30213928222656,651.9013671875,83.78270721435547,92.93582916259766,351.930908203125,35.185855865478516,456.8299865722656,91.65888214111328,463.98016357421875,372.9881286621094,24.806917190551758,142.74293518066406,556.103271484375,460.54998779296875,163.5296630859375,360.50567626953125,214.08767700195312,344.7869873046875,37.43852233886719,85.53369903564453,201.76327514648438,102.55352783203125,112.51387786865234,142.66990661621094
2025-10-29,268.93914794921875,219.9398956298828,122.15973663330078,242.74781799316406,337.8599853515625,255.47714233398438,234.7039337158203,264.3299865722656,285.55377197265625,173.9393768310547,230.3000030517578,138.9962158203125,213.5800018310547,51.745269775390625,201.67843627929688,1080.54296875,41.20759582519531,100.30000305175781,144.57444763183594,97.56008911132812,581.9337768554688,276.3196105957031,341.42999267578125,294.1148986816406,25.773746490478516,85.9575424194336,331.29150390625,907.1272583007812,70.30494689941406,78.75910949707031,150.5222930908203,469.265380859375,212.81802368164062,108.6664810180664,103.42256927490234,384.41802978515625,313.0741271972656,116.29339599609375,274.0338439941406,771.716796875,370.3383483886719,207.01158142089844,302.5554504394531,649.9375,537.5900268554688,237.5268096923828,183.3875274658203,301.2325134277344,123.00405883789062,66.97733306884766,427.6316223144531,809.58984375,476.031494140625,234.83816528320312,160.10118103027344,551.8731689453125,296.863525390625,56.35783004760742,749.7200927734375,58.971439361572266,84.606689453125,161.2769012451172,538.141845703125,226.40853881835938,80.07360076904297,110.04100036621094,63.93517303466797,182.33999633789062,206.77627563476562,272.6699523925781,217.16000366210938,141.96888732910156,22.698129653930664,145.53074645996094,198.80999755859375,142.97125244140625,175.9777069091797,650.3375854492188,82.5469970703125,93.68842315673828,343.27288818359375,36.13762283325195,455.3399963378906,91.26847839355469,444.59124755859375,366.69775390625,24.266376495361328,140.42384338378906,556.7814331054688,461.510009765625,157.01431274414062,348.176513671875,212.88731384277344,339.20123291015625,38.28593063354492,84.6478500366211,195.1442108154297,101.84777069091797,113.90281677246094,141.22763061523438
2025-10-30,270.63433837890625,222.92921447753906,122.3953628540039,244.217529296875,339.239990234375,255.78033447265625,231.5181427001953,254.83999633789062,285.7789001464844,174.29876708984375,222.86000061035156,138.3596649169922,200.0800018310547,52.1881217956543,201.85128784179688,1080.5921630859375,44.128883361816406,100.56999969482422,144.05990600585938,98.64277648925781,579.6080322265625,276.3792419433594,336.0899963378906,242.96536254882812,24.680644989013672,86.01609802246094,339.2861633300781,914.84228515625,71.86224365234375,74.93841552734375,148.9889373779297,461.25750732421875,213.8522491455078,110.24365234375,102.89569854736328,379.798095703125,309.5576477050781,116.23451232910156,280.93035888671875,778.7139282226562,371.81756591796875,206.45411682128906,304.3714904785156,650.0762329101562,530.02001953125,239.1068572998047,185.7953338623047,305.10748291015625,120.92591857910156,67.59468841552734,425.5528564453125,840.4097900390625,480.3373718261719,236.14779663085938,160.4399871826172,550.9774780273438,296.9420471191406,56.289634704589844,664.7410888671875,54.365631103515625,84.31351470947266,162.4862518310547,522.451171875,223.7910919189453,79.95606231689453,108.9000015258789,63.49491500854492,186.93600463867188,202.63156127929688,254.4358367919922,218.27000427246094,143.31903076171875,22.698129653930664,146.3231201171875,194.5500030517578,141.9873809814453,174.5889434814453,651.463134765625,81.54666900634766,93.4903793334961,345.42742919921875,35.63720703125,442.92999267578125,92.79108428955078,461.9971008300781,366.0925598144531,23.822362899780273,141.0184783935547,554.697021484375,440.1000061035156,157.25927734375,337.8760681152344,215.30772399902344,342.9283752441406,37.09574508666992,84.63800811767578,198.14749145507812,101.61915588378906,112.18132019042969,141.38461303710938
2025-10-31,269.60723876953125,213.00387573242188,121.3645248413086,245.0503692626953,340.30999755859375,254.5773468017578,232.06568908691406,256.1199951171875,292.0718688964844,173.84225463867188,244.22000122070312,138.5884246826172,201.02000427246094,52.60145950317383,201.75314331054688,1065.594482421875,44.564178466796875,100.72000122070312,142.36097717285156,99.63687896728516,573.7537841796875,275.2660217285156,338.69000244140625,240.32037353515625,25.150407791137695,86.71874237060547,335.9053039550781,907.4449462890625,72.05937194824219,76.36506652832031,153.06497192382812,457.51123046875,214.18040466308594,111.01251983642578,103.26644897460938,378.28125,307.76458740234375,117.55937194824219,280.6408996582031,777.9354248046875,371.8567810058594,207.7128143310547,301.7701110839844,661.3404541015625,534.280029296875,239.3816375732422,185.61843872070312,306.7639465332031,120.36132049560547,67.51629638671875,414.0605163574219,858.6808471679688,482.45599365234375,234.48367309570312,156.90257263183594,549.2957763671875,293.0146484375,55.97789001464844,646.6681518554688,53.65192413330078,84.02035522460938,162.2290496826172,514.5512084960938,223.55133056640625,79.72102355957031,111.88600158691406,63.191619873046875,183.8560028076172,202.23207092285156,260.1011657714844,220.24000549316406,141.90089416503906,23.034536361694336,147.09591674804688,200.47000122070312,140.5944061279297,178.17408752441406,649.2319946289062,79.31062316894531,93.59929656982422,342.48846435546875,35.38209915161133,453.82000732421875,91.78577423095703,457.8994140625,353.45220947265625,23.88992691040039,138.8876953125,565.8365478515625,456.55999755859375,159.6020050048828,334.7496643066406,216.82293701171875,338.66448974609375,37.83842468261719,85.60260772705078,197.35716247558594,100.57542419433594,111.8585433959961,141.86703491210938
2025-11-03,268.2909851074219,207.06431579589844,121.58049774169922,243.4238739013672,337.4700012207031,251.5161895751953,236.65524291992188,259.6499938964844,289.9872741699219,171.56942749023438,254.0,140.7864990234375,204.5500030517578,52.70970916748047,199.87814331054688,1051.8367919921875,44.515811920166016,98.58999633789062,141.45010375976562,100.6072006225586,567.1243896484375,276.5680847167969,335.4100036621094,254.29257202148438,24.373493194580078,86.43572998046875,339.00775146484375,923.9620361328125,73.38011169433594,76.64844512939453,149.49356079101562,457.8184814453125,212.86773681640625,110.51966094970703,103.07131958007812,383.2481689453125,307.4358215332031,119.77729034423828,283.16595458984375,774.1411743164062,370.6420593261719,204.0399627685547,299.1393127441406,669.9000854492188,544.2100219726562,238.60633850097656,183.05337524414062,305.01873779296875,121.39690399169922,66.60496520996094,408.0025634765625,892.1878662109375,478.59149169921875,232.03179931640625,160.669189453125,541.4144287109375,290.9920349121094,55.18878173828125,636.0557861328125,53.92789077758789,80.60989379882812,161.88282775878906,513.776123046875,234.4706573486328,80.09318542480469,110.00900268554688,61.29362869262695,182.76800537109375,206.61647033691406,255.3866424560547,219.22999572753906,139.48228454589844,23.043880462646484,144.79708862304688,207.17999267578125,140.857421875,177.99681091308594,639.7196044921875,79.39889526367188,92.24264526367188,343.18353271484375,36.32405471801758,445.7200012207031,90.91710662841797,467.1192321777344,355.357177734375,23.677576065063477,139.15528869628906,563.3333740234375,468.3699951171875,159.6020050048828,327.13458251953125,215.29788208007812,334.847900390625,37.58134460449219,85.92741394042969,194.3933868408203,100.98297882080078,111.27166748046875,142.12303161621094
2025-11-04,269.2781982421875,210.90354919433594,123.50474548339844,237.9957275390625,335.3500061035156,253.52110290527344,229.16860961914062,250.0500030517578,290.3787536621094,175.17294311523438,249.32000732421875,135.96266174316406,198.0500030517578,52.69002914428711,198.33688354492188,1043.0587158203125,44.09986877441406,98.83999633789062,139.9123992919922,100.01313018798828,544.254150390625,283.9233703613281,333.2200012207031,260.2315368652344,24.789052963256836,85.79164123535156,342.5874328613281,936.6061401367188,71.28073120117188,76.29666137695312,148.86276245117188,464.1217041015625,212.6390380859375,109.8789291381836,102.7005615234375,374.4742431640625,303.0328063964844,120.7095947265625,276.998046875,779.374267578125,375.2756652832031,202.68841552734375,295.3304443359375,654.2767333984375,538.8200073242188,240.36305236816406,183.64305114746094,304.920166015625,118.84278106689453,67.28111267089844,413.7041931152344,902.4677734375,475.6882019042969,234.11932373046875,155.22850036621094,550.0520629882812,293.7804870605469,54.63348388671875,625.6926879882812,54.53692626953125,81.94867706298828,162.23895263671875,511.0931701660156,217.8169403076172,80.00503540039062,109.2959976196289,59.90436553955078,177.51400756835938,198.43690490722656,245.7991180419922,214.52000427246094,138.80235290527344,22.707473754882812,143.96559143066406,190.74000549316406,143.8382110595703,170.2355499267578,625.5257568359375,78.06511688232422,92.9259262084961,340.54241943359375,35.44096755981445,416.3500061035156,90.50717163085938,469.1774597167969,359.7723693847656,23.5907039642334,140.7806396484375,563.6923828125,444.260009765625,157.5261688232422,324.23358154296875,217.354248046875,338.2272033691406,37.43852233886719,85.76008605957031,198.2561492919922,101.65890502929688,111.64334106445312,122.53987884521484
2025-11-05,269.3778991699219,211.76321411132812,122.26773834228516,242.81640625,335.5299987792969,253.86341857910156,239.8211212158203,256.3299865722656,313.0453186035156,174.27932739257812,250.1999969482422,138.12094116210938,197.6199951171875,51.617332458496094,195.134033203125,1056.5013427734375,44.951107025146484,98.9000015258789,141.3521728515625,100.68641662597656,565.693115234375,281.5478210449219,327.6300048828125,255.23651123046875,25.24074935913086,85.5866928100586,352.0040283203125,930.92138671875,71.06388092041016,76.75592803955078,148.15431213378906,469.463623046875,211.02806091308594,109.77050018310547,102.63226318359375,383.18292236328125,303.93927001953125,120.29742431640625,283.7547912597656,781.6015625,366.2239074707031,203.29710388183594,301.141845703125,649.234130859375,548.5499877929688,240.50042724609375,182.7978515625,307.3161315917969,122.18952941894531,67.13412475585938,413.99127197265625,921.3259887695312,464.0750732421875,230.7615509033203,164.46568298339844,550.6093139648438,300.1232604980469,54.57503128051758,634.30029296875,54.39418029785156,82.46659088134766,163.39630126953125,503.9682312011719,237.26791381835938,80.44575500488281,109.84600067138672,60.765316009521484,175.92599487304688,194.96136474609375,247.91868591308594,213.17999267578125,138.7635040283203,22.99715805053711,142.61563110351562,187.89999389648438,144.55905151367188,177.0118865966797,641.6519165039062,81.28186798095703,92.76748657226562,333.3836364746094,35.86288070678711,409.1099853515625,89.21881103515625,467.19439697265625,354.8710632324219,23.706531524658203,142.41587829589844,566.0858764648438,462.07000732421875,161.68772888183594,321.2051696777344,213.8810577392578,337.9687805175781,37.79081344604492,85.5829086303711,198.1178436279297,100.86370086669922,111.19341278076172,118.63111877441406
2025-11-06,269.0089416503906,213.98077392578125,122.67024230957031,236.46722412109375,327.3500061035156,246.81192016601562,232.4937744140625,237.6999969482422,308.8663024902344,172.977783203125,243.0399932861328,137.36505126953125,196.5,52.44399642944336,194.6532745361328,1052.43701171875,45.10587692260742,99.05000305175781,140.48046875,99.85469818115234,566.3192749023438,281.3390808105469,324.45001220703125,252.09007263183594,24.671613693237305,83.59585571289062,358.2088317871094,919.5216674804688,70.01911926269531,76.86341857910156,148.42604064941406,471.1385192871094,209.4966278076172,108.91291809082031,102.4468765258789,375.19000244140625,304.09869384765625,121.1021499633789,284.1939697265625,776.1713256835938,361.55108642578125,202.12098693847656,306.6882019042969,647.5598754882812,547.780029296875,239.7545623779297,183.7511444091797,309.0317687988281,120.12831115722656,67.6730728149414,411.11077880859375,932.899658203125,459.9359130859375,227.80747985839844,161.61581420898438,550.5794677734375,292.9950256347656,54.74065017700195,617.3344116210938,54.49885940551758,83.82492065429688,161.6553192138672,493.9715576171875,238.09710693359375,80.30864715576172,109.7020034790039,60.550079345703125,171.75399780273438,187.84043884277344,241.47088623046875,211.3699951171875,137.52020263671875,23.22142791748047,142.9482421875,175.0500030517578,146.02023315429688,170.59011840820312,644.3214111328125,80.63459777832031,93.28241729736328,331.2886657714844,35.67646026611328,396.1400146484375,88.72103881835938,460.5215759277344,351.0412292480469,23.880277633666992,142.48526000976562,564.4303588867188,445.9100036621094,159.52291870117188,315.1484375,214.4812469482422,334.90753173828125,37.91459274291992,84.68722534179688,197.2089385986328,101.07243347167969,111.99547576904297,117.71546936035156
2025-11-07,267.7126159667969,214.0980224609375,124.05451965332031,240.79798889160156,326.95001220703125,248.5723419189453,229.0491485595703,233.5399932861328,313.3780822753906,172.84181213378906,244.41000366210938,138.3397674560547,194.61000061035156,52.35542678833008,196.28033447265625,1064.994140625,45.16391372680664,100.0199966430664,142.9388427734375,99.79529571533203,559.6798095703125,285.8118591308594,325.04998779296875,260.1528625488281,24.707746505737305,84.73766326904297,358.666259765625,918.685302734375,70.04869079589844,77.18587493896484,150.4446563720703,463.61627197265625,208.77069091796875,109.15934753417969,102.84690856933594,371.5812683105469,306.0909729003906,116.62705993652344,278.28546142578125,774.94921875,363.5495300292969,200.22264099121094,300.759033203125,642.8143920898438,560.0,240.9224395751953,183.35804748535156,309.8106689453125,118.83082580566406,69.1331558227539,416.2481689453125,919.8930053710938,449.5683898925781,229.5897674560547,158.78587341308594,549.2758178710938,294.2223205566406,55.70511245727539,620.0972900390625,55.222084045410156,84.31351470947266,160.60678100585938,493.6933288574219,237.68748474121094,82.1988296508789,110.36599731445312,59.76739501953125,172.37399291992188,187.9103240966797,236.97422790527344,212.2899932861328,138.85093688964844,23.230937957763672,143.77972412109375,177.92999267578125,149.41989135742188,168.31492614746094,654.939453125,83.92000579833984,94.31228637695312,337.7424621582031,35.97081756591797,393.42999267578125,89.24810028076172,466.5553283691406,353.2438659667969,23.96714973449707,143.31776428222656,570.8427124023438,429.5199890136719,158.7024688720703,317.74560546875,217.91506958007812,333.9732666015625,38.11454772949219,85.13247680664062,199.48118591308594,101.97699737548828,114.6559829711914,118.38497924804688
2025-11-10,268.9303283691406,213.65843200683594,123.59310913085938,239.6124267578125,328.8500061035156,248.4745330810547,234.0369110107422,243.97999572753906,316.7643737792969,174.56100463867188,248.39999389648438,143.07411193847656,194.80999755859375,52.57193374633789,197.01141357421875,1065.4173583984375,45.71527862548828,100.91000366210938,141.33258056640625,100.4883804321289,567.3827514648438,286.5076599121094,328.94000244140625,253.84030151367188,24.499967575073242,86.10392761230469,362.593994140625,911.5368041992188,71.05402374267578,75.76898956298828,151.05606079101562,470.1573791503906,209.9938507080078,110.637939453125,103.97870635986328,377.3473205566406,310.7430725097656,115.94992065429688,289.5334777832031,785.6519775390625,362.88336181640625,202.28604125976562,305.1317138671875,647.1932983398438,576.2000122070312,239.7251434326172,185.1663818359375,312.4531555175781,121.27840423583984,69.103759765625,416.4065246582031,961.958251953125,443.4381408691406,229.4617462158203,165.781005859375,550.2610473632812,293.6725158691406,54.79909896850586,630.1211547851562,54.76531219482422,84.7728042602539,163.26773071289062,502.8155212402344,253.05245971679688,83.0215072631836,112.00700378417969,59.48367691040039,173.25999450683594,198.7964630126953,238.52926635742188,216.5399932861328,138.53038024902344,23.192901611328125,142.33193969726562,193.61000061035156,151.05642700195312,168.98468017578125,652.160400390625,82.96870422363281,94.64897155761719,340.1154479980469,36.21611785888672,400.7699890136719,88.58439636230469,464.1305236816406,352.24176025390625,23.96714973449707,145.40890502929688,574.77197265625,445.2300109863281,158.73211669921875,315.1679992675781,220.2764434814453,332.8103942871094,37.94315719604492,85.19184875488281,198.0487060546875,101.80801391601562,115.63410186767578,117.94192504882812
2025-11-11,274.73956298828125,219.9691925048828,124.68284606933594,237.66259765625,333.2200012207031,249.5894775390625,227.6553497314453,237.52000427246094,331.2392578125,179.48548889160156,249.10000610351562,142.69615173339844,195.2100067138672,52.77859878540039,200.67677307128906,1068.49755859375,47.1275634765625,102.5,141.9985809326172,99.76559448242188,564.48046875,290.6524658203125,318.510009765625,263.515625,24.798086166381836,88.50464630126953,363.0215759277344,909.8443603515625,70.67948150634766,78.0457763671875,151.62864685058594,473.68560791015625,214.58811950683594,113.210693359375,106.68135070800781,365.7555847167969,309.52777099609375,120.27778625488281,290.7411193847656,798.572021484375,366.6157531738281,206.76364135742188,309.662353515625,648.2335815429688,572.1699829101562,240.7948455810547,190.49305725097656,311.2009582519531,118.58487701416016,70.17186737060547,422.3258972167969,983.831787109375,448.3128967285156,231.7363739013672,158.61643981933594,555.624755859375,301.26220703125,55.64665603637695,625.4533081054688,55.58369827270508,88.8770751953125,164.70205688476562,505.4786682128906,240.87437438964844,83.99109649658203,113.64399719238281,61.782806396484375,172.13400268554688,192.91395568847656,233.89395141601562,218.27000427246094,140.91986083984375,24.257930755615234,145.30575561523438,190.9600067138672,152.7416534423828,171.35836791992188,671.8923950195312,84.75360107421875,95.18372344970703,342.6274719238281,36.902957916259766,395.6000061035156,88.95528411865234,467.7865295410156,360.8538818359375,24.30498504638672,144.85391235351562,584.8841552734375,439.6199951171875,157.89190673828125,320.9210205078125,221.181640625,336.8555908203125,38.75248718261719,85.28089904785156,200.81488037109375,102.82192993164062,117.15998840332031,118.26683807373047
2025-11-12,272.962890625,227.84303283691406,126.46965026855469,241.5524444580078,337.04998779296875,248.95376586914062,229.70620727539062,258.8900146484375,329.115478515625,178.08680725097656,244.1999969482422,141.1544952392578,195.5,53.2509765625,205.64059448242188,1076.5377197265625,47.475799560546875,104.12999725341797,141.39134216308594,101.85477447509766,569.5396118164062,293.1472473144531,315.5400085449219,266.08197021484375,25.19557762145996,86.9236831665039,361.3709411621094,909.9837036132812,72.89715576171875,78.42687225341797,148.79483032226562,476.4903564453125,218.17799377441406,114.98499298095703,106.09593963623047,367.2368469238281,307.83428955078125,121.1021499633789,286.15008544921875,826.8168334960938,363.56915283203125,207.9810333251953,310.90606689453125,653.1671752929688,572.4500122070312,240.86355590820312,191.04339599609375,315.92388916015625,119.38846588134766,70.07388305664062,424.6125183105469,1012.8505859375,448.28350830078125,231.10618591308594,160.84852600097656,558.4906616210938,301.3702087402344,55.53949737548828,607.43017578125,55.24111557006836,89.36567687988281,168.0851287841797,507.9232177734375,244.66067504882812,84.118408203125,115.75,62.810062408447266,172.80799865722656,193.5531463623047,224.8214569091797,210.0399932861328,140.2496337890625,24.600261688232422,144.78729248046875,184.1699981689453,151.5337371826172,174.0078582763672,679.0340576171875,85.5774154663086,96.75823211669922,342.2700500488281,35.391910552978516,398.80999755859375,89.68730926513672,466.0102233886719,364.4653625488281,24.758651733398438,146.31077575683594,586.4100341796875,430.6000061035156,161.21324157714844,332.29949951171875,219.95175170898438,337.4830017089844,38.84770202636719,85.35015869140625,201.33848571777344,102.82192993164062,115.53629302978516,119.37940216064453
2025-11-13,272.4438171386719,226.92474365234375,126.901611328125,242.5714569091797,333.6000061035156,249.01246643066406,222.23948669433594,247.9600067138672,328.8414611816406,175.9305419921875,237.5800018310547,134.52049255371094,194.5800018310547,52.03066635131836,201.66851806640625,1052.6436767578125,47.04050827026367,104.9800033569336,136.66065979003906,99.67647552490234,550.187744140625,294.4294738769531,315.989990234375,266.3573303222656,25.267847061157227,87.26524353027344,363.3894958496094,921.0150756835938,76.26800537109375,77.43016052246094,150.9881134033203,469.18609619140625,219.96798706054688,106.07403564453125,106.58377838134766,351.99664306640625,303.0028991699219,122.86862182617188,278.0260009765625,793.8317260742188,360.57147216796875,206.20651245117188,300.91693115234375,644.0626831054688,565.510009765625,240.7261505126953,191.88861083984375,305.1469421386719,115.67925262451172,69.64270782470703,424.2957763671875,1017.9158935546875,447.1163024902344,227.92564392089844,152.7772216796875,552.8583374023438,301.99859619140625,55.50053024291992,608.3079223632812,55.01272964477539,90.81195068359375,163.82167053222656,500.1225891113281,236.71844482421875,82.25759887695312,115.4229965209961,64.60044860839844,169.93800354003906,186.62197875976562,215.49148559570312,204.77000427246094,140.861572265625,24.524188995361328,144.73838806152344,172.13999938964844,151.1343536376953,171.87054443359375,692.2518310546875,84.77323150634766,94.43112182617188,336.43182373046875,35.62739562988281,393.92999267578125,88.98457336425781,472.7018737792969,370.4977722167969,24.855178833007812,145.5106658935547,578.5416259765625,401.989990234375,160.36312866210938,325.889892578125,217.91506958007812,334.69451904296875,39.14286804199219,83.80661010742188,202.03988647460938,101.92729949951172,116.19163513183594,119.2907943725586
2025-11-14,271.90484619140625,226.99314880371094,128.2073516845703,240.25909423828125,331.1099853515625,247.52584838867188,225.00714111328125,246.80999755859375,329.5657043457031,178.31991577148438,234.69000244140625,133.0186309814453,194.52000427246094,51.7747917175293,200.57186889648438,1041.119873046875,45.125221252441406,102.69000244140625,138.53138732910156,99.31013488769531,550.6649780273438,293.703857421875,314.92999267578125,265.1478576660156,24.8522891998291,89.16826629638672,360.49114990234375,918.9242553710938,76.87909698486328,76.03282928466797,152.96791076660156,471.98095703125,219.97793579101562,104.28987121582031,107.715576171875,350.32647705078125,303.6504211425781,122.69197845458984,275.8702392578125,779.4530029296875,354.977783203125,206.5801544189453,301.7362365722656,656.2482299804688,549.510009765625,239.4307098388672,192.55690002441406,299.3591003417969,112.95088195800781,69.73091125488281,419.0989685058594,1021.8126831054688,456.84625244140625,224.361083984375,147.73512268066406,543.0663452148438,301.4586181640625,55.393367767333984,607.8790283203125,55.37434005737305,90.80217742919922,162.090576171875,506.96923828125,246.5887908935547,82.14986419677734,111.21700286865234,62.78071212768555,170.08599853515625,189.92774963378906,220.72103881835938,205.25,141.66778564453125,23.830015182495117,144.45469665527344,174.00999450683594,151.4071044921875,171.35836791992188,690.7677001953125,83.74591064453125,93.73596954345703,330.5899353027344,36.24555206298828,389.8299865722656,88.51607513427734,464.1869201660156,359.3854064941406,24.70073890686035,145.19261169433594,577.1255493164062,404.3500061035156,157.49652099609375,315.44244384765625,219.43028259277344,328.6595153808594,39.09526062011719,84.15292358398438,206.64361572265625,101.86766052246094,117.70126342773438,118.9560317993164
2025-11-17,266.9639892578125,228.5952606201172,127.65756225585938,236.4574432373047,325.07000732421875,245.38400268554688,227.6951904296875,240.52000427246094,334.4297790527344,175.28948974609375,232.8699951171875,131.61624145507812,191.80999755859375,50.6627311706543,190.87705993652344,1007.522705078125,45.279991149902344,101.76000213623047,135.573486328125,97.22096252441406,548.6968994140625,293.7933349609375,311.2900085449219,266.7898864746094,24.59030532836914,87.38548278808594,363.5389099121094,908.5800170898438,76.66226196289062,76.61913299560547,150.2505645751953,471.7331848144531,219.2122344970703,104.18143463134766,106.81794738769531,340.742919921875,298.9783935546875,121.779296875,284.46337890625,764.325439453125,350.7359924316406,203.5080108642578,293.326416015625,639.9711303710938,546.7100219726562,236.91835021972656,196.14405822753906,296.1644592285156,113.07855224609375,69.26054382324219,413.6150817871094,1018.2448120117188,461.76025390625,221.55471801757812,146.93795776367188,534.2296142578125,299.3672180175781,54.13663864135742,600.4483032226562,55.31724548339844,90.74354553222656,157.7281951904297,504.296142578125,241.71356201171875,83.98129272460938,110.29000091552734,61.538211822509766,167.1580047607422,186.36231994628906,217.75958251953125,202.89999389648438,143.5909881591797,23.849035263061523,142.64498901367188,171.25,148.80621337890625,164.23731994628906,701.5350952148438,82.66920471191406,91.27315521240234,325.2456359863281,35.126983642578125,390.239990234375,89.13602447509766,459.53472900390625,357.3117980957031,24.58490753173828,144.29806518554688,565.6071166992188,408.9200134277344,153.20645141601562,314.129150390625,217.44281005859375,324.4071350097656,39.04764938354492,82.54011535644531,205.45811462402344,102.33484649658203,116.11270141601562,116.96720123291016
2025-11-18,266.94403076171875,228.46826171875,127.62811279296875,235.154296875,324.4700012207031,244.20062255859375,224.12110900878906,230.2899932861328,336.6612243652344,176.33847045898438,222.5500030517578,131.72564697265625,189.6300048828125,50.820194244384766,190.0426788330078,1002.9368286132812,45.52182388305664,99.22000122070312,133.72235107421875,97.34967803955078,543.558349609375,294.7773742675781,303.2099914550781,268.04852294921875,24.716779708862305,88.33103942871094,360.1923522949219,891.1468505859375,76.2581558227539,76.15986633300781,150.75103759765625,469.6221923828125,224.25396728515625,104.76300811767578,106.90575408935547,336.3090515136719,294.8742370605469,124.81175994873047,283.724853515625,765.0546875,329.62506103515625,198.70262145996094,286.1997985839844,643.6861572265625,546.77001953125,237.4286651611328,196.55682373046875,295.2179260253906,112.02027893066406,69.7896957397461,410.5168151855469,1026.5665283203125,465.6247863769531,216.2078857421875,142.73289489746094,525.0049438476562,299.0628662109375,54.341224670410156,596.1395874023438,56.08805465698242,94.232177734375,158.10409545898438,490.6824035644531,228.27670288085938,82.89419555664062,114.08999633789062,61.137088775634766,163.593994140625,181.1289825439453,218.38357543945312,201.0,144.50404357910156,24.200876235961914,143.7895050048828,167.3300018310547,151.8162384033203,162.57276916503906,722.4822998046875,82.31359100341797,91.64059448242188,322.2799072265625,35.36247253417969,383.82000732421875,89.24427795410156,460.78472900390625,356.70654296875,24.710391998291016,144.69564819335938,574.452880859375,401.25,155.50965881347656,307.3275451660156,217.2657012939453,319.85595703125,39.49515914916992,82.97547149658203,208.74789428710938,100.78417205810547,117.44471740722656,116.3173828125
2025-11-19,268.0619812011719,227.5304412841797,123.84835815429688,236.2124786376953,318.1099853515625,244.90478515625,234.08670043945312,223.5500030517578,335.1050720214844,175.31863403320312,222.69000244140625,135.92288208007812,185.6999969482422,51.194156646728516,186.37771606445312,998.5476684570312,44.293331146240234,97.01000213623047,135.79876708984375,98.84477233886719,549.75048828125,292.1831359863281,306.760009765625,267.4388732910156,24.274118423461914,86.6566162109375,359.2860107421875,886.6864624023438,77.26349639892578,74.8016128540039,148.8668975830078,470.5339660644531,221.17124938964844,103.17599487304688,104.4860610961914,343.62591552734375,299.665771484375,125.68519592285156,292.2381896972656,774.6043090820312,327.68536376953125,197.78929138183594,284.79815673828125,644.5679931640625,564.6400146484375,236.58468627929688,199.02362060546875,299.02386474609375,116.44587707519531,69.6819076538086,409.0122375488281,1046.0504150390625,460.90692138671875,224.91250610351562,148.27320861816406,527.7713012695312,297.2464294433594,54.63348388671875,588.7886962890625,55.77402114868164,92.88362884521484,160.5375213623047,484.0543518066406,225.69921875,82.53182220458984,110.0,61.283843994140625,163.2899932861328,186.28240966796875,223.3754119873047,199.89999389648438,142.8916473388672,23.658851623535156,143.7895050048828,165.4199981689453,151.5824432373047,163.60696411132812,699.9812622070312,82.6593246459961,91.99810028076172,328.2014465332031,35.185855865478516,386.29998779296875,87.63041687011719,461.27337646484375,361.3797302246094,24.39185905456543,144.9242401123047,572.2189331054688,403.989990234375,155.28228759765625,302.9270935058594,217.6100616455078,322.7838439941406,39.21903991699219,83.27230834960938,213.0552215576172,100.00882720947266,115.78709411621094,115.27373504638672
2025-11-20,265.7562561035156,224.1503448486328,121.70813751220703,235.92832946777344,312.3999938964844,243.58445739746094,219.6825714111328,206.02000427246094,328.90997314453125,173.9782257080078,217.13999938964844,129.65687561035156,179.3800048828125,50.19034957885742,182.09970092773438,976.7400512695312,44.43842697143555,96.5999984741211,135.573486328125,96.6664810180664,542.8129272460938,294.5289001464844,302.1400146484375,265.0888671875,24.05730628967285,86.15428161621094,360.6206359863281,889.3646850585938,74.35588836669922,74.30325317382812,147.50283813476562,472.0800476074219,220.94253540039062,101.2341079711914,103.4908676147461,326.2681884765625,289.5048828125,122.66254425048828,288.884765625,762.4923706054688,325.60858154296875,195.26722717285156,286.6439514160156,631.5105590820312,552.22998046875,236.61412048339844,199.573974609375,294.2023620605469,109.96158599853516,69.77989196777344,404.3697509765625,1039.76171875,459.2885437011719,224.93218994140625,139.0958251953125,525.303466796875,298.64068603515625,54.31199645996094,587.6217041015625,55.36482620239258,92.80545806884766,156.98629760742188,476.3088684082031,201.17320251464844,82.56120300292969,105.66999816894531,60.100040435791016,160.0919952392578,180.40989685058594,208.6772003173828,185.07000732421875,141.9105987548828,23.202411651611328,144.96337890625,155.7449951171875,151.62139892578125,157.18521118164062,735.0167236328125,81.61225891113281,89.86299896240234,326.4399108886719,34.52845001220703,385.6000061035156,87.15807342529297,461.3768005371094,357.6590270996094,24.63317108154297,147.17051696777344,571.1718139648438,395.2300109863281,151.5655517578125,305.3282165527344,217.6494140625,322.4352722167969,38.80961227416992,81.53087615966797,214.18145751953125,106.4699935913086,115.46148681640625,114.10209655761719
2025-11-21,270.98651123046875,230.8225860595703,125.77259826660156,246.76502990722656,324.19000244140625,247.55520629882812,223.4531707763672,203.77999877929688,332.7048034667969,174.4055938720703,220.69000244140625,130.89016723632812,179.6999969482422,50.741458892822266,189.44627380371094,998.5870361328125,44.7382926940918,96.87999725341797,139.73609924316406,97.72592163085938,547.0867309570312,296.4869689941406,300.5799865722656,273.4367980957031,24.707746505737305,86.0557861328125,364.21612548828125,895.0596313476562,75.00640869140625,76.247802734375,147.17901611328125,482.8927001953125,226.12350463867188,102.79155731201172,104.36898040771484,329.7675476074219,286.33709716796875,124.28182220458984,299.0747985839844,762.8175659179688,336.32568359375,197.21844482421875,293.5929260253906,656.9813842773438,561.6099853515625,243.16001892089844,200.38967895507812,293.84735107421875,109.4299545288086,71.48495483398438,408.556884765625,1056.1162109375,451.95184326171875,230.7024688720703,142.14498901367188,537.7623901367188,303.7364807128906,55.529754638671875,592.70849609375,55.37434005737305,95.53186798095703,156.46200561523438,470.0268249511719,207.16734313964844,82.3117446899414,104.30999755859375,61.44037628173828,162.68600463867188,178.6521453857422,196.86114501953125,182.89999389648438,142.13400268554688,23.81100082397461,147.63394165039062,154.85000610351562,151.22203063964844,160.83932495117188,753.8659057617188,84.3089599609375,89.88285827636719,335.44659423828125,35.5096549987793,388.3599853515625,87.84690856933594,463.90496826171875,365.3880310058594,25.0289249420166,150.51010131835938,585.8714599609375,391.0899963378906,157.56568908691406,313.5901184082031,222.57876586914062,326.6279602050781,39.25712203979492,82.23338317871094,214.00363159179688,104.69068145751953,115.52069091796875,120.1769027709961
2025-11-24,275.4083557128906,224.2089385986328,124.869384765625,238.70120239257812,318.7300109863281,244.6016082763672,230.33602905273438,215.0500030517578,329.51123046875,174.4153289794922,226.27999877929688,137.1363067626953,179.1199951171875,51.1055908203125,193.71240234375,1003.2811889648438,46.198936462402344,98.04000091552734,138.5117950439453,98.7061538696289,556.2010498046875,294.0219421386719,304.4700012207031,266.9275817871094,23.903728485107422,86.24292755126953,370.72998046875,882.2261962890625,75.1443862915039,76.12077331542969,146.95330810546875,482.8827819824219,225.7157745361328,100.4849624633789,103.99821472167969,328.49505615234375,292.9217224121094,122.93733215332031,317.9578552246094,779.2559814453125,329.7229919433594,195.8069305419922,300.1865234375,647.1536254882812,568.47998046875,238.01751708984375,202.50267028808594,293.8276672363281,113.38077545166016,71.1321792602539,403.5382995605469,1066.5408935546875,442.4180908203125,225.2571258544922,149.8476104736328,535.2247314453125,299.3672180175781,54.74065017700195,611.459716796875,54.55595397949219,98.11170196533203,161.0717010498047,471.8985290527344,223.71116638183594,83.05125427246094,106.97000122070312,60.589210510253906,163.16799926757812,182.31747436523438,198.36663818359375,183.88999938964844,141.3278045654297,23.98216438293457,143.77972412109375,162.25,147.15020751953125,162.57276916503906,759.4009399414062,82.32347106933594,89.89278411865234,336.382080078125,35.03867721557617,404.6300048828125,87.71897888183594,459.8072814941406,367.3228454589844,24.72969627380371,147.95571899414062,584.4653930664062,417.7799987792969,159.404296875,312.6884765625,220.88645935058594,327.9424743652344,38.28593063354492,83.76703643798828,209.2813720703125,103.43821716308594,114.42547607421875,120.97441864013672
2025-11-25,276.45635986328125,226.44606018066406,125.71369934082031,244.1979217529297,319.54998779296875,250.67507934570312,241.85731506347656,206.1300048828125,336.2236633300781,174.599853515625,229.6699981689453,137.06666564941406,182.44000244140625,51.6468505859375,194.93896484375,1013.3978271484375,47.44677734375,101.36000061035156,140.48046875,100.17154693603516,563.1685180664062,295.9700927734375,303.6600036621094,273.54498291015625,24.102474212646484,85.31707000732422,373.2498779296875,890.400146484375,75.22323608398438,76.67774963378906,145.75608825683594,493.685546875,229.4846954345703,101.83539581298828,102.90544891357422,334.6786193847656,292.3140869140625,124.75287628173828,322.8083801269531,790.69775390625,343.91778564453125,198.25633239746094,300.5418701171875,642.0416259765625,578.8699951171875,243.72921752929688,204.401611328125,298.7576599121094,114.29441833496094,71.15177917480469,403.7164611816406,1106.186279296875,443.7422180175781,234.45413208007812,151.39212036132812,543.8026733398438,304.8165283203125,55.071876525878906,634.5695190429688,55.517086029052734,103.25181579589844,163.64361572265625,474.8752136230469,224.31057739257812,83.64285278320312,104.4000015258789,62.30132293701172,165.06199645996094,177.59349060058594,195.14767456054688,186.27000427246094,141.92031860351562,24.457622528076172,145.2568359375,163.5500030517578,153.3358612060547,160.83932495117188,785.2012939453125,84.86212921142578,90.11126708984375,341.00982666015625,35.22510528564453,401.6099853515625,87.86659240722656,465.3726501464844,372.144775390625,24.96135902404785,151.4642791748047,596.1433715820312,419.3999938964844,159.90843200683594,319.7743225097656,225.4419403076172,333.15093994140625,38.64774703979492,84.202392578125,213.6183319091797,106.36064910888672,112.98491668701172,125.91696166992188
2025-11-26,277.0353088378906,222.4016876220703,126.19474792480469,242.84579467773438,317.5199890136719,248.73861694335938,249.34864807128906,214.24000549316406,339.6341247558594,176.03736877441406,229.16000366210938,137.97177124023438,186.9199981689453,52.14876174926758,195.161865234375,1023.5242309570312,47.64023971557617,100.95999908447266,141.9398193359375,101.48841857910156,570.2452392578125,296.09930419921875,306.3500061035156,273.6924743652344,24.00309944152832,85.77999877929688,367.05474853515625,904.2689208984375,74.9768295288086,78.0360107421875,146.71778869628906,465.67767333984375,227.18756103515625,101.95369720458984,103.6176986694336,339.68914794921875,295.4818420410156,125.13562774658203,319.3252258300781,804.189453125,348.2281799316406,197.18731689453125,299.28826904296875,623.27783203125,574.22998046875,244.35731506347656,205.28182983398438,303.33270263671875,115.60902404785156,71.41636657714844,403.7659606933594,1100.605224609375,445.45867919921875,237.91036987304688,154.59075927734375,542.2702026367188,306.73114013671875,55.734336853027344,631.96630859375,55.85014724731445,102.24527740478516,166.12652587890625,483.3475036621094,230.03497314453125,84.3429183959961,106.13999938964844,62.937255859375,160.54400634765625,180.03038024902344,203.00193786621094,185.35000610351562,143.7366943359375,24.44811248779297,145.02206420898438,165.77000427246094,152.43966674804688,162.65158081054688,782.49853515625,85.64248657226562,91.16392517089844,341.74627685546875,34.9896125793457,409.67999267578125,88.80144500732422,466.7098388671875,369.37664794921875,24.922746658325195,152.1997833251953,591.6256713867188,426.5799865722656,163.44723510742188,323.13592529296875,226.9473114013672,332.41400146484375,38.92387390136719,84.65753936767578,214.72483825683594,108.4480972290039,113.241455078125,125.72004699707031
2025-11-28,278.3328857421875,222.44076538085938,126.54817962646484,244.952392578125,320.1300048828125,249.68728637695312,251.62298583984375,217.52999877929688,340.5113525390625,176.0665283203125,233.22000122070312,140.13999938964844,189.0,52.798282623291016,195.27468872070312,1030.649169921875,47.59187316894531,101.58000183105469,143.4089813232422,102.57756042480469,572.262939453125,294.38970947265625,311.8399963378906,272.6403503417969,24.111507415771484,87.3559341430664,367.453125,909.5755615234375,75.83433532714844,78.52458953857422,148.3075408935547,460.3456726074219,225.5169219970703,102.97884368896484,105.22757720947266,343.86456298828125,297.30487060546875,123.49671173095703,319.55474853515625,814.0741577148438,349.64862060546875,199.4706573486328,304.5888366699219,628.1817626953125,573.47998046875,244.6419219970703,204.64886474609375,308.6965026855469,117.24480438232422,71.65155029296875,406.16143798828125,1071.8328857421875,449.0877990722656,238.76705932617188,155.44773864746094,547.8429565429688,306.1616516113281,56.08504867553711,646.2691650390625,56.1546630859375,102.44072723388672,167.82794189453125,489.82867431640625,236.24891662597656,85.0824203491211,107.58000183105469,63.23075866699219,162.48199462890625,176.7745361328125,200.02069091796875,190.1300048828125,144.4748992919922,24.476642608642578,144.9340362548828,168.4499969482422,153.404052734375,165.55712890625,778.0904541015625,86.0474853515625,92.08747863769531,342.04486083984375,35.5587158203125,418.010009765625,89.66742706298828,469.7420654296875,368.2752990722656,25.11579704284668,150.99713134765625,589.2123413085938,430.1700134277344,166.33363342285156,323.1947326660156,228.09848022460938,333.0613098144531,39.14286804199219,84.9444808959961,215.23854064941406,109.84968566894531,114.37613677978516,126.20248413085938
2025-12-01,282.57501220703125,219.91058349609375,125.67442321777344,252.23236083984375,322.8500061035156,250.2154083251953,254.1167755126953,219.75999450683594,332.6555480957031,171.21005249023438,233.8800048828125,138.4690704345703,186.4600067138672,52.39479064941406,194.36561584472656,1023.406005859375,47.57252502441406,101.01000213623047,143.34042358398438,101.66664123535156,564.6096801757812,292.1036071777344,309.6199951171875,268.992431640625,24.012136459350586,88.9023208618164,358.67840576171875,907.9527587890625,74.947265625,77.2933578491211,149.69119262695312,463.9333801269531,222.89161682128906,105.24601745605469,107.04235076904297,337.720703125,287.3432312011719,122.01483154296875,314.27508544921875,799.1140747070312,350.0502624511719,197.42604064941406,301.7164611816406,625.7446899414062,567.3699951171875,242.88522338867188,203.08619689941406,304.59478759765625,115.42051696777344,71.00025177001953,403.013671875,1054.3123779296875,434.0460510253906,242.6171875,154.2419891357422,541.3148803710938,299.8499755859375,54.94523239135742,639.2074584960938,56.27837371826172,99.50910186767578,166.65078735351562,484.5820007324219,240.2250213623047,83.46537017822266,109.12999725341797,64.38272857666016,164.41400146484375,179.69081115722656,199.0203399658203,187.72999572753906,145.2228240966797,24.029708862304688,144.22972106933594,167.49000549316406,152.10845947265625,165.50787353515625,748.0913696289062,83.87432861328125,92.04776000976562,339.8553466796875,35.91194534301758,438.2900085449219,87.59105682373047,466.38970947265625,369.4063720703125,24.893789291381836,150.21192932128906,583.5479125976562,430.1400146484375,166.2248992919922,316.7655334472656,227.63604736328125,329.02801513671875,38.79057312011719,84.49923706054688,213.32196044921875,110.86357879638672,115.0766830444336,125.2868423461914
2025-12-02,285.6592712402344,219.18768310546875,124.01525115966797,255.7498779296875,322.80999755859375,251.52593994140625,264.6704406738281,215.24000549316406,333.5130310058594,170.7632598876953,234.4199981689453,140.72683715820312,205.3800048828125,52.3455810546875,204.03102111816406,1022.1070556640625,46.67292404174805,99.0199966430664,143.72239685058594,102.1716079711914,578.93212890625,292.7198791503906,317.94000244140625,269.5135803222656,24.40962791442871,87.94690704345703,349.2662658691406,917.9784545898438,75.76534271240234,75.84716796875,147.4439697265625,464.964111328125,225.3279571533203,103.33370971679688,106.40814971923828,331.15936279296875,288.2098693847656,121.60265350341797,315.1932678222656,807.3839111328125,346.8175048828125,200.46702575683594,297.8768005371094,629.7174072265625,567.719970703125,243.7586669921875,203.1653289794922,303.5693054199219,118.68011474609375,69.73715209960938,404.6469421386719,1042.582275390625,436.6452331542969,239.4464874267578,157.62997436523438,543.2454223632812,297.034912109375,54.545806884765625,645.4213256835938,55.97385787963867,98.72733306884766,167.2640838623047,487.82757568359375,239.25596618652344,83.39635467529297,109.3499984741211,63.9298210144043,164.87600708007812,181.22886657714844,199.17881774902344,189.8800048828125,144.3486328125,23.915599822998047,142.68411254882812,170.69000244140625,150.61805725097656,168.12779235839844,740.0032958984375,84.16078186035156,91.43204498291016,335.87451171875,35.67646026611328,449.3500061035156,87.6205825805664,462.5664367675781,363.8105163574219,24.63317108154297,149.10867309570312,578.781005859375,429.239990234375,173.24319458007812,318.0690002441406,228.5018768310547,328.26116943359375,38.66679382324219,85.4095230102539,211.94874572753906,111.73832702636719,113.84333038330078,122.52018737792969
2025-12-03,283.623046875,224.92210388183594,123.0040512084961,267.3410339355469,326.7799987792969,254.49908447265625,267.9622497558594,217.60000610351562,340.471923828125,171.12261962890625,232.3800048828125,137.9021453857422,202.5399932861328,53.23129653930664,200.5400848388672,1062.7012939453125,49.29434585571289,98.56999969482422,148.4040985107422,105.66677856445312,587.8973388671875,293.26654052734375,336.1099853515625,265.79681396484375,24.78001594543457,90.42900085449219,333.96771240234375,918.2074584960938,76.63268280029297,73.2870101928711,148.75894165039062,477.5210876464844,227.18756103515625,104.230712890625,108.79859161376953,333.60498046875,287.383056640625,122.67234802246094,319.0058288574219,828.538818359375,350.6184387207031,200.7991485595703,298.7059326171875,641.6552734375,569.7100219726562,245.3877716064453,203.07630920410156,307.75982666015625,120.86348724365234,69.87529754638672,406.4948425292969,1030.064697265625,441.5669250488281,243.15878295898438,159.44650268554688,551.0272216796875,303.9392395019531,54.584774017333984,637.9407958984375,55.58369827270508,99.93907165527344,171.84410095214844,475.6119689941406,233.93118286132812,83.76116943359375,103.95999908447266,64.63873291015625,166.5800018310547,179.36123657226562,205.74545288085938,193.6300048828125,143.81439208984375,24.314985275268555,143.51560974121094,176.0800018310547,147.7834014892578,172.4319610595703,721.7225341796875,86.0474853515625,93.33873748779297,337.6161193847656,37.135162353515625,466.44000244140625,86.57747650146484,470.7308654785156,363.08624267578125,24.440120697021484,149.1484375,578.8607788085938,446.739990234375,180.4987335205078,332.9365539550781,231.44374084472656,328.2511901855469,38.72392272949219,88.40756225585938,213.53929138183594,113.72637939453125,116.2311019897461,120.67903900146484
2025-12-04,280.179443359375,223.4274444580078,123.1120376586914,263.9018859863281,328.7300109863281,253.6971435546875,268.7702331542969,215.97999572753906,335.28729248046875,173.69656372070312,229.11000061035156,138.70777893066406,201.8699951171875,53.30018615722656,199.74502563476562,1058.4793701171875,50.25198745727539,97.72000122070312,148.27676391601562,106.7262191772461,595.5108642578125,292.8590393066406,337.29998779296875,265.41119384765625,24.57223892211914,91.71929931640625,336.2784423828125,891.9234619140625,76.64253997802734,74.9970474243164,149.4164276123047,478.7202453613281,225.86495971679688,103.9645767211914,109.43278503417969,336.9452819824219,290.7401428222656,120.33667755126953,316.999755859375,829.7868041992188,346.2408142089844,199.5121612548828,304.0064392089844,656.9120483398438,568.6300048828125,244.74005126953125,200.25759887695312,311.6742248535156,120.4974365234375,69.52005004882812,401.11004638671875,1011.0591430664062,443.0987548828125,242.4005584716797,156.79156494140625,539.6630249023438,304.7590637207031,54.3607063293457,659.81396484375,55.517086029052734,98.59052276611328,173.00146484375,478.7081604003906,226.4285125732422,82.2229995727539,103.22000122070312,64.67810821533203,167.7740020751953,183.1566162109375,212.2824249267578,195.67999267578125,142.6973876953125,24.4386043548584,142.19500732421875,177.9199981689453,144.73439025878906,172.60025024414062,720.8549194335938,83.96322631835938,94.37153625488281,333.7646789550781,37.6988639831543,463.739990234375,85.93783569335938,468.0093688964844,361.4987487792969,24.507688522338867,149.38697814941406,573.6650390625,454.5299987792969,178.04727172851562,326.8405456542969,233.4705810546875,325.7515869140625,39.28568649291992,89.25849151611328,211.6029815673828,114.15380096435547,115.57988739013672,118.5523681640625
2025-12-05,278.26300048828125,220.85816955566406,122.79788208007812,261.2074279785156,346.260009765625,255.87811279296875,267.3338317871094,217.97000122070312,325.1643981933594,173.72569274902344,229.52999877929688,138.60830688476562,201.88999938964844,53.36943435668945,206.88836669921875,1060.24951171875,50.44544982910156,97.5199966430664,149.02113342285156,107.80545043945312,599.5064086914062,293.21685791015625,337.5299987792969,262.464599609375,24.671613693237305,92.28073120117188,338.3003234863281,890.7485961914062,76.84953308105469,73.90261840820312,147.19863891601562,470.8709411621094,224.98985290527344,103.79700469970703,109.44253540039062,335.6827392578125,282.85052490234375,118.9627456665039,320.642578125,846.3561401367188,349.6324768066406,198.5780792236328,303.9571228027344,667.3638916015625,575.3400268554688,245.05410766601562,199.713623046875,310.6290588378906,121.1337890625,69.07598876953125,396.9770202636719,1006.893310546875,446.9036865234375,244.66534423828125,158.39849853515625,542.8573608398438,307.4161376953125,53.4936637878418,671.673095703125,55.18402099609375,97.44719696044922,174.60397338867188,481.01788330078125,236.98817443847656,81.96663665771484,100.23999786376953,64.84549713134766,170.8719940185547,182.1877899169922,215.50135803222656,198.83999633789062,142.2393341064453,24.752410888671875,140.32659912109375,181.75999450683594,143.98431396484375,173.0556182861328,716.4268188476562,84.0817642211914,93.169921875,331.5154724121094,38.03510665893555,466.760009765625,84.90457153320312,469.4501953125,361.17132568359375,24.401512145996094,152.348876953125,571.2017822265625,455.0,180.4394073486328,324.3119812011719,232.87680053710938,329.8744812011719,39.69511032104492,88.88250732421875,211.8162078857422,114.42218780517578,114.9878921508789,116.81951904296875
2025-12-08,277.3746643066406,217.96653747558594,119.86243438720703,261.1192626953125,339.1199951171875,253.00274658203125,267.4934387207031,221.11000061035156,316.6284484863281,177.9411163330078,226.88999938964844,139.30453491210938,206.27000427246094,53.319969177246094,206.10609436035156,1050.22216796875,49.981136322021484,93.83999633789062,148.25717163085938,107.84505462646484,592.876953125,295.4333801269531,337.2900085449219,260.5859069824219,24.07537269592285,91.48290252685547,336.46771240234375,883.6201171875,77.72673797607422,74.78206634521484,145.9327392578125,462.1891174316406,223.22972106933594,106.09374237060547,107.93023681640625,341.37921142578125,286.0880432128906,118.93331146240234,313.31219482421875,858.3696899414062,344.99847412109375,199.26307678222656,305.1810607910156,650.1356811523438,566.8900146484375,243.51332092285156,199.4070281982422,310.79669189453125,122.1441879272461,69.32269287109375,386.8531494140625,994.21630859375,459.9293212890625,241.07122802734375,162.4308319091797,537.8021240234375,305.9937744140625,53.3475341796875,665.0702514648438,55.29821014404297,96.6751937866211,174.9205322265625,488.8430480957031,246.6787109375,79.42274475097656,96.79000091552734,62.56122970581055,170.70399475097656,185.323974609375,218.43309020996094,195.35000610351562,142.837646484375,24.505168914794922,135.32785034179688,181.49000549316406,144.451904296875,173.5506134033203,701.3674926757812,82.39262390136719,93.62673950195312,325.5641174316406,37.817543029785156,465.75,84.196044921875,463.404541015625,350.8329162597656,23.9768009185791,152.78619384765625,566.654296875,439.5799865722656,178.8578338623047,319.2998352050781,233.00546264648438,325.49261474609375,39.32377243041992,89.11006927490234,208.49386596679688,112.8814468383789,114.43534088134766,116.33707427978516
2025-12-09,276.6659851074219,217.8395538330078,119.03776550292969,264.08807373046875,344.32000732421875,252.55288696289062,266.4759826660156,221.6199951171875,309.3541564941406,174.39590454101562,227.9199981689453,137.83251953125,200.3699951171875,52.963844299316406,206.83738708496094,1059.4090576171875,48.99448013305664,92.52999877929688,152.8115692138672,108.35002899169922,590.7498779296875,299.3992614746094,335.07000732421875,259.76519775390625,24.201847076416016,92.0246353149414,335.9398193359375,884.5360717773438,78.3674087524414,76.45301055908203,145.71685791015625,458.730224609375,221.98667907714844,105.49244689941406,106.73013305664062,339.75872802734375,284.21527099609375,117.13738250732422,316.66778564453125,868.164794921875,340.423583984375,197.37413024902344,306.4642639160156,649.6502685546875,558.1300048828125,242.04122924804688,197.7652587890625,296.30255126953125,122.24592590332031,69.16480255126953,387.8466491699219,978.8982543945312,461.421630859375,238.95413208007812,165.4949951171875,534.92626953125,306.98150634765625,52.714298248291016,655.2557983398438,55.36482620239258,94.68169403076172,176.89892578125,489.8385925292969,252.17332458496094,78.52548217773438,96.70999908447266,62.354469299316406,170.98199462890625,184.7446746826172,219.41363525390625,195.0,141.86660766601562,24.086763381958008,136.5897674560547,181.83999633789062,146.4780731201172,174.2336883544922,690.7162475585938,81.27639770507812,93.507568359375,319.6028137207031,37.87687683105469,465.8500061035156,84.12716674804688,462.1143798828125,346.4971008300781,23.65826988220215,152.74642944335938,561.5283813476562,445.1700134277344,177.45416259765625,319.28009033203125,229.1655731201172,325.1540222167969,38.21928024291992,87.9524154663086,207.58145141601562,114.37248992919922,116.67510986328125,113.96424865722656
2025-12-10,278.26300048828125,219.9789581298828,120.31404876708984,266.7237548828125,343.1300048828125,253.6384735107422,274.4660339355469,221.4199981689453,310.86224365234375,175.08551025390625,231.77999877929688,137.93197631835938,198.72000122070312,53.4980354309082,210.0794219970703,1071.3250732421875,49.53617477416992,92.69999694824219,153.379638671875,109.99363708496094,611.6124877929688,294.7475280761719,338.05999755859375,259.65643310546875,24.915525436401367,95.34394836425781,339.42578125,870.5676879882812,79.09676361083984,77.16632843017578,148.58230590820312,464.7163391113281,229.13662719726562,107.27661895751953,108.72053527832031,351.3802795410156,282.5118408203125,119.08050537109375,319.7937316894531,880.7032470703125,346.2013244628906,199.3357391357422,308.6259460449219,656.26806640625,555.9199829101562,248.81283569335938,204.2730255126953,305.7680969238281,123.572509765625,69.28321838378906,390.1317443847656,990.2796630859375,462.4593200683594,242.43008422851562,167.94033813476562,536.2297973632812,306.72467041015625,52.499969482421875,648.4435424804688,55.85014724731445,95.39506530761719,177.76942443847656,476.4382629394531,263.4522705078125,80.1326675415039,92.70999908447266,64.77657318115234,170.71200561523438,183.55612182617188,220.87948608398438,192.9600067138672,146.82958984375,24.514678955078125,136.775634765625,187.91000366210938,145.8936004638672,180.38136291503906,724.2557373046875,82.8272476196289,95.14613342285156,324.7082214355469,39.488868713378906,475.8299865722656,82.7396469116211,462.6700134277344,351.0312805175781,23.542436599731445,154.72434997558594,572.2388916015625,451.45001220703125,179.5794219970703,323.9864196777344,233.02525329589844,324.38720703125,38.00980758666992,89.73342895507812,207.42279052734375,112.50372314453125,117.94792938232422,116.24846649169922
2025-12-11,277.514404296875,218.8066864013672,121.03071594238281,264.9111022949219,350.42999267578125,258.870849609375,269.4385681152344,221.42999267578125,312.8335876464844,176.493896484375,230.27999877929688,138.3397674560547,200.7100067138672,53.97286605834961,210.1781463623047,1089.5997314453125,49.5265007019043,91.75,150.9408416748047,110.6372299194336,621.81005859375,304.1304931640625,335.42999267578125,269.2081604003906,24.933595657348633,95.25529479980469,343.1209716796875,880.5934448242188,78.13084411621094,78.98384857177734,147.9051971435547,471.69354248046875,231.0757598876953,109.86907196044922,106.84722137451172,348.308349609375,287.3133544921875,120.91568756103516,312.0238342285156,902.2840576171875,352.4424743652344,201.19354248046875,306.72088623046875,669.7217407226562,547.3599853515625,252.6206512451172,207.70494079589844,312.9363098144531,124.2976303100586,68.19773864746094,400.68280029296875,1005.9664306640625,469.31805419921875,244.28131103515625,168.38949584960938,560.6202392578125,305.9147033691406,52.402549743652344,651.016845703125,55.87869644165039,96.75337982177734,178.3431396484375,481.3265075683594,258.2074279785156,80.07351684570312,94.08999633789062,66.69652557373047,173.4980010986328,180.70957946777344,196.9503173828125,190.36000061035156,146.1822509765625,24.533695220947266,137.69515991210938,187.5399932861328,147.0430450439453,179.45079040527344,744.790283203125,83.7063980102539,96.3775405883789,327.72369384765625,39.89434051513672,477.260009765625,83.37928771972656,468.546142578125,350.20782470703125,23.455564498901367,154.63490295410156,577.3150634765625,446.8900146484375,179.5794219970703,332.2348327636719,233.6784210205078,344.2051696777344,38.29545593261719,91.6133804321289,210.29884338378906,114.8297348022461,117.94792938232422,115.84478759765625
2025-12-12,277.763916015625,218.16192626953125,123.17095184326172,266.0770568847656,356.42999267578125,261.93212890625,258.565673828125,210.77999877929688,313.1884460449219,175.51287841796875,226.19000244140625,128.54290771484375,204.3800048828125,54.54662322998047,211.05233764648438,1076.9913330078125,50.69695281982422,92.58000183105469,148.0710906982422,110.69664001464844,594.258544921875,306.60540771484375,323.2200012207031,271.6208190917969,24.599340438842773,94.10289764404297,344.6149597167969,880.5834350585938,76.68197631835938,77.60604858398438,147.18882751464844,480.4744567871094,225.0694122314453,110.007080078125,105.38369750976562,330.0360107421875,298.6596374511719,118.15801239013672,308.887939453125,879.435546875,354.60174560546875,200.99635314941406,305.24029541015625,664.6890258789062,542.3200073242188,253.2193145751953,209.25772094726562,314.06036376953125,119.08506774902344,69.58912658691406,413.5388488769531,1024.03515625,474.6251220703125,243.50340270996094,160.21505737304688,569.1384887695312,312.8388366699219,52.6461067199707,642.5587768554688,55.90724563598633,98.01397705078125,176.48345947265625,476.4084167480469,240.90435791015625,80.50735473632812,95.19000244140625,66.43069458007812,173.01199340820312,174.80679321289062,188.15512084960938,191.69000244140625,147.76138305664062,24.58124351501465,139.7298583984375,183.57000732421875,149.6731719970703,176.50070190429688,739.295166015625,84.3089599609375,95.98031616210938,327.11663818359375,39.0141716003418,452.95001220703125,83.09391784667969,471.81378173828125,351.31903076171875,23.72583770751953,155.19149780273438,570.713134765625,458.9599914550781,177.35533142089844,337.2765808105469,237.46881103515625,346.3960876464844,38.93339538574219,91.7815933227539,213.82943725585938,116.23915100097656,117.23751831054688,116.82936096191406
2025-12-15,273.6016540527344,222.19654846191406,126.12602996826172,269.1144714355469,351.1499938964844,260.8001403808594,260.62054443359375,207.5800018310547,320.6499938964844,175.08551025390625,222.5399932861328,129.1993408203125,205.5,54.73458480834961,217.26492309570312,1070.1385498046875,52.5155029296875,92.19000244140625,147.2483673095703,111.68677520751953,586.1779174804688,310.7203674316406,318.42999267578125,274.0433349609375,25.484664916992188,92.94064331054688,348.91766357421875,856.778564453125,77.1255111694336,77.8698959350586,147.00238037109375,483.65582275390625,227.2571563720703,109.64981079101562,103.3542709350586,331.2587585449219,299.8251647949219,118.3259506225586,307.8193054199219,881.0499267578125,351.97906494140625,204.92991638183594,304.6678161621094,648.5109252929688,559.52001953125,253.84739685058594,211.81927490234375,315.5393371582031,122.19605255126953,70.03318786621094,414.2839660644531,1058.5977783203125,478.7463073730469,244.9705810546875,163.9878692626953,566.3521118164062,314.82421875,52.86042404174805,646.3570556640625,56.23079299926758,98.8122787475586,175.87014770507812,472.7148742675781,237.26791381835938,80.50735473632812,93.7699966430664,66.73591613769531,153.0399932861328,176.0752410888672,183.15338134765625,185.8800048828125,148.32044982910156,25.132776260375977,141.97000122070312,183.25,154.30996704101562,177.46096801757812,750.5946655273438,84.35834503173828,94.61980438232422,326.8778076171875,38.47024917602539,454.6700134277344,84.62904357910156,470.4954528808594,352.52947998046875,23.465219497680664,155.75804138183594,574.7650146484375,475.30999755859375,175.92201232910156,336.5464782714844,237.9834442138672,345.4599914550781,38.84770202636719,91.92012786865234,216.51707458496094,116.32880401611328,116.19164276123047,119.11357116699219
2025-12-16,274.1007385253906,218.5038299560547,124.54540252685547,266.5473937988281,347.8900146484375,258.0636901855469,258.19659423828125,209.1699981689453,322.0595397949219,173.98794555664062,222.55999755859375,128.68115234375,206.7100067138672,54.220176696777344,216.43809509277344,1056.2742919921875,52.457462310791016,92.94999694824219,148.96237182617188,110.18177032470703,585.3529663085938,309.1598815917969,319.5299987792969,273.0149841308594,26.857818603515625,89.4046401977539,340.3520812988281,856.6093139648438,76.4355697631836,76.50186920166016,144.0093231201172,481.1087951660156,223.448486328125,110.77122497558594,99.30516815185547,327.99798583984375,297.5837707519531,117.33808135986328,306.1714782714844,870.7100830078125,347.7295837402344,205.77059936523438,299.2586669921875,663.1236572265625,554.5800170898438,245.9962615966797,207.0027313232422,311.1319274902344,122.02249908447266,69.44110870361328,420.7616882324219,1050.724609375,471.47247314453125,242.6959686279297,162.9498291015625,563.2572631835938,310.64605712890625,52.577911376953125,655.9798583984375,56.45917892456055,96.85101318359375,174.60397338867188,474.2779235839844,232.2827911376953,80.18196868896484,94.56999969482422,66.0860824584961,156.2239990234375,177.50350952148438,186.8477325439453,187.08999633789062,147.4867401123047,24.276948928833008,142.0482635498047,187.75,153.86187744140625,174.35247802734375,744.3515014648438,84.04225158691406,95.3348159790039,326.3005676269531,37.19449996948242,463.3399963378906,84.34365844726562,470.7120056152344,348.9378356933594,23.233558654785156,154.1478729248047,569.0264282226562,489.8800048828125,175.5167236328125,329.7386169433594,233.44091796875,343.68731689453125,38.80009078979492,91.21761322021484,217.09225463867188,114.9642105102539,113.15265655517578,121.328857421875
2025-12-17,271.33587646484375,219.12904357910156,124.39813232421875,268.21307373046875,354.6600036621094,261.31201171875,247.6528778076172,198.11000061035156,321.3399963378906,173.36631774902344,221.27000427246094,126.07025909423828,206.3300018310547,53.962974548339844,212.61843872070312,1053.1690673828125,51.7996940612793,94.4800033569336,150.0397491455078,110.35999298095703,558.4771728515625,311.06829833984375,313.0199890136719,270.77044677734375,27.390819549560547,93.5316162109375,341.58709716796875,858.859375,74.9078369140625,76.10122680664062,146.7276153564453,476.7083740234375,221.39002990722656,109.78874969482422,102.19319915771484,313.97064208984375,291.0589294433594,119.88677215576172,296.3342590332031,863.9556274414062,351.742431640625,207.46234130859375,299.3968811035156,654.6334838867188,556.8599853515625,247.703857421875,208.02142333984375,310.5699157714844,116.90070343017578,69.73715209960938,419.5992431640625,1038.266845703125,469.2290954589844,244.16314697265625,154.68557739257812,562.7099609375,314.7846984863281,52.43177795410156,648.343505859375,56.31644058227539,97.74787139892578,172.91244506835938,474.00909423828125,225.29962158203125,79.1663818359375,94.79000091552734,64.67810821533203,156.47799682617188,170.7317657470703,176.75511169433594,183.44000244140625,147.2023162841797,23.81100082397461,144.59165954589844,177.2899932861328,154.5048065185547,170.61041259765625,747.7722778320312,84.17066955566406,95.94059753417969,326.3802185058594,38.104331970214844,453.07000732421875,85.64262390136719,480.81634521484375,349.8208312988281,23.51348114013672,154.71441650390625,561.4415893554688,467.260009765625,172.4820556640625,327.2029113769531,234.29202270507812,342.9902038574219,38.92387390136719,91.6133804321289,217.95509338378906,115.2032699584961,115.84630584716797,120.36396789550781
2025-12-18,271.68524169921875,217.67349243164062,122.837158203125,264.5093688964844,355.80999755859375,256.8824768066406,252.869873046875,201.05999755859375,319.77276611328125,169.28688049316406,226.75999450683594,129.15948486328125,208.27000427246094,53.67609405517578,212.79718017578125,1053.1591796875,51.58687973022461,96.11000061035156,150.5686492919922,111.71646881103516,562.3932495117188,309.0803527832031,315.1000061035156,270.9286193847656,27.345651626586914,90.84268951416016,339.21661376953125,853.8215942382812,75.84418487548828,76.01329040527344,144.93179321289062,470.81146240234375,223.10044860839844,111.01932525634766,100.11499786376953,314.0998840332031,300.5324401855469,119.99542999267578,302.0668029785156,867.887451171875,350.00714111328125,205.5837860107422,296.5639953613281,662.6580810546875,561.8900146484375,246.50656127929688,206.02359008789062,308.6176452636719,121.92475128173828,69.43123626708984,416.27099609375,1053.3057861328125,464.6335754394531,243.91696166992188,164.38710021972656,563.4463500976562,315.73291015625,53.36701583862305,663.2669067382812,55.564666748046875,99.23606872558594,171.09231567382812,481.8342590332031,248.30711364746094,79.71854400634766,94.0,64.61903381347656,153.3800048828125,173.9278564453125,178.3101043701172,185.8800048828125,146.5059356689453,23.81100082397461,142.3515167236328,185.69000244140625,153.23843383789062,172.44186401367188,746.6952514648438,88.32930755615234,96.5562973022461,323.80255126953125,37.70875549316406,458.1300048828125,85.82959747314453,477.1625671386719,350.3466796875,23.41695785522461,153.93914794921875,561.27197265625,483.3699951171875,174.16249084472656,323.7594909667969,231.99600219726562,344.5836181640625,38.47636413574219,90.51509857177734,216.51707458496094,114.37654113769531,114.9878921508789,120.8661117553711
2025-12-19,273.1625061035156,221.58108520507812,123.16112518310547,266.7531433105469,355.8599853515625,253.89993286132812,255.77264404296875,213.42999267578125,322.6903381347656,167.4608612060547,227.35000610351562,134.81973266601562,214.0800018310547,54.675228118896484,214.71875,1048.392822265625,52.41876983642578,95.61000061035156,148.47265625,113.7264404296875,572.7201538085938,308.7225646972656,314.9100036621094,268.8423156738281,26.713275909423828,90.55705261230469,339.56524658203125,851.8602294921875,77.29305267333984,75.94488525390625,144.9906463623047,466.3714599609375,223.5877227783203,110.39411163330078,99.45153045654297,315.9389953613281,306.0312194824219,122.78120422363281,306.7607116699219,884.9024658203125,340.1573791503906,206.65280151367188,297.0871276855469,665.0556030273438,572.469970703125,245.48593139648438,204.1049041748047,312.7686767578125,124.24677276611328,69.13520050048828,418.6951599121094,1067.8165283203125,468.57684326171875,236.75830078125,171.94273376464844,569.4368896484375,311.9696350097656,53.09423828125,657.5969848632812,55.26014709472656,99.63029479980469,175.0688934326172,483.7656555175781,265.66015625,78.4268798828125,94.38999938964844,57.805633544921875,155.30999755859375,180.76951599121094,190.1360321044922,186.8800048828125,145.3191375732422,23.953636169433594,141.31459045410156,193.3800048828125,152.78060913085938,173.4912109375,765.8934326171875,87.25260925292969,98.1352767944336,319.3241271972656,37.65930938720703,463.7300109863281,83.9205093383789,482.7091369628906,352.4203796386719,23.310779571533203,153.66085815429688,566.7011108398438,481.20001220703125,174.26133728027344,323.0491027832031,231.80796813964844,347.81024169921875,37.91459274291992,92.02896118164062,214.55340576171875,113.90839385986328,115.1358871459961,120.3541259765625
2025-12-22,270.4674987792969,222.64590454101562,122.91568756103516,265.205078125,357.5299987792969,255.67172241210938,258.3661804199219,214.9499969482422,326.6429138183594,167.57740783691406,228.42999267578125,134.67025756835938,216.83999633789062,55.278663635253906,215.24623107910156,1076.1212158203125,52.873409271240234,96.43000030517578,152.62547302246094,116.92455291748047,578.8724975585938,309.0704345703125,317.57000732421875,272.5107116699219,26.4332218170166,91.90643310546875,338.6688537597656,846.2649536132812,76.98751068115234,76.57026672363281,147.00238037109375,464.5874938964844,226.7400665283203,111.52543640136719,100.9052963256836,318.51385498046875,313.52239990234375,122.65277862548828,309.3772888183594,890.3695068359375,341.52789306640625,203.38348388671875,298.87371826171875,668.92919921875,579.8300170898438,246.8893280029297,205.04446411132812,318.56634521484375,126.24063110351562,69.28321838378906,420.7616882324219,1072.8394775390625,477.90625,238.36334228515625,174.92703247070312,572.8900756835938,312.3449401855469,52.909141540527344,660.3220825195312,55.77402114868164,103.20787811279297,177.81887817382812,482.7701110839844,276.3197021484375,78.91988372802734,93.2300033569336,56.338584899902344,156.67999267578125,183.4662322998047,196.48480224609375,189.49000549316406,144.2304229736328,23.972654342651367,139.5831298828125,193.97999572753906,155.5665740966797,172.47154235839844,777.2627563476562,85.11894989013672,100.70733642578125,322.28985595703125,37.90654754638672,481.239990234375,84.35350799560547,491.4668273925781,353.7300109863281,23.455564498901367,155.6288299560547,574.5554809570312,488.7300109863281,176.76222229003906,320.81927490234375,232.1840362548828,350.6385192871094,38.06694030761719,93.28556060791016,217.8459930419922,112.15534973144531,116.57644653320312,121.87036895751953
2025-12-23,271.85491943359375,223.50558471679688,122.26773834228516,265.3030090332031,352.4200134277344,252.98451232910156,259.5831604003906,214.89999389648438,326.7414855957031,169.5005645751953,232.13999938964844,136.64337158203125,216.85000610351562,55.36769485473633,216.53125,1074.479736328125,52.505828857421875,96.08999633789062,151.96925354003906,118.22163391113281,578.8824462890625,311.4062194824219,316.92999267578125,270.68145751953125,26.5416316986084,91.33516693115234,339.2265930175781,851.033935546875,76.89881134033203,76.257568359375,147.69911193847656,462.05035400390625,229.54434204101562,112.35905456542969,101.46143341064453,320.919677734375,314.3193054199219,123.67028045654297,313.94134521484375,893.0535888671875,340.1278076171875,202.9060516357422,299.8509216308594,667.869140625,577.3400268554688,247.1444854736328,203.52137756347656,321.3666076660156,126.54883575439453,68.94771575927734,422.34136962890625,1068.015869140625,476.898193359375,238.44210815429688,174.82723999023438,573.536865234375,307.0308837890625,52.75326919555664,663.7559814453125,55.90724563598633,103.52326202392578,177.56167602539062,484.6915588378906,276.0,78.67338562011719,93.5,56.45673751831055,154.36000061035156,188.97950744628906,193.4738311767578,188.1199951171875,140.92503356933594,23.658851623535156,140.0624542236328,194.1300048828125,157.86549377441406,172.99623107910156,783.0570678710938,82.8371353149414,100.47892761230469,322.49884033203125,37.77798080444336,475.4700012207031,85.01282501220703,494.51788330078125,352.0433654785156,23.610004425048828,154.9728240966797,578.7870483398438,485.55999755859375,175.04225158691406,320.46405029296875,231.72879028320312,351.9232177734375,38.00980758666992,93.47356414794922,218.5203857421875,110.4620590209961,117.82952880859375,121.63407135009766
2025-12-24,273.3022155761719,224.58018493652344,122.53280639648438,264.52899169921875,352.9800109863281,254.0574188232422,260.13177490234375,215.0399932861328,329.1761169433594,169.78224182128906,232.3800048828125,137.4605255126953,218.16000366210938,55.64468002319336,216.8194580078125,1076.86279296875,52.92177200317383,96.12999725341797,152.37081909179688,120.36031341552734,580.21435546875,311.4261169433594,317.760009765625,271.77899169921875,26.902986526489258,90.41915130615234,338.6190490722656,868.0289306640625,76.89881134033203,77.31290435791016,147.68931579589844,463.2693786621094,230.18077087402344,113.6094741821289,101.3443603515625,321.774658203125,315.5346374511719,124.14444732666016,313.68170166015625,902.0364379882812,342.46453857421875,204.3902130126953,300.6208190917969,668.5527954101562,577.1500244140625,247.2622528076172,205.49942016601562,324.561279296875,127.37071228027344,69.18453979492188,422.1426696777344,1073.3377685546875,480.0606994628906,239.27908325195312,176.9931182861328,576.6217651367188,309.4903869628906,53.211143493652344,666.3613891601562,56.12611389160156,104.91289520263672,179.68846130371094,485.8563232421875,286.3998718261719,79.32414245605469,93.63999938964844,59.07576370239258,152.58999633789062,188.38023376464844,195.60330200195312,187.22000122070312,140.98388671875,23.801490783691406,141.34396362304688,194.1699981689453,158.4304962158203,173.0160369873047,781.6010131835938,83.53846740722656,101.14427947998047,323.7926330566406,37.5505256652832,475.75,85.78038787841797,495.0828857421875,351.9639587402344,23.803054809570312,156.33450317382812,577.9686279296875,485.3999938964844,175.0916748046875,323.20697021484375,232.61949157714844,353.6759948730469,38.39066696166992,94.29480743408203,219.53195190429688,111.16925811767578,117.63218688964844,123.55398559570312
2025-12-26,272.89300537109375,224.6680908203125,122.562255859375,265.6165771484375,353.79998779296875,254.78582763671875,261.2489929199219,214.99000549316406,328.1608581542969,171.3460235595703,232.52000427246094,136.95230102539062,216.44000244140625,55.5655403137207,216.56588745117188,1076.0223388671875,52.85406494140625,96.05999755859375,152.214111328125,119.2315673828125,579.4589233398438,311.5752258300781,318.8900146484375,273.4104919433594,26.794580459594727,90.16307067871094,339.68475341796875,869.5122680664062,77.03679656982422,77.79171752929688,147.21826171875,464.74609375,229.35426330566406,112.69646453857422,100.98335266113281,320.283447265625,313.93084716796875,123.18622589111328,313.1024475097656,898.332275390625,344.8702697753906,204.84689331054688,301.1439514160156,670.2567138671875,577.8099975585938,247.76275634765625,205.35107421875,323.3188781738281,127.63105010986328,68.94771575927734,422.01348876953125,1074.105224609375,477.3725891113281,240.7462921142578,177.73171997070312,576.7709350585938,306.8728332519531,53.23062515258789,662.10888671875,55.81602478027344,105.23812866210938,179.90609741210938,485.5477294921875,284.5117492675781,79.28471374511719,94.47000122070312,59.99143600463867,153.88999938964844,190.2978973388672,196.0985107421875,188.4499969482422,141.0231170654297,23.858545303344727,141.5885009765625,188.7100067138672,158.3125457763672,173.0556182861328,782.8576049804688,84.04225158691406,101.18400573730469,323.8822326660156,37.37251281738281,477.1400146484375,85.78038787841797,498.5765686035156,351.4480285644531,23.79340362548828,156.15560913085938,579.58544921875,475.19000244140625,174.8445587158203,327.40020751953125,231.02613830566406,353.5365295410156,38.54301452636719,94.25523376464844,219.27410888671875,111.29874420166016,117.5236587524414,124.28257751464844
2025-12-29,273.2523498535156,225.50823974609375,122.29718780517578,265.86151123046875,353.1600036621094,255.5437469482422,262.3961181640625,215.61000061035156,324.90814208984375,172.44447326660156,232.07000732421875,136.42413330078125,217.25,54.754364013671875,216.61325073242188,1076.3092041015625,52.34138870239258,95.76000213623047,151.9398651123047,116.96416473388672,575.0956420898438,312.5492858886719,317.7099914550781,272.9161376953125,26.98429298400879,91.23666381835938,338.8879699707031,864.0265502929688,76.672119140625,78.19234466552734,148.17015075683594,466.04437255859375,229.6629638671875,113.3216781616211,102.09563446044922,319.5676574707031,310.7394104003906,123.3936767578125,313.1523742675781,883.614990234375,342.572998046875,204.55628967285156,301.7855529785156,667.8790893554688,575.4000244140625,247.53701782226562,205.28182983398438,319.2171325683594,125.7149887084961,69.23387908935547,423.77203369140625,1075.081787109375,483.1441650390625,240.0963897705078,175.53587341308594,575.0792846679688,304.7491760253906,53.62031173706055,657.5171508789062,55.83540344238281,105.0804443359375,177.99693298339844,484.9404296875,294.2011413574219,79.14665985107422,94.1500015258789,60.267120361328125,154.5800018310547,187.99070739746094,193.51345825195312,186.85000610351562,141.47430419921875,23.77296257019043,141.4221954345703,184.17999267578125,159.1874237060547,171.68946838378906,778.399658203125,84.52627563476562,100.60802459716797,323.6732177734375,37.481300354003906,478.9700012207031,86.14449310302734,499.18865966796875,349.7414855957031,23.90923500061035,155.5194854736328,583.9068603515625,459.6400146484375,173.66824340820312,324.548828125,232.1048583984375,353.1481628417969,38.54301452636719,93.52302551269531,220.4542694091797,112.08561706542969,118.92474365234375,124.03643798828125
2025-12-30,272.57354736328125,224.4336395263672,123.485107421875,264.5485534667969,352.510009765625,255.4650421142578,259.32379150390625,215.33999633789062,323.9815979003906,173.31732177734375,232.52999877929688,135.7265625,218.5,54.68511962890625,216.04876708984375,1071.2757568359375,52.438114166259766,96.01000213623047,151.59706115722656,116.05325317382812,573.8829956054688,312.24114990234375,315.6000061035156,273.380859375,27.074630737304688,92.68455505371094,338.6788024902344,861.84619140625,76.2975845336914,78.02622985839844,149.46548461914062,465.7470703125,229.7028045654297,113.9171142578125,103.09083557128906,318.9810791015625,310.9488830566406,121.68467712402344,313.4420166015625,875.929443359375,341.48846435546875,203.79861450195312,298.1432800292969,663.6487426757812,572.6300048828125,246.16307067871094,204.6389617919922,318.89178466796875,124.04528045654297,69.14507293701172,425.5802001953125,1076.0985107421875,482.28436279296875,239.45632934570312,173.44985961914062,574.6016845703125,304.25531005859375,53.396244049072266,664.7642211914062,55.98076248168945,104.52852630615234,177.14622497558594,485.3187561035156,292.4621276855469,79.40302276611328,93.77999877929688,60.24742889404297,154.22999572753906,187.31153869628906,195.3259735107422,186.85000610351562,141.3958282470703,23.763450622558594,140.91351318359375,180.83999633789062,159.19723510742188,171.9072723388672,771.8572998046875,84.21017456054688,99.8532943725586,324.5987548828125,38.124114990234375,474.489990234375,86.17401123046875,496.919189453125,351.34881591796875,23.947843551635742,154.4062957763672,582.2900390625,454.42999267578125,173.40135192871094,327.7257995605469,230.6500701904297,352.1622314453125,38.75248718261719,93.31524658203125,220.28567504882812,111.47803497314453,119.37861633300781,124.45980072021484
2025-12-31,271.3558349609375,223.2125244140625,123.0040512084961,262.8829040527344,349.989990234375,253.2010498046875,256.3511962890625,214.16000366210938,322.6213684082031,172.18948364257812,230.82000732421875,134.67025756835938,217.1199951171875,54.40813064575195,213.18968200683594,1058.44970703125,52.17694091796875,95.3499984741211,150.97023010253906,115.53837585449219,569.3905029296875,310.2333679199219,312.5799865722656,272.1448669433594,27.00235939025879,92.20193481445312,336.3979797363281,858.5507202148438,75.92303466796875,77.54742431640625,149.56362915039062,463.0121765136719,227.9601287841797,112.90486907958984,102.45663452148438,316.6448669433594,307.1990051269531,121.25001525878906,312.5931091308594,870.5615234375,339.27001953125,202.4805145263672,292.3788146972656,656.2581176757812,566.3599853515625,243.27890014648438,204.67852783203125,317.70855712890625,121.19564056396484,68.9871826171875,423.62298583984375,1071.045654296875,478.0050964355469,237.46726989746094,170.8547821044922,568.0935668945312,301.8847351074219,52.924320220947266,658.9146728515625,55.874168395996094,103.74008178710938,175.6129608154297,481.4758605957031,285.24627685546875,79.15652465820312,93.76000213623047,62.72861099243164,153.19000244140625,186.27281188964844,193.04794311523438,184.1999969482422,140.76809692382812,23.67786979675293,140.18963623046875,177.75,157.673583984375,169.3333740234375,769.7929077148438,83.182861328125,99.21772766113281,322.47894287109375,37.95599365234375,469.7200012207031,85.80990600585938,492.1165771484375,349.5882873535156,23.9768009185791,152.67686462402344,578.2980346679688,449.7200012207031,171.49356079101562,325.70318603515625,228.92807006835938,349.26422119140625,38.78104782104492,92.21694946289062,217.8955841064453,110.97004699707031,118.73727416992188,123.87889862060547
2026-01-02,270.5074462890625,224.01358032226562,121.92412567138672,254.70150756835938,333.29998779296875,248.919189453125,268.2016906738281,223.47000122070312,322.9466552734375,171.43429565429688,226.5,139.224365234375,227.77000427246094,55.3479118347168,211.91062927246094,1073.0062255859375,52.323753356933594,94.70999908447266,155.53439331054688,117.5285415649414,594.775390625,308.1858215332031,310.3999938964844,275.99127197265625,26.686174392700195,95.24544525146484,337.51348876953125,850.7451782226562,75.34831237792969,78.29984283447266,152.9884490966797,464.23541259765625,229.4339141845703,110.99947357177734,104.66168212890625,325.393310546875,319.88470458984375,120.12385559082031,314.7403259277344,905.5623168945312,340.96588134765625,203.30044555664062,287.729736328125,623.6047973632812,561.97998046875,246.4396514892578,205.0741424560547,320.92291259765625,127.1193618774414,68.20761108398438,426.3253173828125,1076.706298828125,491.2481384277344,243.10952758789062,184.70843505859375,560.3814086914062,299.5437927246094,52.74734878540039,649.2518920898438,55.535011291503906,104.91289520263672,179.93576049804688,470.84320068359375,315.2391052246094,79.79743194580078,90.98999786376953,62.30523681640625,147.4499969482422,188.6199493408203,193.84030151367188,179.3699951171875,139.50282287597656,23.944128036499023,138.70272827148438,167.86000061035156,157.57528686523438,171.24398803710938,774.2208862304688,82.94579315185547,100.86621856689453,326.27069091796875,39.75588607788086,480.4200134277344,85.79022979736328,482.765625,346.3158874511719,23.706531524658203,153.34278869628906,591.3320922851562,438.07000732421875,175.47718811035156,331.9092102050781,229.511962890625,345.05169677734375,38.58109664916992,94.19585418701172,216.5963897705078,112.3147201538086,121.01651763916016,123.97735595703125
2026-01-05,266.764404296875,215.09445190429688,124.14288330078125,258.6501159667969,331.55999755859375,253.28964233398438,283.61328125,221.0800018310547,316.1257629394531,172.85638427734375,233.05999755859375,139.39378356933594,228.1300048828125,56.277793884277344,213.66897583007812,1107.3206787109375,51.93225860595703,95.4800033569336,159.0113983154297,122.08314514160156,612.3578491210938,313.2847900390625,301.2200012207031,280.7868957519531,27.115020751953125,97.70783996582031,339.5552978515625,871.891845703125,74.89250183105469,78.58321380615234,160.7899932861328,463.53924560546875,234.3731231689453,113.20259094238281,103.6176986694336,320.3729248046875,323.445068359375,116.86392211914062,316.1285400390625,939.3348999023438,339.2601318359375,208.7078094482422,291.15484619140625,627.9440307617188,566.3800048828125,246.52854919433594,202.0675048828125,329.3630676269531,134.89730834960938,67.04318237304688,430.2894592285156,1037.9876708984375,505.57830810546875,241.00228881835938,194.38999938964844,565.7947998046875,296.1854553222656,52.83583450317383,657.616943359375,54.55628967285156,105.88860321044922,184.52566528320312,470.75360107421875,311.970947265625,80.18196868896484,91.45999908447266,63.535980224609375,147.60000610351562,187.89083862304688,190.75010681152344,182.1199951171875,137.2371368408203,23.93461799621582,137.31365966796875,174.0399932861328,157.14276123046875,174.5405731201172,761.1761474609375,85.50418853759766,103.02118682861328,330.60986328125,43.31611633300781,494.19000244140625,85.48516845703125,501.82537841796875,346.9226379394531,23.851320266723633,152.90545654296875,609.9849243164062,451.6700134277344,175.13121032714844,337.4541931152344,229.5713348388672,352.34149169921875,38.30497741699219,95.36341094970703,217.6278076171875,112.26490783691406,123.69042205810547,127.37413024902344
2026-01-06,261.87347412109375,218.75782775878906,125.44861602783203,270.35882568359375,335.989990234375,257.0301208496094,295.27423095703125,214.35000610351562,325.4403991699219,172.43466186523438,240.92999267578125,140.88858032226562,229.83999633789062,56.63391876220703,212.9134063720703,1099.9239501953125,53.26334762573242,97.79000091552734,159.30520629882812,121.2910385131836,619.3055419921875,307.4205017089844,314.6400146484375,281.56805419921875,26.430641174316406,95.64928436279297,344.7842712402344,885.193115234375,74.54568481445312,78.85681915283203,153.6165008544922,483.31005859375,235.5979766845703,113.69879150390625,102.4468765258789,331.02020263671875,326.6564025878906,119.88677215576172,313.9313659667969,946.2974243164062,344.3871765136719,212.70364379882812,298.557861328125,641.1797485351562,592.8499755859375,251.03260803222656,202.542236328125,331.41326904296875,139.14137268066406,66.94450378417969,434.3231201171875,1060.441650390625,515.9256591796875,242.7156524658203,206.56683349609375,577.5074462890625,299.0597839355469,51.84282684326172,659.4437255859375,53.451595306396484,107.29795837402344,185.72259521484375,476.3885192871094,343.23297119140625,79.91575622558594,90.6500015258789,64.34335327148438,148.80999755859375,187.0119171142578,191.89903259277344,185.86000061035156,136.29554748535156,24.181856155395508,136.86367797851562,179.7100067138672,152.5226593017578,180.61895751953125,774.4503173828125,88.36882781982422,102.85236358642578,338.4620666503906,43.14799499511719,508.7699890136719,86.12480163574219,508.1817626953125,364.4284362792969,23.494176864624023,152.98497009277344,619.4859619140625,432.9599914550781,189.88941955566406,344.3114013671875,231.2042694091797,356.08599853515625,38.37162399291992,95.37330627441406,217.2707977294922,113.88846588134766,119.43782043457031,127.35444641113281
2026-01-07,259.84722900390625,228.02865600585938,124.72212219238281,268.4482421875,338.1000061035156,257.1679382324219,291.4736633300781,210.02000427246094,336.74609375,166.177490234375,241.55999755859375,138.42715454101562,228.1199951171875,55.04124450683594,216.78802490234375,1063.1468505859375,55.514469146728516,98.6500015258789,150.43153381347656,120.17218780517578,592.8968505859375,304.77655029296875,320.5400085449219,275.99127197265625,26.893321990966797,92.52696990966797,339.0473327636719,878.7017822265625,74.04031372070312,77.96760559082031,152.30152893066406,472.5892639160156,234.58226013183594,112.0514144897461,100.05646514892578,320.780517578125,322.76690673828125,122.8404769897461,321.5614318847656,931.9861450195312,344.160400390625,207.0679473876953,292.8921203613281,645.0930786132812,592.27001953125,243.96043395996094,205.2126007080078,323.8660583496094,135.61944580078125,66.6484603881836,431.3227233886719,1104.3426513671875,491.05047607421875,243.33599853515625,202.69419860839844,577.08935546875,300.4327697753906,50.64335250854492,647.5349731445312,53.02522659301758,107.03184509277344,182.7945556640625,481.3265075683594,339.355224609375,77.27326202392578,90.7300033569336,62.246158599853516,150.89999389648438,188.87962341308594,190.99771118164062,193.89999389648438,134.38291931152344,24.039220809936523,135.0343780517578,181.67999267578125,152.5128173828125,178.3816375732422,810.084228515625,85.63261413574219,101.22372436523438,329.8236389160156,41.901912689208984,519.7000122070312,84.89472961425781,506.15716552734375,365.7811279296875,23.137033462524414,153.104248046875,615.923095703125,431.4100036621094,183.5729522705078,337.13848876953125,222.15878295898438,354.4129333496094,38.20975875854492,93.29546356201172,214.1864776611328,112.27487182617188,116.91191101074219,123.73120880126953
2026-01-08,258.55963134765625,218.95321655273438,123.8778076171875,276.1299133300781,339.0400085449219,261.5088806152344,280.93994140625,204.67999267578125,325.3812561035156,167.0503692626953,246.2899932861328,135.77639770507812,227.3800048828125,55.575435638427734,216.7593536376953,1075.8345947265625,54.71189880371094,98.37999725341797,152.1063690185547,119.4097900390625,604.4363403320312,311.1080322265625,318.79998779296875,280.7275695800781,27.192134857177734,97.23506164550781,334.39599609375,911.2879638671875,73.2872314453125,78.75910949707031,156.27587890625,498.0486145019531,234.01463317871094,113.30182647705078,103.00302124023438,318.7027282714844,313.5917053222656,119.20513916015625,325.0169372558594,925.8555297851562,354.51300048828125,213.01502990722656,298.80462646484375,646.6781616210938,585.0800170898438,250.6177520751953,203.49169921875,326.63934326171875,132.11947631835938,68.45430755615234,436.836669921875,1081.52001953125,512.3677978515625,252.28680419921875,200.57823181152344,577.2387084960938,305.0949401855469,53.08163070678711,644.9096069335938,54.16868209838867,109.38733673095703,182.6857452392578,475.9902648925781,326.8323974609375,78.37757873535156,90.52999877929688,64.2547378540039,146.19000244140625,184.81459045410156,187.8381805419922,190.8000030517578,136.69766235351562,24.048728942871094,138.44837951660156,176.86000061035156,156.11061096191406,180.04476928710938,798.8544921875,87.10443878173828,100.63780975341797,339.3975524902344,43.93915557861328,514.489990234375,85.82959747314453,509.9803771972656,365.2440185546875,23.33008575439453,157.28866577148438,605.2942504882812,435.79998779296875,186.28140258789062,342.2197265625,227.47325134277344,350.7779846191406,38.62870407104492,94.59164428710938,216.06085205078125,112.62348937988281,121.27305603027344,124.89299774169922
2026-01-09,258.8890075683594,214.99676513671875,123.62255096435547,275.0031433105469,333.95001220703125,261.8533630371094,300.4313659667969,203.1699981689453,321.4287109375,165.26541137695312,247.3800048828125,139.6728057861328,234.52999877929688,55.24898147583008,218.63475036621094,1073.045654296875,54.67274856567383,97.63999938964844,154.378662109375,120.1226806640625,613.86865234375,304.9554443359375,327.30999755859375,275.82318115234375,27.346363067626953,96.04326629638672,334.3462219238281,920.81591796875,73.20796203613281,78.4659652709961,159.08248901367188,485.3984680175781,237.37049865722656,114.99882507324219,102.36882019042969,322.6097412109375,320.7224426269531,119.62992095947266,328.14288330078125,929.9656982421875,369.38134765625,215.236083984375,300.2852478027344,642.0629272460938,586.239990234375,251.99070739746094,202.14663696289062,326.0450744628906,139.64010620117188,69.57926177978516,441.19818115234375,1059.96337890625,536.5610961914062,263.1183776855469,217.94515991210938,573.591064453125,303.5540466308594,54.16312026977539,651.8970947265625,55.74819564819336,108.9339828491211,184.30804443359375,477.15509033203125,344.89202880859375,78.77198028564453,89.45999908447266,64.9045639038086,141.8000030517578,184.63479614257812,197.14321899414062,189.02000427246094,137.22731018066406,24.229402542114258,138.78099060058594,177.49000549316406,159.8460235595703,175.99581909179688,794.406494140625,87.7958984375,99.47592163085938,351.58892822265625,44.70064926147461,525.1799926757812,85.62294006347656,510.3382263183594,365.572265625,23.156341552734375,156.85134887695312,617.629638671875,445.010009765625,188.12001037597656,339.3880310058594,226.07785034179688,348.3280944824219,38.52396774291992,94.93795013427734,219.08567810058594,114.07772827148438,122.95040893554688,125.20806884765625
2026-01-12,259.7673645019531,214.95767211914062,122.36590576171875,275.2872619628906,327.6499938964844,258.6838073730469,306.4762878417969,207.69000244140625,320.876708984375,168.2272491455078,246.47000122070312,144.6055908203125,239.80999755859375,54.59608840942383,214.63037109375,1077.15966796875,54.58465576171875,95.72000122070312,153.36004638671875,116.53840637207031,625.9448852539062,304.7666015625,325.510009765625,272.9259948730469,28.011465072631836,94.0634994506836,340.7903137207031,938.9359741210938,73.33677673339844,78.52458953857422,159.30816650390625,488.04388427734375,237.9978790283203,111.96209716796875,102.87618255615234,327.1728515625,323.2955017089844,121.1117172241211,331.4285583496094,940.4342041015625,369.6771240234375,216.5023193359375,308.14227294921875,630.6885986328125,572.75,251.41781616210938,207.4181365966797,321.3899841308594,142.44984436035156,69.56939697265625,440.7511291503906,1077.3441162109375,544.78369140625,266.7420654296875,219.9812774658203,564.3624877929688,302.9909973144531,53.99597930908203,640.826904296875,56.72691345214844,107.61333465576172,184.5553436279297,475.06439208984375,345.6716003417969,79.98477172851562,89.41000366210938,64.6288833618164,142.63999938964844,184.71470642089844,203.26048278808594,188.8800048828125,138.64952087402344,24.029708862304688,140.3363800048828,179.41000366210938,162.35267639160156,167.57122802734375,765.9332885742188,88.86273193359375,101.19393920898438,355.9181213378906,44.65120315551758,533.4199829101562,85.35723876953125,512.7301635742188,359.435302734375,23.183683395385742,156.1456756591797,614.2264404296875,448.9599914550781,186.89427185058594,335.9643859863281,227.1268768310547,341.7851867675781,38.59177780151367,93.95838928222656,216.76499938964844,117.50414276123047,122.37812805175781,123.38661193847656
2026-01-13,260.5658874511719,215.6512908935547,122.03211212158203,271.2112731933594,309.92999267578125,253.04356384277344,304.1121826171875,220.97000122070312,319.65447998046875,170.61048889160156,242.60000610351562,148.45217895507812,244.5500030517578,53.95308303833008,211.57264709472656,1077.4365234375,54.731468200683594,94.13999938964844,152.05740356445312,115.15222930908203,632.6638793945312,298.8724365234375,323.05999755859375,268.76318359375,27.452394485473633,95.0090560913086,344.49542236328125,937.7909545898438,74.78350067138672,78.83727264404297,160.80960083007812,496.775634765625,234.57228088378906,112.12088012695312,105.41295623779297,330.43365478515625,326.34722900390625,120.28192138671875,335.53326416015625,929.1437377929688,374.40972900390625,218.24594116210938,299.2389221191406,600.754150390625,561.8200073242188,253.61061096191406,211.30499267578125,307.9298095703125,143.81134033203125,70.29962921142578,440.0258483886719,1073.5469970703125,551.760986328125,270.05059814453125,213.9727325439453,543.1445922851562,305.6480712890625,54.998817443847656,629.96630859375,58.28704833984375,106.69676208496094,180.78648376464844,468.5832824707031,337.93603515625,80.49749755859375,90.31999969482422,65.27871704101562,138.19000244140625,185.58364868164062,200.88705444335938,190.85000610351562,140.72886657714844,23.915599822998047,141.09938049316406,178.9600067138672,163.03094482421875,163.63116455078125,756.86767578125,89.45540618896484,100.47892761230469,354.2859802246094,45.39291763305664,511.79998779296875,86.15433502197266,510.5453796386719,353.9150085449219,22.75399398803711,157.17935180664062,605.8731079101562,447.20001220703125,186.36048889160156,329.47216796875,226.91903686523438,326.5283508300781,37.78778076171875,92.57315826416016,214.39471435546875,119.88469696044922,124.85469818115234,122.6974105834961
2026-01-14,259.4779052734375,216.76495361328125,122.71934509277344,282.7142639160156,304.44000244140625,254.45115661621094,301.1396179199219,223.60000610351562,324.2575988769531,174.06268310546875,236.64999389648438,146.23989868164062,242.61000061035156,51.915252685546875,206.4894561767578,1079.720703125,55.80809020996094,93.73999786376953,155.4462432861328,111.30062866210938,634.870361328125,299.1905212402344,313.1700134277344,267.9622802734375,27.715702056884766,98.83069610595703,348.5292053222656,946.8012084960938,73.73313903808594,77.51811218261719,164.11668395996094,509.2865295410156,236.9522705078125,112.66669464111328,108.04730987548828,329.2008972167969,318.0197448730469,122.56387329101562,335.4034118652344,923.71630859375,370.6729736328125,221.11050415039062,305.03302001953125,562.3633422851562,546.760009765625,255.71449279785156,216.1511993408203,304.9287414550781,143.0812225341797,70.49699401855469,437.1247863769531,1069.660400390625,565.9923706054688,270.7398681640625,208.39332580566406,544.9683227539062,304.3540954589844,56.267112731933594,614.4240112304688,59.566165924072266,109.40705871582031,178.82785034179688,457.3433532714844,333.1587829589844,80.8327407836914,88.55000305175781,64.5599594116211,134.61000061035156,182.91688537597656,192.2672576904297,190.92999267578125,143.12208557128906,24.324495315551758,143.16346740722656,178.39999389648438,168.17205810546875,162.88868713378906,752.110595703125,90.03821563720703,101.21379089355469,352.6538391113281,46.45109558105469,505.3399963378906,87.01045989990234,513.2197875976562,357.4659118652344,23.056730270385742,154.18763732910156,620.59375,439.20001220703125,191.22386169433594,330.4884338378906,224.79129028320312,327.8130187988281,38.58209228515625,88.30862426757812,216.98316955566406,119.56596374511719,128.4659423828125,123.89859008789062
2026-01-15,257.7311706542969,211.74368286132812,121.89048767089844,281.95977783203125,304.0899963378906,256.1245422363281,318.2868347167969,227.9199981689453,325.3023986816406,178.0543212890625,238.17999267578125,153.68392944335938,247.74000549316406,52.02406692504883,206.7299041748047,1143.8009033203125,55.41659164428711,90.02999877929688,157.50306701660156,116.30077362060547,643.2491455078125,299.2898864746094,320.6000061035156,274.824462890625,27.647438049316406,97.44190216064453,353.9275207519531,952.5458374023438,74.56549835205078,79.50175476074219,163.0568389892578,512.2103881835938,238.88414001464844,112.54761505126953,105.39344787597656,331.50732421875,319.0768737792969,119.7879867553711,332.3473815917969,966.4916381835938,373.8379211425781,223.16551208496094,294.0963439941406,550.4332275390625,541.3400268554688,258.67767333984375,217.16001892089844,306.30548095703125,154.0988311767578,69.5496597290039,437.1844177246094,1029.4765625,571.12158203125,272.7683410644531,217.05686950683594,540.8125610351562,304.8381042480469,56.3359375,619.694580078125,59.672760009765625,109.36763000488281,189.16502380371094,454.6354064941406,336.4369201660156,81.03980255126953,88.05000305175781,63.59505081176758,131.1699981689453,186.8221435546875,188.53335571289062,187.72999572753906,143.75961303710938,24.619279861450195,141.48089599609375,177.07000732421875,169.6268768310547,159.7703094482422,739.9234619140625,92.14222717285156,102.0479736328125,354.42529296875,46.055511474609375,508.19000244140625,87.3647232055664,513.624755859375,360.5492858886719,23.17391586303711,155.2113800048828,623.4081420898438,438.57000732421875,186.94369506835938,334.4350280761719,228.12643432617188,326.39886474609375,38.12681579589844,88.02167510986328,218.04434204101562,118.72927856445312,127.41020965576172,123.34722137451172
2026-01-16,255.05612182617188,211.08389282226562,120.14398193359375,280.4312744140625,296.1199951171875,256.36077880859375,326.1971740722656,231.8300018310547,325.67694091796875,180.0354461669922,239.1199951171875,153.8533477783203,247.67999267578125,52.39997863769531,203.65866088867188,1150.2486572265625,54.08549880981445,88.06999969482422,160.1377410888672,116.87505340576172,642.9609375,298.95196533203125,317.45001220703125,269.15869140625,27.130571365356445,96.7130355834961,353.4295349121094,959.375732421875,74.50604248046875,76.8047866821289,163.15496826171875,511.5739440917969,235.00050354003906,110.35440826416016,103.7386703491211,341.737060546875,324.242919921875,123.3936767578125,329.5710144042969,952.7647094726562,374.833740234375,227.70106506347656,301.7164611816406,541.212646484375,535.0,260.2383117675781,216.25999450683594,309.48480224609375,156.3789520263672,69.51019287109375,436.11138916015625,1034.8883056640625,575.6083374023438,273.300048828125,222.53643798828125,537.6631469726562,303.6626892089844,56.27695083618164,619.1455688476562,59.84718322753906,107.25853729248047,187.04812622070312,457.8211975097656,362.5419006347656,82.45964050292969,88.0,63.38829040527344,127.30999755859375,186.0031280517578,189.76473999023438,187.66000366210938,143.51441955566406,24.39105987548828,141.38307189941406,170.9600067138672,170.6688690185547,157.82008361816406,731.0673217773438,91.85576629638672,103.10063171386719,356.1171569824219,46.2137451171875,516.3099975585938,87.4828109741211,514.4910888671875,361.8323669433594,22.93954086303711,156.42396545410156,617.4899291992188,437.5,189.37539672851562,326.6010437011719,227.1169891357422,326.94659423828125,37.690914154052734,87.44779205322266,219.4030303955078,119.22730255126953,128.1600799560547,122.7269515991211
2026-01-20,246.2425079345703,210.77859497070312,119.53221130371094,267.203857421875,290.3699951171875,251.1044158935547,317.4389953613281,231.9199981689453,326.2585144042969,174.32749938964844,231.0,151.80050659179688,249.0,51.53934097290039,200.11924743652344,1097.7186279296875,53.067604064941406,91.19999694824219,150.7449493408203,111.68677520751953,626.6422729492188,299.2402038574219,307.0,268.1995544433594,27.46214485168457,94.08319091796875,349.2662658691406,960.02294921875,72.68277740478516,78.26074981689453,162.21290588378906,505.88531494140625,233.34744262695312,109.5009536743164,104.61530303955078,335.6131286621094,311.49737548828125,122.63301849365234,321.5814208984375,934.3135986328125,369.8447265625,223.2174072265625,287.5816955566406,524.994873046875,527.4400024414062,251.32891845703125,215.81494140625,299.8477478027344,148.23594665527344,70.80289459228516,430.339111328125,1037.7685546875,569.31298828125,264.2901611328125,221.9874725341797,529.9393920898438,299.12890625,57.01432800292969,603.0443115234375,59.25607681274414,107.86957550048828,180.1336212158203,452.5048522949219,364.7906188964844,82.34132385253906,87.26000213623047,62.649845123291016,125.4000015258789,177.8530731201172,178.67221069335938,184.05999755859375,144.82872009277344,24.267440795898438,143.79930114746094,168.52999877929688,164.3383331298828,152.52378845214844,731.8053588867188,92.5176010131836,100.29023742675781,345.2991943359375,45.93684005737305,510.9700012207031,87.40408325195312,488.7735900878906,357.6846923828125,22.900480270385742,155.13185119628906,617.7793579101562,419.25,187.4082794189453,333.912109375,219.39764404296875,324.4768371582031,37.8555908203125,85.74594116210938,219.47244262695312,118.24121856689453,128.72250366210938,121.85681915283203
2026-01-21,247.1907501220703,212.85646057128906,119.12765502929688,275.0521240234375,294.2300109863281,252.9647979736328,324.4315490722656,249.8000030517578,338.6780090332031,174.73941040039062,231.30999755859375,154.06260681152344,250.07000732421875,51.50966262817383,205.5575408935547,1115.3209228515625,53.341651916503906,91.70999908447266,152.76258850097656,112.73631286621094,642.9609375,298.166748046875,313.8399963378906,271.82843017578125,28.174055099487305,95.68868255615234,350.3419494628906,978.5410766601562,73.01969146728516,79.62877655029297,163.61618041992188,526.6008911132812,241.03509521484375,112.32928466796875,106.42768096923828,335.98095703125,317.6407775878906,127.54269409179688,327.953125,943.861083984375,379.2409973144531,227.4727325439453,293.691650390625,520.9949340820312,523.6900024414062,256.7515869140625,215.6171417236328,299.15447998046875,151.60923767089844,71.05946350097656,436.4989013671875,1074.87255859375,579.3638916015625,274.09222412109375,227.9561004638672,525.7835083007812,301.9440002441406,56.385093688964844,611.8685913085938,59.18824768066406,109.505615234375,181.34043884277344,442.1409912109375,388.88677978515625,82.67656707763672,85.36000061035156,64.40242767333984,125.30000305175781,183.09669494628906,172.67410278320312,181.47000122070312,143.92636108398438,24.619279861450195,142.8797607421875,165.3300018310547,165.9406280517578,154.80067443847656,747.3135375976562,95.2538070678711,101.08470153808594,354.6044616699219,47.983970642089844,521.9500122070312,87.72882080078125,500.1868591308594,360.99688720703125,22.94930648803711,154.90325927734375,635.0349731445312,431.44000244140625,192.17282104492188,343.1076965332031,227.01800537109375,323.9390563964844,38.01057815551758,85.21163940429688,224.61959838867188,118.8886489868164,131.83055114746094,123.67617797851562
2026-01-22,247.8894500732422,214.78659057617188,107.16850280761719,279.3338928222656,299.7300109863281,255.7898406982422,317.9975891113281,253.72999572753906,342.0982971191406,173.5428924560547,234.33999633789062,151.96990966796875,251.41000366210938,51.88557434082031,205.0515594482422,1127.0589599609375,53.77229690551758,91.29000091552734,151.72438049316406,114.51854705810547,645.9795532226562,299.10107421875,317.0899963378906,277.2470397949219,28.50562858581543,95.42273712158203,351.05902099609375,971.8805541992188,73.65386962890625,81.4563217163086,163.54751586914062,519.5100708007812,239.07334899902344,112.34912872314453,104.7236557006836,332.08392333984375,294.20416259765625,129.54803466796875,330.1103210449219,945.4853515625,375.6816711425781,230.9703826904297,290.8587646484375,543.5947265625,525.8099975585938,256.5046691894531,216.0918731689453,300.729248046875,149.6143798828125,70.92131042480469,442.74810791015625,1083.70263671875,586.953857421875,271.9557800292969,220.2807159423828,531.0556640625,302.2798156738281,56.611228942871094,646.476806640625,59.139793395996094,107.60347747802734,181.0733642578125,449.1398620605469,397.3519287109375,83.8794937133789,83.54000091552734,64.45165252685547,128.55999755859375,184.6148223876953,176.9442596435547,182.27000427246094,141.6312255859375,24.818973541259766,146.6654815673828,165.89999389648438,167.15956115722656,156.21633911132812,753.4768676757812,94.66112518310547,103.32904052734375,348.9516296386719,48.77513122558594,509.4700012207031,86.1149673461914,508.32305908203125,356.749755859375,23.02743148803711,152.48802185058594,638.1787109375,449.3599853515625,192.74615478515625,349.7380065917969,228.9775390625,325.0146179199219,38.24305725097656,87.11138153076172,227.10887145996094,117.36469268798828,131.8601531982422,123.0038070678711
2026-01-23,247.58001708984375,215.9190673828125,105.99430084228516,275.39508056640625,301.07000732421875,253.83102416992188,321.57867431640625,259.67999267578125,339.8115539550781,175.3082275390625,239.16000366210938,150.4651641845703,252.14999389648438,51.163429260253906,202.965576171875,1117.3580322265625,53.48846435546875,92.51000213623047,147.38548278808594,112.46896362304688,624.271240234375,299.09112548828125,318.32000732421875,276.0703430175781,28.573894500732422,96.8706283569336,352.0650329589844,978.929443359375,73.9114990234375,81.78144073486328,163.60638427734375,511.603759765625,234.02459716796875,110.13609313964844,106.70348358154297,329.2804260253906,293.07720947265625,134.27989196777344,327.5036926269531,910.0586547851562,378.3831787109375,229.8494873046875,288.6575927734375,559.7529296875,523.989990234375,255.09219360351562,217.7237548828125,294.875732421875,150.88909912109375,71.91797637939453,448.63958740234375,1060.6907958984375,583.9000854492188,273.71636962890625,217.52597045898438,522.963134765625,305.4603576660156,57.41743087768555,657.5870361328125,59.99253845214844,106.617919921875,177.0670928955078,463.8841857910156,399.4207458496094,83.62313079833984,86.12000274658203,64.03812408447266,133.11000061035156,187.44137573242188,175.9313507080078,180.17999267578125,141.80776977539062,24.79963493347168,147.92355346679688,169.60000610351562,170.07908630371094,154.2562255859375,751.5221557617188,96.4292984008789,101.47199249267578,346.8517150878906,48.60701370239258,501.3900146484375,86.14449310302734,502.4939880371094,353.13916015625,23.037199020385742,152.30911254882812,624.7354736328125,449.05999755859375,191.08547973632812,351.5041198730469,227.27532958984375,324.8353576660156,38.28180694580078,86.04277801513672,227.3369598388672,117.26509094238281,133.17242431640625,122.6577377319336
2026-01-26,254.93637084960938,217.40606689453125,107.32638549804688,275.0423278808594,304.7200012207031,254.1263427734375,318.6659240722656,251.30999755859375,344.6807861328125,176.0045623779297,238.4199981689453,155.019287109375,248.42999267578125,51.460201263427734,203.31509399414062,1109.0810546875,53.43952560424805,93.55000305175781,146.9839324951172,113.68682861328125,633.536376953125,301.655517578125,322.0199890136719,277.26678466796875,28.700674057006836,96.96912384033203,354.0868835449219,973.3739013671875,76.30949401855469,82.62871551513672,164.37181091308594,513.7020874023438,235.71746826171875,110.46357727050781,105.98443603515625,330.334228515625,294.2640075683594,136.10743713378906,332.8267822265625,922.9140625,381.1044616699219,229.53811645507812,292.4972839355469,557.5694580078125,528.8099975585938,255.97128295898438,219.05894470214844,298.1640319824219,153.9063262939453,71.6021957397461,452.0771179199219,1059.156005859375,574.8473510742188,274.883544921875,222.44659423828125,525.57421875,309.11505126953125,57.54524230957031,671.1627807617188,61.02939987182617,105.84918212890625,179.91598510742188,468.1949768066406,388.8667907714844,84.27389526367188,85.69999694824219,63.9888916015625,136.33999633789062,186.2428436279297,181.1747283935547,184.22000122070312,143.0730438232422,25.022008895874023,147.2733612060547,167.47000122070312,172.77249145507812,152.96925354003906,760.5977172851562,95.155029296875,102.22673034667969,346.6626281738281,49.150936126708984,503.010009765625,86.75460815429688,504.0195007324219,355.0688171386719,22.900480270385742,149.16830444335938,625.3742065429688,435.20001220703125,194.32772827148438,346.9457702636719,228.50250244140625,327.13580322265625,38.37866973876953,87.12128448486328,228.34852600097656,117.17544555664062,133.0441436767578,122.52919006347656
2026-01-27,257.7910461425781,220.5178985595703,106.83301544189453,270.2314453125,297.4200134277344,250.5236358642578,331.8829650878906,252.02999877929688,346.28741455078125,176.6028289794922,244.67999267578125,165.672119140625,244.55999755859375,51.608585357666016,205.1514892578125,1094.3958740234375,54.37912368774414,93.61000061035156,145.35804748535156,113.65713500976562,636.51513671875,299.6477355957031,318.3699951171875,267.0624694824219,27.9887638092041,98.3677749633789,354.7143859863281,966.0164184570312,77.96429443359375,70.93438720703125,165.8928680419922,516.3375854492188,234.76150512695312,109.76890563964844,106.9595718383789,339.19207763671875,296.6675109863281,139.25872802734375,334.1150817871094,920.7946166992188,375.0210266113281,229.2786407470703,290.0592041015625,541.3218994140625,525.0399780273438,255.51690673828125,221.9765625,297.44097900390625,161.21746826171875,72.57913970947266,450.0901184082031,1035.99462890625,587.9817504882812,270.9567565917969,238.00698852539062,518.6477661132812,310.28057861328125,58.027000427246094,671.7716674804688,61.649574279785156,106.3616714477539,180.68756103515625,478.4493408203125,410.0046691894531,85.93038940429688,85.58000183105469,62.1181640625,131.8000030517578,188.29034423828125,173.68701171875,183.5,145.92724609375,25.621456146240234,146.14039611816406,165.6999969482422,175.8394775390625,151.5041046142578,769.174560546875,94.5524673461914,103.00132751464844,344.4233703613281,50.10032653808594,502.70001220703125,87.42376708984375,495.9586486816406,352.67169189453125,22.46102523803711,147.11087036132812,622.6695556640625,430.8999938964844,194.36727905273438,278.92608642578125,230.1453399658203,323.9191589355469,38.088069915771484,87.7743148803711,229.42953491210938,116.47821044921875,135.00765991210938,123.5575180053711
2026-01-28,255.96444702148438,215.3380584716797,104.64249420166016,264.9698791503906,299.5799865722656,246.76348876953125,335.9129333496094,252.74000549316406,337.3177795410156,174.0921173095703,243.00999450683594,145.45265197753906,241.58999633789062,51.25246047973633,202.43692016601562,1109.2095947265625,53.45909881591797,93.79000091552734,143.7713623046875,113.07295227050781,640.8687744140625,301.8145446777344,320.489990234375,269.3268127441406,27.705949783325195,99.86489868164062,349.13677978515625,956.5581665039062,78.24174499511719,72.93434143066406,166.7564239501953,522.1256103515625,223.59848022460938,108.72688293457031,109.35308074951172,345.2861633300781,291.69097900390625,138.02389526367188,335.5732116699219,927.8165283203125,370.0320739746094,224.84689331054688,290.3553466796875,534.6719970703125,522.0399780273438,255.0823211669922,225.22056579589844,297.89654541015625,162.30169677734375,72.09559631347656,448.5700378417969,1020.337646484375,590.2745361328125,266.48602294921875,239.12486267089844,519.6045532226562,308.96685791015625,56.75870132446289,667.5392456054688,61.17475128173828,105.35640716552734,180.3710174560547,479.4946594238281,435.03033447265625,86.3445053100586,84.63999938964844,61.28125762939453,129.6199951171875,191.2866973876953,171.60159301757812,183.74000549316406,145.65260314941406,25.002674102783203,145.1552276611328,157.35000610351562,175.5543975830078,151.16751098632812,749.108642578125,93.99930572509766,102.75305938720703,347.9265441894531,48.33010482788086,511.3500061035156,86.9218978881836,497.3241271972656,355.91424560546875,23.505949020385742,146.8922119140625,606.8112182617188,431.4599914550781,213.6824188232422,290.094970703125,225.3553924560547,325.632080078125,38.17525100708008,87.10149383544922,229.68739318847656,116.10967254638672,135.74766540527344,120.56153106689453
2026-01-29,257.801025390625,217.07122802734375,104.68194580078125,255.94586181640625,291.6499938964844,242.11741638183594,340.4915466308594,252.17999267578125,338.0274658203125,177.84835815429688,241.72999572753906,149.06005859375,234.0399932861328,52.50879669189453,203.55555725097656,1115.251708984375,53.12632751464844,92.33000183105469,140.0005340576172,114.06307983398438,662.7464599609375,304.3193664550781,302.6700134277344,268.229248046875,28.515382766723633,101.25369262695312,350.6905212402344,948.7028198242188,77.7165756225586,73.3382797241211,167.99290466308594,527.1578369140625,218.69912719726562,110.73152923583984,110.39717864990234,352.29486083984375,298.0537414550781,137.85595703125,337.8102722167969,931.0947875976562,366.591064453125,235.8484344482422,305.24029541015625,499.21905517578125,507.54998779296875,259.6357727050781,224.79527282714844,303.49261474609375,168.0378875732422,72.4607162475586,452.0473327636719,1020.676513671875,615.2189331054688,263.73626708984375,247.6985321044922,541.8887939453125,311.6436767578125,56.345767974853516,736.995361328125,57.90912628173828,106.77560424804688,180.43035888671875,431.57806396484375,435.5400390625,86.94596862792969,83.16000366210938,61.635711669921875,116.7300033569336,192.27548217773438,167.83787536621094,176.1999969482422,145.83895874023438,25.234718322753906,147.67726135253906,151.86000061035156,174.86630249023438,150.6923370361328,747.4232788085938,92.73490905761719,102.75305938720703,352.8826904296875,47.91474533081055,480.0,87.71897888183594,497.80438232421875,352.40313720703125,24.541109085083008,146.57415771484375,590.982666015625,416.55999755859375,216.4501953125,288.3880920410156,231.16470336914062,330.4321594238281,38.56271743774414,89.6839599609375,221.28733825683594,116.94635772705078,138.63864135742188,120.3538818359375
2026-01-30,258.99884033203125,219.61192321777344,107.84935760498047,258.3170166015625,293.25,242.9541015625,321.5188293457031,236.72999572753906,336.982666015625,175.82803344726562,239.3000030517578,143.5791778564453,233.72000122070312,52.62750244140625,199.11764526367188,1106.5098876953125,53.87996292114258,93.52999877929688,139.49122619628906,114.56804656982422,654.8959350585938,307.6888427734375,296.3599853515625,271.03741455078125,29.01274299621582,102.66218566894531,357.7820129394531,937.3972778320312,77.6075668334961,73.4170913696289,173.5962677001953,525.0991821289062,217.97218322753906,111.94225311279297,110.44641876220703,349.3621826171875,305.9623718261719,140.22682189941406,337.56060791015625,926.4299926757812,369.33203125,236.1390380859375,302.733154296875,495.18939208984375,504.2200012207031,258.055419921875,224.75570678710938,302.9676818847656,142.42691040039062,73.82249450683594,454.0045471191406,1033.642578125,626.791748046875,264.15167236328125,233.01649475097656,536.9655151367188,311.1399230957031,57.48625183105469,715.2241821289062,60.07006072998047,108.677734375,181.82289123535156,428.3822937011719,414.6419982910156,86.66989135742188,83.48999786376953,60.857879638671875,117.01000213623047,190.8971710205078,163.43858337402344,176.97000122070312,150.6842498779297,25.563446044921875,149.51954650878906,146.58999633789062,176.38995361328125,150.06866455078125,739.4547729492188,90.82845306396484,103.19993591308594,352.94244384765625,47.84552001953125,465.1199951171875,87.88627624511719,497.0133361816406,367.5814208984375,25.595800399780273,148.8999481201172,577.459716796875,430.4100036621094,214.46031188964844,283.099609375,232.66897583007812,320.5032653808594,43.125152587890625,89.5355453491211,220.40469360351562,118.66951751708984,139.51678466796875,123.4190902709961
2026-02-02,269.50927734375,222.2018585205078,107.95789337158203,261.4034118652344,293.3800048828125,243.68251037597656,327.5837097167969,246.27000427246094,339.7425231933594,170.35548400878906,242.9600067138672,144.4262237548828,233.02000427246094,53.44856643676758,203.91104125976562,1107.221923828125,54.70210647583008,91.87000274658203,138.3746795654297,115.68277740478516,688.3201904296875,309.3686218261719,289.19000244140625,268.4962463378906,28.856706619262695,100.25888061523438,362.1046447753906,965.4219360351562,79.90646362304688,74.30377197265625,170.7798614501953,529.3258666992188,222.48318481445312,103.6557388305664,106.78227996826172,357.335205078125,307.8771667480469,141.15541076660156,343.24322509765625,937.2451782226562,372.8125,236.18055725097656,310.6593017578125,483.4776306152344,496.7300109863281,260.9692077636719,228.21731567382812,305.1961669921875,140.68240356445312,74.33563995361328,457.1738586425781,1040.5989990234375,628.5509643554688,266.1299133300781,237.04881286621094,553.4893798828125,314.62664794921875,57.70254898071289,705.152099609375,60.30262756347656,111.73297882080078,184.110595703125,421.49298095703125,437.5488586425781,85.12186431884766,82.76000213623047,61.2221794128418,118.0,185.38389587402344,158.94993591308594,175.4199981689453,152.22413635253906,25.776151657104492,150.91848754882812,147.75999450683594,176.88145446777344,151.0883331298828,752.9882202148438,90.57162475585938,104.44127655029297,354.6541748046875,47.519161224365234,457.8900146484375,86.78413391113281,496.89093017578125,366.1690673828125,25.683691024780273,149.25775146484375,580.6134033203125,421.80999755859375,223.8724822998047,281.77752685546875,232.79762268066406,332.4637756347656,43.21232986450195,91.29676818847656,221.3170928955078,123.5700912475586,136.55674743652344,123.53775024414062
2026-02-03,268.98028564453125,222.2215576171875,107.57306671142578,236.33987426757812,271.92999267578125,231.39797973632812,317.8778991699219,242.11000061035156,333.7397766113281,169.7964630126953,238.6199951171875,146.548828125,233.14999389648438,53.864051818847656,184.89791870117188,1058.192626953125,54.799983978271484,91.62000274658203,131.12686157226562,117.15580749511719,700.25537109375,311.4857482910156,268.5,272.3030700683594,29.02249526977539,103.33195495605469,360.3019104003906,974.9529418945312,82.35400390625,75.69290924072266,174.7149658203125,542.0057983398438,215.69180297851562,103.427490234375,108.7719497680664,360.4071044921875,309.0938720703125,141.54067993164062,339.26837158203125,929.9755859375,375.75067138671875,239.65745544433594,290.5033874511719,430.8441467285156,478.8800048828125,275.4888916015625,230.54151916503906,311.8420715332031,135.2055206298828,75.87503814697266,460.5617370605469,1000.0664672851562,620.901611328125,271.85687255859375,229.66287231445312,548.8551635742188,315.5650329589844,58.46942901611328,690.4683227539062,62.172855377197266,114.16730499267578,181.9322967529297,409.3868713378906,419.1993713378906,87.57701110839844,79.94000244140625,59.99143600463867,109.7699966430664,180.12030029296875,153.59732055664062,166.24000549316406,159.7274627685547,24.91565704345703,153.01690673828125,157.8800048828125,173.99142456054688,145.70291137695312,757.1370239257812,91.90515899658203,103.01126098632812,357.9184875488281,49.210269927978516,419.1400146484375,88.69319915771484,440.9076232910156,358.88824462890625,26.20127296447754,151.14622497558594,568.9566040039062,421.9599914550781,224.0714874267578,280.3863220214844,238.99290466308594,327.57403564453125,44.80094528198242,91.33634185791016,223.2311553955078,127.20567321777344,141.81576538085938,121.03614044189453
2026-02-04,275.97723388671875,213.8018341064453,106.76394653320312,236.77096557617188,279.7099914550781,230.99440002441406,296.8602600097656,200.19000244140625,360.95428466796875,173.15060424804688,232.99000549316406,129.54812622070312,235.9499969482422,54.78404235839844,183.40469360351562,1064.2052001953125,56.39533615112305,75.5,131.77328491210938,116.87712860107422,689.2268676757812,327.4586181640625,271.4200134277344,268.664306640625,29.744155883789062,105.97164154052734,328.64910888671875,975.3816528320312,80.42173767089844,74.12643432617188,177.8453826904297,564.1434936523438,218.6094970703125,106.23597717285156,112.94828033447266,362.86260986328125,307.5081787109375,144.45486450195312,332.6070556640625,904.5322265625,381.7650451660156,244.2656707763672,285.3114013671875,442.30780029296875,478.489990234375,285.257568359375,231.89646911621094,314.23895263671875,130.38595581054688,76.32896423339844,470.25836181640625,1103.3758544921875,595.7002563476562,272.8459777832031,209.3814697265625,551.6456909179688,319.72344970703125,58.40060806274414,667.7987670898438,63.141883850097656,116.6213607788086,179.11741638183594,412.35369873046875,379.1823425292969,88.7109146118164,80.16000366210938,63.23075866699219,111.06999969482422,173.97779846191406,145.65280151367188,166.72000122070312,162.99359130859375,25.892173767089844,154.54391479492188,139.5399932861328,177.3238067626953,147.395751953125,772.9743041992188,95.78722381591797,103.16021728515625,367.1441345214844,50.7827033996582,418.9800109863281,88.85065460205078,438.3650207519531,358.72906494140625,26.58213233947754,153.00486755371094,564.0962524414062,406.010009765625,221.79306030273438,272.2366027832031,247.1773681640625,328.5898132324219,45.537132263183594,92.1575927734375,224.56007385253906,127.4945297241211,145.6243438720703,125.27799224853516
2026-02-05,275.3983459472656,215.68272399902344,107.63227081298828,228.86392211914062,269.3900146484375,230.32505798339844,303.2343444824219,192.5,362.5313415527344,168.1880340576172,222.69000244140625,127.18635559082031,236.9499969482422,54.34877395629883,176.8875732421875,1043.08251953125,58.25495529174805,77.63999938964844,124.22183227539062,115.19508361816406,675.7674560546875,329.27752685546875,270.1400146484375,281.3406066894531,30.08548355102539,103.4009017944336,350.75030517578125,986.2884521484375,81.6108169555664,75.20030975341797,175.8827362060547,562.6218872070312,214.84535217285156,104.17179107666016,110.80101776123047,352.5931396484375,305.5434875488281,147.55674743652344,330.8193664550781,881.8619995117188,377.0028381347656,242.70884704589844,286.14056396484375,431.65802001953125,476.32000732421875,284.75384521484375,235.18002319335938,307.1968688964844,132.7608184814453,77.47366333007812,456.7068786621094,1017.3876953125,602.0450439453125,271.89642333984375,212.90475463867188,550.021240234375,319.5160217285156,59.29529571533203,669.0166015625,63.3647575378418,118.0208511352539,174.90008544921875,391.9246520996094,382.6703796386719,87.96155548095703,80.87000274658203,61.734169006347656,102.62999725341797,171.6706085205078,135.53347778320312,154.77000427246094,164.31771850585938,25.611785888671875,156.25811767578125,130.00999450683594,178.9064483642578,134.93211364746094,764.5670166015625,94.89820098876953,101.29324340820312,359.3117980957031,48.96303176879883,410.44000244140625,89.62805938720703,425.3697509765625,360.47967529296875,26.670024871826172,154.4559783935547,541.28173828125,397.2099914550781,222.8477020263672,264.9649963378906,248.8498992919922,327.773193359375,45.62431335449219,91.03951263427734,224.72869873046875,126.438720703125,144.13446044921875,125.30765533447266
2026-02-06,277.6042175292969,220.02552795410156,109.35904693603516,235.7617645263672,268.3800048828125,227.7362518310547,321.7083435058594,208.44000244140625,378.8147277832031,167.97225952148438,210.32000732421875,135.7564697265625,243.02999877929688,55.92166519165039,177.43495178222656,1044.6448974609375,60.67245864868164,76.2699966430664,127.02302551269531,122.11236572265625,723.4779663085938,328.96942138671875,283.5199890136719,288.77630615234375,30.59259796142578,106.00119018554688,357.8119201660156,998.1224365234375,84.04844665527344,77.1904067993164,177.4822998046875,579.9064331054688,215.70175170898438,107.87342071533203,111.99285125732422,371.6309814453125,320.134033203125,150.64874267578125,322.4402770996094,919.8339233398438,379.7438049316406,247.41046142578125,295.0636291503906,440.4517822265625,488.1499938964844,289.9691162109375,237.3558807373047,319.3199462890625,143.92405700683594,77.9867935180664,445.3311767578125,1054.6014404296875,616.2763671875,275.3484191894531,230.57113647460938,546.8818359375,323.1509094238281,59.01017379760742,660.2822265625,63.374446868896484,120.16937255859375,178.99806213378906,399.3615417480469,394.4635925292969,88.2179183959961,82.19999694824219,62.93537521362305,100.73999786376953,185.1841278076172,141.8295135498047,159.32000732421875,167.22096252441406,26.317584991455078,156.80979919433594,135.89999389648438,179.70266723632812,135.961669921875,783.3961791992188,98.23697662353516,104.3519058227539,360.247314453125,50.139888763427734,426.8800048828125,88.64399719238281,413.66461181640625,356.3717956542969,26.49424171447754,154.91319274902344,541.7508544921875,411.1099853515625,220.32054138183594,272.95684814453125,250.0078125,330.21307373046875,44.859066009521484,93.4358139038086,224.91709899902344,130.66197204589844,147.06491088867188,125.98990631103516
2026-02-09,274.3672180175781,219.85812377929688,109.59585571289062,231.97970581054688,266.8999938964844,223.07049560546875,329.748291015625,216.0,370.4364929199219,170.3652801513672,208.72000122070312,143.69876098632812,244.7100067138672,55.802955627441406,168.67221069335938,1067.903564453125,59.47838592529297,74.12000274658203,130.2134552001953,123.18727111816406,739.3382568359375,324.1984558105469,291.0,291.0999450683594,30.826648712158203,107.06494140625,361.8157958984375,994.5633544921875,85.99061584472656,74.64859008789062,179.1898193359375,582.4523315429688,215.75155639648438,106.31536102294922,112.1603012084961,374.8520202636719,315.8855285644531,149.8386993408203,323.8984069824219,934.5612182617188,375.6520690917969,248.92575073242188,292.50714111328125,434.2286682128906,492.8399963378906,287.0157470703125,236.02069091796875,319.0228271484375,143.64578247070312,76.9407958984375,453.3786315917969,1041.1370849609375,630.8140869140625,273.8746337890625,228.84442138671875,533.5172729492188,321.6100158691406,59.708229064941406,676.0140991210938,62.405418395996094,115.951171875,181.3752899169922,411.76629638671875,383.280029296875,88.22777557373047,81.47000122070312,61.448638916015625,103.87000274658203,189.80848693847656,155.50401306152344,166.0,163.27804565429688,26.153221130371094,154.99710083007812,142.91000366210938,178.73931884765625,137.53570556640625,778.1802368164062,97.772705078125,106.4671401977539,358.8739013671875,49.98165512084961,438.8999938964844,87.95515441894531,418.2882385253906,354.173583984375,26.474712371826172,155.2908935546875,545.6729736328125,417.32000732421875,217.66404724121094,272.01953125,251.71002197265625,324.2378234863281,45.54682159423828,94.07217407226562,228.5964813232422,128.51051330566406,149.19615173339844,125.87126159667969
2026-02-10,273.4280700683594,219.0506134033203,110.78980255126953,235.99693298339844,264.6700134277344,221.99755859375,328.2520446777344,213.57000732421875,359.42645263671875,175.07286071777344,206.9600067138672,143.63897705078125,242.58999633789062,54.79393768310547,170.42739868164062,1075.696044921875,59.56647872924805,74.25,132.5914306640625,121.57490539550781,739.5873413085938,324.2779541015625,299.0,284.5838623046875,31.50930404663086,105.88299560546875,358.55889892578125,968.283203125,85.50507354736328,74.57962799072266,178.8561553955078,590.1497802734375,218.82858276367188,109.12384033203125,111.00786590576172,375.2596130371094,315.4765930175781,145.44271850585938,318.16583251953125,939.879638671875,384.210205078125,252.55836486816406,289.62835693359375,418.2391357421875,495.1499938964844,290.6407470703125,235.73390197753906,315.2392883300781,142.71617126464844,75.79609680175781,457.5215759277344,1021.5336303710938,622.1863403320312,281.5699157714844,226.1794891357422,538.5601196289062,321.9754943847656,59.629573822021484,669.5256958007812,62.405418395996094,115.4583969116211,176.9391326904297,411.437744140625,373.035888671875,89.55888366699219,82.20999908447266,62.06893539428711,106.4800033569336,188.31031799316406,158.7811279296875,165.50999450683594,163.76846313476562,26.694656372070312,156.7211456298828,139.50999450683594,179.58470153808594,138.68406677246094,752.8784790039062,96.34039306640625,98.56229400634766,362.9045104980469,49.76408386230469,437.45001220703125,89.27379608154297,377.6921081542969,359.126953125,26.767681121826172,152.3588104248047,538.726806640625,425.2099914550781,219.80316162109375,269.5726623535156,258.61785888671875,327.4910888671875,45.90522766113281,91.38752746582031,229.806396484375,126.19966888427734,149.57107543945312,126.69194793701172
2026-02-11,275.24639892578125,217.52423095703125,112.08241271972656,225.77749633789062,257.1600036621094,214.16224670410156,339.03515625,213.5800018310547,361.32879638671875,177.00491333007812,204.0800018310547,143.53932189941406,236.25999450683594,53.270503997802734,171.6734161376953,1070.8504638671875,58.65624237060547,73.47000122070312,132.24462890625,116.83731079101562,772.0950317382812,327.0809326171875,299.6499938964844,291.42626953125,31.67508888244629,109.53719329833984,364.236083984375,975.17236328125,84.76189422607422,75.88009643554688,182.34967041015625,609.3239135742188,219.0576171875,107.29783630371094,116.44498443603516,393.77056884765625,312.8836364746094,153.90869140625,310.5557556152344,935.5219116210938,385.1961975097656,251.89410400390625,270.8168029785156,396.7013854980469,496.1199951171875,294.4139099121094,238.21633911132812,307.8505554199219,147.56964111328125,77.56246948242188,464.47613525390625,1011.7767333984375,621.3364868164062,283.9140930175781,234.67332458496094,535.6400756835938,319.2492980957031,60.4357795715332,667.4993286132812,63.87833786010742,117.58719635009766,175.73558044433594,402.5771789550781,410.1046142578125,90.08147430419922,79.62000274658203,61.38956069946289,100.58000183105469,189.8184814453125,156.07005310058594,165.3000030517578,165.9066619873047,26.81067657470703,157.62750244140625,135.67999267578125,183.10386657714844,139.62452697753906,776.8737182617188,97.91100311279297,94.78861999511719,365.2134094238281,51.291080474853516,438.2099914550781,89.41156005859375,367.9739074707031,361.7528381347656,27.802839279174805,149.834228515625,526.1219482421875,428.2699890136719,225.41465759277344,275.18670654296875,260.0924377441406,328.558837890625,47.43572998046875,88.44434356689453,232.7221221923828,128.26148986816406,153.4882049560547,127.22587585449219
2026-02-12,261.4891052246094,224.0335235595703,109.99055480957031,217.56671142578125,262.5,206.67144775390625,327.57373046875,205.94000244140625,360.95428466796875,184.5664825439453,199.60000610351562,143.23040771484375,239.35000610351562,51.95481872558594,165.56910705566406,1043.9031982421875,58.587730407714844,74.12000274658203,128.57861328125,110.62669372558594,755.4476318359375,330.5001220703125,288.3299865722656,284.3860778808594,31.031444549560547,109.16290283203125,349.6546630859375,995.8294067382812,74.3177719116211,76.77662658691406,178.99354553222656,594.823974609375,214.03875732421875,101.60147857666016,116.08053588867188,388.0442810058594,312.0459289550781,149.96713256835938,308.5982971191406,895.8662109375,384.74267578125,248.91539001464844,257.6238708496094,394.9842834472656,478.6000061035156,294.8485107421875,241.86582946777344,299.7487487792969,144.7120361328125,77.95719146728516,469.7914123535156,1034.7587890625,629.9641723632812,282.4205627441406,230.85060119628906,525.6738891601562,328.0105895996094,60.8192138671875,648.6529541015625,64.93458557128906,117.5182113647461,167.1616668701172,400.05841064453125,413.7325439453125,90.64349365234375,75.86000061035156,60.1588134765625,103.29000091552734,186.7122802734375,155.394775390625,162.80999755859375,163.99403381347656,26.559295654296875,158.81956481933594,129.1300048828125,185.73831176757812,137.08033752441406,781.5411987304688,95.57978820800781,94.42119598388672,370.81646728515625,50.375877380371094,423.3500061035156,91.08446502685547,374.0383605957031,363.89129638671875,28.125106811523438,153.67665100097656,508.80645751953125,417.07000732421875,221.87265014648438,280.57379150390625,259.06317138671875,323.50933837890625,47.910369873046875,85.79946899414062,229.1022491455078,133.1122589111328,148.91920471191406,124.2298812866211
2026-02-13,255.5445556640625,227.97256469726562,111.18448638916016,219.7026824951172,263.9700012207031,208.78775024414062,354.0278015136719,207.32000732421875,366.4229736328125,188.4011993408203,198.7899932861328,146.2100067138672,242.9600067138672,51.9844970703125,164.8326416015625,1059.6068115234375,59.44902801513672,74.7300033569336,128.6677703857422,110.33805847167969,771.2980346679688,322.9858093261719,299.4599914550781,288.17315673828125,30.787639617919922,109.75387573242188,360.0008544921875,1015.389892578125,76.15094757080078,77.31848907470703,180.30853271484375,599.6075439453125,211.6886444091797,104.64813232421875,118.91730499267578,386.9706115722656,314.5591125488281,153.09864807128906,305.32257080078125,896.4506225585938,385.56097412109375,250.5240936279297,260.4630126953125,396.4135437011719,485.8399963378906,295.92510986328125,240.7779083251953,299.6595764160156,146.03660583496094,77.64141845703125,477.87860107421875,1038.2127685546875,644.936767578125,284.26031494140625,235.08253479003906,516.6046752929688,323.5657653808594,61.536930084228516,638.630859375,65.16714477539062,119.65689086914062,170.2351531982422,399.5407409667969,411.42388916015625,92.4873275756836,76.87000274658203,62.15755081176758,107.08000183105469,182.58731079101562,159.02938842773438,166.9499969482422,162.75820922851562,26.665651321411133,157.6964874267578,131.41000366210938,184.32278442382812,139.28794860839844,801.0086669921875,93.24347686767578,93.3849105834961,367.12420654296875,50.12717819213867,437.0899963378906,93.43635559082031,385.6587829589844,364.0902099609375,28.01768684387207,153.95574951171875,503.81640625,417.44000244140625,225.0166778564453,289.2760314941406,257.9844665527344,313.4302062988281,47.47446823120117,86.48554992675781,232.58328247070312,133.36126708984375,147.44918823242188,125.22855377197266
2026-02-17,263.6371154785156,229.3118438720703,110.77006530761719,215.4503173828125,260.45001220703125,209.74256896972656,358.2373352050781,203.0800018310547,370.56170654296875,189.3721160888672,201.14999389648438,148.0535888671875,244.0399932861328,52.172454833984375,164.8147430419922,1060.75390625,59.06731414794922,76.29000091552734,130.18373107910156,113.24430847167969,761.8934326171875,329.8838806152344,283.4599914550781,287.4513244628906,30.76813507080078,107.14373779296875,359.142822265625,1008.9794311523438,76.15094757080078,77.0426254272461,178.91131591796875,597.5390625,205.49472045898438,104.63821411132812,117.95201110839844,389.197509765625,326.1976013183594,153.38511657714844,301.6273498535156,907.2459106445312,377.6634521484375,251.8422088623047,256.4227294921875,376.3348083496094,493.3500061035156,293.7718811035156,240.6592254638672,304.1958312988281,146.8315887451172,78.50979614257812,479.0906982421875,1034.2696533203125,641.9718627929688,278.09814453125,235.1324462890625,520.1626586914062,323.6052551269531,58.85286331176758,638.151611328125,64.47914123535156,119.81456756591797,170.62306213378906,395.1004943847656,399.5506591796875,91.4125747680664,77.0,63.82151412963867,105.91000366210938,184.7446746826172,152.9021759033203,163.5,158.81529235839844,26.462614059448242,157.18417358398438,133.02000427246094,180.52838134765625,141.19859313964844,791.3945922851562,94.83415222167969,92.74720001220703,366.17877197265625,49.580047607421875,421.95001220703125,91.24451446533203,386.5157165527344,367.2034606933594,28.00792121887207,156.45755004882812,500.5928039550781,410.6300048828125,224.54905700683594,285.23077392578125,260.0825500488281,318.8390197753906,47.39698028564453,86.90316009521484,233.27749633789062,128.34117126464844,145.20443725585938,124.1507797241211
2026-02-18,264.106689453125,225.2349395751953,111.78639221191406,219.09521484375,263.1700134277344,213.80787658691406,368.3820495605469,200.1199951171875,376.88397216796875,183.02670288085938,204.7899932861328,147.21649169921875,238.92999267578125,52.78578186035156,169.98353576660156,1080.1263427734375,58.46049118041992,76.27999877929688,131.6798553466797,115.72258758544922,749.1513061523438,327.2995910644531,305.010009765625,286.8679504394531,30.816898345947266,109.70470428466797,359.4022521972656,993.057861328125,77.46884155273438,76.59928894042969,182.20118713378906,590.0106201171875,207.6855010986328,106.28559112548828,120.43416595458984,378.152587890625,328.69085693359375,150.88584899902344,302.9356689453125,924.76611328125,378.1366882324219,250.27500915527344,258.8846130371094,386.65704345703125,500.760009765625,292.52734375,242.30101013183594,305.8300476074219,147.84130859375,78.44071960449219,482.1308288574219,1018.8062133789062,642.19921875,279.0575866699219,239.63388061523438,526.192138671875,323.8719787597656,59.06916427612305,642.0746459960938,64.70201110839844,119.90327453613281,175.6460723876953,397.8283386230469,420.70855712890625,89.94342803955078,77.98999786376953,64.54026794433594,107.80999755859375,187.75099182128906,155.0869140625,152.35000610351562,161.23793029785156,26.462614059448242,154.53407287597656,135.3800048828125,179.56504821777344,141.80247497558594,790.0282592773438,95.2020034790039,95.03897094726562,364.00921630859375,51.3209228515625,442.30999755859375,90.29239654541016,394.92498779296875,375.2998962402344,27.226665496826172,156.71669006347656,512.5390014648438,411.32000732421875,222.1910400390625,284.3526916503906,262.2597961425781,319.6373596191406,46.544551849365234,88.05656433105469,232.1270751953125,126.11998748779297,149.66415405273438,127.68072509765625
2026-02-19,260.3401184082031,220.9315185546875,110.70099639892578,210.61004638671875,259.2099914550781,212.58729553222656,369.37078857421875,203.3699951171875,372.6856689453125,181.23194885253906,204.86000061035156,150.67442321777344,233.7100067138672,52.20213317871094,159.5321044921875,1069.268310546875,59.018375396728516,75.72000122070312,124.60542297363281,115.0059814453125,757.6792602539062,327.17034912109375,296.5899963378906,282.7150573730469,30.602346420288086,110.76681518554688,358.2847900390625,984.8229370117188,77.84539031982422,76.1756591796875,183.10292053222656,658.3629760742188,210.36422729492188,105.19395446777344,122.0101547241211,375.1104736328125,333.8369445800781,149.28549194335938,302.456298828125,907.85009765625,373.2660217285156,249.89097595214844,254.40756225585938,378.6871032714844,499.5299987792969,290.2160339355469,244.19993591308594,305.10699462890625,146.80264282226562,77.8683853149414,486.9294738769531,1021.4616088867188,658.70361328125,275.15057373046875,236.93902587890625,518.498291015625,323.10150146484375,57.65339279174805,643.6318969726562,65.88422393798828,120.10037994384766,173.4379425048828,397.5988464355469,417.110595703125,90.35755157470703,77.0,64.5993423461914,107.37000274658203,187.6710968017578,155.454345703125,150.99000549316406,161.43408203125,25.969520568847656,156.20884704589844,134.88999938964844,180.3809356689453,139.85223388671875,780.2745971679688,95.24176788330078,93.53437805175781,355.898193359375,51.271183013916016,442.44000244140625,94.26947021484375,392.37298583984375,370.6648254394531,27.226665496826172,155.99903869628906,514.0958862304688,411.7099914550781,216.9476776123047,286.0595703125,260.25079345703125,318.2701721191406,47.116065979003906,87.07218933105469,231.49237060546875,124.37689208984375,149.95220947265625,125.85147857666016
2026-02-20,264.3364562988281,221.38450622558594,110.72073364257812,211.00198364257812,258.6099853515625,211.1107940673828,374.9139099121094,200.14999389648438,371.9412841796875,183.7034149169922,210.11000061035156,150.51498413085938,232.02999877929688,52.489009857177734,162.29244995117188,1081.490966796875,59.3707275390625,74.58000183105469,120.1566390991211,115.453857421875,756.8922119140625,329.6155090332031,296.2799987792969,277.16790771484375,30.563339233398438,109.71463775634766,360.2502746582031,982.2807006835938,78.47956848144531,75.55498504638672,182.26063537597656,658.8502807617188,208.62156677246094,104.77715301513672,121.23200988769531,371.1935729980469,342.2940673828125,149.56210327148438,314.5705261230469,913.3864135742188,376.884521484375,253.21221923828125,255.28114318847656,377.7044677734375,504.04998779296875,291.3617858886719,239.8284454345703,307.82086181640625,149.40931701660156,78.78610229492188,493.2879638671875,1007.7852172851562,650.5502319335938,277.30682373046875,244.4547119140625,524.62744140625,325.1955261230469,57.810699462890625,654.4924926757812,65.47723388671875,120.49461364746094,174.47238159179688,396.37152099609375,427.92437744140625,90.8899917602539,78.66999816894531,64.39258575439453,104.2699966430664,189.58877563476562,147.0530242919922,148.6999969482422,161.7773895263672,25.766483306884766,158.39593505859375,135.24000549316406,180.2826385498047,141.44607543945312,778.5072021484375,96.92191314697266,93.69380187988281,358.90374755859375,50.584781646728516,439.94000244140625,93.525634765625,393.1357727050781,378.1943359375,27.324323654174805,157.7134246826172,509.9142150878906,411.82000732421875,218.6191864013672,286.1286315917969,263.3484191894531,320.2860107421875,47.70695114135742,88.19576263427734,228.40805053710938,122.50431823730469,146.28707885742188,127.33464050292969
2026-02-23,265.9349670410156,225.9833526611328,113.75984954833984,197.11807250976562,246.67999267578125,202.5076904296875,373.086181640625,196.60000610351562,376.5763244628906,186.3906707763672,205.27000427246094,147.3061981201172,230.44000244140625,50.520423889160156,154.09341430664062,1059.1123046875,59.948184967041016,74.37000274658203,112.66604614257812,110.22857666015625,753.6344604492188,331.3747863769531,279.79998779296875,280.0057373046875,30.846153259277344,109.06942749023438,365.18890380859375,983.0284423828125,77.03284454345703,75.86038970947266,183.23175048828125,643.2863159179688,210.0355987548828,103.61605072021484,120.47357177734375,359.9299011230469,338.0754699707031,148.01116943359375,311.0850524902344,883.7437133789062,371.6983642578125,252.2677459716797,221.71815490722656,356.86151123046875,492.1000061035156,289.6233825683594,243.1416778564453,294.8262023925781,148.5763702392578,79.49659729003906,494.9570617675781,1056.740966796875,652.882568359375,271.3721618652344,241.80975341796875,494.350341796875,330.460205078125,59.36411666870117,636.1152954101562,66.84356689453125,122.0320816040039,165.90841674804688,383.6390686035156,420.728515625,92.74368286132812,76.0199966430664,62.1181640625,100.80000305175781,191.31666564941406,140.32997131347656,144.13999938964844,165.0925750732422,26.16288948059082,162.72085571289062,130.60000610351562,184.0377197265625,139.00086975097656,785.8662109375,94.22770690917969,92.41838073730469,362.5263366699219,50.972747802734375,420.82000732421875,94.39839935302734,381.1763610839844,382.67022705078125,27.85167121887207,157.17520141601562,515.413330078125,399.8299865722656,218.74851989746094,278.5708923339844,261.0326232910156,305.8858642578125,48.12348175048828,84.66595458984375,228.65597534179688,125.31317901611328,149.74362182617188,124.37820434570312
2026-02-24,271.8895263671875,224.95919799804688,113.05928039550781,192.75791931152344,255.1699981689453,202.4584503173828,377.46075439453125,213.83999633789062,380.00042724609375,186.52796936035156,208.55999755859375,150.97340393066406,233.38999938964844,49.867523193359375,161.96482849121094,1069.040771484375,60.29074478149414,75.1500015258789,115.34126281738281,109.04417419433594,765.3504028320312,334.81390380859375,290.6300048828125,277.8501892089844,30.826648712158203,109.7741928100586,363.5426940917969,995.4007568359375,77.42920684814453,73.08212280273438,183.6578369140625,640.9989013671875,208.3128662109375,105.24357604980469,121.84269714355469,372.3666687011719,344.70758056640625,145.84774780273438,310.495849609375,893.608154296875,379.083251953125,252.8385772705078,227.64454650878906,356.0278015136719,494.0199890136719,290.9469299316406,244.87173461914062,294.459716796875,150.4729461669922,79.65448760986328,500.7293701171875,1040.359130859375,656.64794921875,275.5561218261719,243.78599548339844,496.3136901855469,328.9687194824219,60.101497650146484,638.16162109375,67.10520935058594,122.14049530029297,167.88775634765625,388.1593017578125,417.7702331542969,94.34101104736328,78.04000091552734,63.10275650024414,102.48999786376953,192.61508178710938,145.12648010253906,141.6699981689453,166.28916931152344,26.240238189697266,162.8292236328125,128.83999633789062,183.82144165039062,143.32699584960938,771.0383911132812,95.9476318359375,92.78705596923828,362.984130859375,51.57956314086914,440.7200012207031,95.02322387695312,393.8797302246094,379.2884216308594,27.685653686523438,157.14529418945312,514.5748901367188,409.3800048828125,212.2714385986328,270.29290771484375,263.9026184082031,306.58441162109375,48.29784393310547,84.08924865722656,227.68406677246094,126.24946594238281,148.25372314453125,127.21599578857422
2026-02-25,273.97760009765625,223.46234130859375,113.23688507080078,187.63352966308594,257.80999755859375,210.8942413330078,394.4596252441406,210.86000061035156,381.4494934082031,178.96641540527344,210.63999938964844,152.1094207763672,230.36000061035156,51.133750915527344,165.724365234375,1081.62939453125,59.99712371826172,73.4800033569336,117.1346435546875,113.80167388916016,763.7364501953125,332.5178527832031,301.8399963378906,281.2516174316406,30.0269718170166,109.19847869873047,362.19580078125,991.7418823242188,78.40029907226562,75.0623779296875,182.54800415039062,620.1838989257812,208.6414794921875,104.25118255615234,120.66072082519531,371.3426513671875,341.9649963378906,145.3340606689453,312.49322509765625,912.53466796875,370.2983093261719,251.3751678466797,235.80447387695312,378.3794250488281,506.1700134277344,286.1860656738281,243.76808166503906,300.40240478515625,154.47084045410156,79.40779113769531,504.97161865234375,1027.06201171875,639.916259765625,260.1556701660156,249.00604248046875,507.6651306152344,328.9292297363281,59.108489990234375,652.5260620117188,67.54126739501953,120.69171905517578,172.80136108398438,399.7342224121094,428.75390625,93.77899169921875,82.69999694824219,62.42338943481445,104.2300033569336,195.32176208496094,146.8643341064453,144.83999633789062,165.92626953125,26.191896438598633,160.9672393798828,134.19000244140625,186.57386779785156,144.3565673828125,783.1103515625,97.3593521118164,95.00907897949219,355.5399475097656,51.39055633544922,449.1700134277344,95.13232421875,399.8356018066406,381.9739685058594,27.216903686523438,155.31130981445312,512.6587524414062,417.3999938964844,212.8186492919922,280.40606689453125,261.5175476074219,312.34246826171875,47.68758010864258,86.26679992675781,226.21629333496094,125.25341796875,148.05508422851562,127.50273895263672
2026-02-26,272.6987609863281,221.26632690429688,114.71697235107422,203.19290161132812,259.0400085449219,214.9398651123047,375.2535095214844,203.67999267578125,376.4869689941406,181.44769287109375,207.9199981689453,147.9539337158203,229.41000366210938,51.73719024658203,169.19810485839844,1078.1583251953125,59.80137252807617,75.75,116.86711883544922,115.6429672241211,750.1077880859375,335.87744140625,297.6000061035156,285.58251953125,30.08548355102539,109.88337707519531,365.8074645996094,983.7462158203125,77.38957214355469,76.85543823242188,182.48855590820312,616.0567626953125,208.48214721679688,104.74738311767578,119.31129455566406,372.3964538574219,339.92047119140625,142.02471923828125,306.9804382324219,920.08154296875,369.82501220703125,250.00515747070312,240.2418212890625,391.4707946777344,506.8800048828125,286.7194519042969,242.0778045654297,303.20538330078125,152.2366943359375,79.43739318847656,495.2749938964844,1020.2637329101562,634.114990234375,261.5107727050781,238.61582946777344,513.0269165039062,330.4305725097656,58.9315185546875,655.8401489257812,67.31838989257812,117.57735443115234,176.54127502441406,400.851806640625,415.3216247558594,90.70264434814453,84.58999633789062,62.96491622924805,109.30000305175781,184.66476440429688,149.26756286621094,149.39999389648438,164.36676025390625,26.201562881469727,161.3218994140625,135.94000244140625,184.3129425048828,144.12887573242188,769.6404418945312,97.50848388671875,97.17131805419922,358.77435302734375,51.22144317626953,426.0,95.55879211425781,412.9366149902344,383.9930725097656,26.816509246826172,158.17193603515625,519.0859375,408.5799865722656,211.55508422851562,282.8332214355469,262.70513916015625,316.0448303222656,47.35823440551758,85.80941772460938,231.9683837890625,123.92867279052734,147.53857421875,128.3036346435547
2026-02-27,263.93682861328125,228.54373168945312,114.80577850341797,204.505859375,262.4100036621094,211.0025177001953,371.8377380371094,200.2100067138672,385.25079345703125,188.1658172607422,210.0,145.55230712890625,227.52999877929688,49.29376983642578,168.7637939453125,1051.418701171875,61.04438018798828,76.8499984741211,112.32917022705078,109.67121887207031,740.0455932617188,338.79962158203125,301.3999938964844,286.5713195800781,30.1927547454834,112.6230239868164,371.2848815917969,1007.7232666015625,78.73719787597656,78.71746826171875,185.06495666503906,626.2504272460938,209.75677490234375,105.23365020751953,122.21700286865234,373.71868896484375,341.3367004394531,147.14183044433594,311.354736328125,851.3180541992188,375.3760070800781,254.072998046875,238.45498657226562,405.9715270996094,503.510009765625,287.0651550292969,247.00942993164062,297.4310607910156,152.2606658935547,80.4833984375,504.7828674316406,1050.18212890625,650.372314453125,261.6888122558594,233.44566345214844,515.4586791992188,336.8805847167969,60.54392623901367,647.02587890625,66.9017105102539,122.0320816040039,165.6199493408203,391.8912048339844,412.1334533691406,93.08817291259766,96.23999786376953,61.2221794128418,108.01000213623047,176.97415161132812,144.3916015625,148.9199981689453,166.4853515625,26.73332977294922,164.72073364257812,137.19000244140625,183.6543426513672,140.93128967285156,780.5042114257812,97.4488296508789,94.85961151123047,360.8543701171875,51.072227478027344,414.0,96.58032989501953,417.0802001953125,385.3856201171875,27.353620529174805,161.13223266601562,520.073974609375,402.510009765625,211.03770446777344,289.3549499511719,263.6104431152344,319.4776916503906,48.569068908691406,80.98697662353516,238.85108947753906,127.4447250366211,151.47189331054688,129.6286163330078
2026-03-02,264.476318359375,230.6905059814453,112.60538482666016,201.7721710205078,260.8800048828125,211.6029510498047,371.7178955078125,198.6199951171875,382.8092346191406,186.5377655029297,208.38999938964844,134.69020080566406,229.74000549316406,49.273983001708984,166.39234924316406,1056.4423828125,61.015018463134766,76.22000122070312,114.27117156982422,110.92527770996094,749.5000610351562,340.68817138671875,303.3599853515625,287.58978271484375,30.05622673034668,117.36775970458984,371.793701171875,999.7276000976562,78.69756317138672,80.45143127441406,187.87918090820312,627.4139404296875,205.13624572753906,103.53665924072266,126.71837615966797,375.19000244140625,344.8072814941406,148.208740234375,306.12152099609375,857.9190063476562,365.6051025390625,258.7145080566406,237.62110900878906,415.926513671875,496.25,287.5985412597656,247.13868713378906,294.7172546386719,153.29933166503906,79.16109466552734,506.0346984863281,1016.2206420898438,672.2987670898438,254.36941528320312,230.5611572265625,519.2357788085938,330.717041015625,59.4231071472168,652.396240234375,66.56254577636719,119.65689086914062,166.10733032226562,397.6886291503906,412.4333190917969,92.03588104248047,97.08999633789062,60.46891784667969,109.41999816894531,182.25770568847656,148.21490478515625,150.14999389648438,164.072509765625,26.356258392333984,161.08546447753906,145.1699981689453,180.6955108642578,139.61463928222656,789.630615234375,96.19617462158203,95.1485824584961,355.1790771484375,51.00259017944336,424.6600036621094,96.43157196044922,418.2128601074219,384.94793701171875,27.353620529174805,159.4178466796875,507.5688781738281,403.32000732421875,208.75929260253906,290.9928283691406,265.59014892578125,319.846923828125,48.41408157348633,82.11056518554688,241.06268310546875,126.59809112548828,153.1802978515625,127.51263427734375
2026-03-03,263.5072326660156,230.29661560058594,112.1021499633789,205.6522216796875,270.989990234375,212.88259887695312,350.8837890625,190.9499969482422,374.1744384765625,186.58680725097656,208.72999572753906,129.1295928955078,224.1199951171875,49.4322624206543,165.3609161376953,1040.89697265625,59.918827056884766,73.8499984741211,109.90165710449219,110.23853302001953,719.4730224609375,336.2550964355469,300.6300048828125,280.747314453125,30.241518020629883,117.64569091796875,370.58648681640625,1004.71240234375,78.24174499511719,79.29873657226562,187.0567169189453,615.8179931640625,203.15457153320312,102.51448822021484,126.0879898071289,353.4779052734375,333.23858642578125,146.0354461669922,303.1853332519531,858.795166015625,361.76971435546875,254.34417724609375,243.48793029785156,430.1097106933594,497.4200134277344,282.4721984863281,245.3390350341797,297.3914489746094,143.95126342773438,78.2927017211914,498.42437744140625,1005.9982299804688,663.4765625,254.89361572265625,216.85723876953125,522.5445556640625,329.932373046875,57.78120803833008,653.91357421875,66.75635528564453,118.09969329833984,165.0629425048828,403.0570068359375,379.4621887207031,91.91675567626953,97.69999694824219,58.86328887939453,113.19000244140625,179.83065795898438,147.97657775878906,156.08999633789062,161.74795532226562,25.698802947998047,157.35165405273438,147.22000122070312,174.90560913085938,136.74374389648438,765.5166015625,96.11663818359375,94.89947509765625,347.9278564453125,48.326622009277344,424.32000732421875,95.99517822265625,419.0718078613281,382.53094482421875,27.998153686523438,159.18861389160156,507.0898742675781,392.42999267578125,201.6454315185547,285.34918212890625,264.4659729003906,320.166259765625,49.27619552612305,82.06084442138672,241.4296112060547,127.40489196777344,150.80641174316406,124.51663208007812
2026-03-04,262.2783508300781,232.5911102294922,111.59891510009766,205.75999450683594,273.1199951171875,213.7586669921875,357.3157958984375,202.07000732421875,376.4273986816406,187.126220703125,216.82000732421875,132.28857421875,227.30999755859375,49.75871276855469,169.33026123046875,1037.57421875,61.00523376464844,72.20999908447266,113.09209442138672,110.79589080810547,729.226318359375,332.1202697753906,305.42999267578125,281.5482177734375,31.294754028320312,114.79686737060547,367.34393310546875,1003.685546875,80.1343765258789,79.37755584716797,184.34158325195312,610.6664428710938,203.87155151367188,102.2564697265625,125.90084838867188,352.38433837890625,338.89324951171875,146.4207000732422,302.7359619140625,863.4446411132812,363.928955078125,256.555419921875,248.23300170898438,436.84893798828125,501.17999267578125,283.6476135253906,243.8973388671875,296.52978515625,147.40286254882812,77.0690689086914,495.9505615234375,1001.8453979492188,660.1582641601562,255.8035888671875,222.83303833007812,521.1492919921875,329.5052490234375,57.70254898071289,666.541015625,66.01020812988281,118.54319763183594,166.68423461914062,404.32427978515625,400.5400695800781,91.92668151855469,98.66000366210938,58.119937896728516,113.86000061035156,182.8170166015625,151.31326293945312,158.55999755859375,160.77694702148438,25.737478256225586,155.95272827148438,153.19000244140625,175.9967498779297,138.10987854003906,786.3255615234375,96.58390045166016,95.69661712646484,346.7709045410156,47.640220642089844,430.9800109863281,96.82827758789062,420.4970397949219,379.8454284667969,28.30088996887207,161.20199584960938,511.67071533203125,405.94000244140625,201.36683654785156,288.0624694824219,265.3215637207031,319.8070068359375,49.59585952758789,83.45288848876953,241.93540954589844,127.3052749633789,148.80996704101562,124.54629516601562
2026-03-05,260.0504150390625,228.8096160888672,109.5662612915039,209.6792449951172,281.739990234375,219.21188354492188,346.0997314453125,199.4499969482422,364.8448791503906,184.02706909179688,218.94000244140625,135.7664337158203,222.05999755859375,49.273983001708984,183.64952087402344,1023.5023803710938,59.44902801513672,72.98999786376953,114.4891586303711,108.43704986572266,703.433349609375,330.4504089355469,299.8399963378906,279.6492614746094,30.816898345947266,115.95823669433594,358.45440673828125,979.5889282226562,79.28219604492188,77.52538299560547,188.17645263671875,587.4447631835938,201.15301513671875,101.63125610351562,129.06265258789062,352.71240234375,326.10784912109375,143.3780975341797,300.4888610839844,831.7941284179688,356.603271484375,248.63877868652344,254.6755828857422,463.2996520996094,496.70001220703125,279.0447692871094,238.259765625,290.74554443359375,142.75379943847656,76.01319885253906,486.87982177734375,981.5703125,650.7399291992188,251.93618774414062,214.52886962890625,522.8833618164062,325.2441711425781,57.20112991333008,659.393798828125,64.905517578125,114.39398956298828,161.68112182617188,409.79241943359375,396.8222351074219,90.46736907958984,99.16999816894531,57.50543975830078,120.37999725341797,183.1166534423828,153.71649169921875,163.16000366210938,157.61868286132812,25.727807998657227,151.70663452148438,152.6699981689453,166.8155059814453,136.49586486816406,763.7891845703125,98.11492919921875,95.0688705444336,334.5824890136719,47.15277862548828,442.29998779296875,96.40180969238281,425.7922058105469,368.5163879394531,28.29112434387207,160.4046173095703,517.8085327148438,405.54998779296875,196.97914123535156,284.9150390625,258.85516357421875,319.13836669921875,49.57648468017578,81.64323425292969,244.05772399902344,122.82305145263672,149.74362182617188,120.85816955566406
2026-03-06,257.2229919433594,226.60374450683594,108.10590362548828,210.6590576171875,283.6199951171875,222.6964569091797,324.3367919921875,192.42999267578125,366.7604064941406,184.95877075195312,213.2100067138672,131.41160583496094,231.11000061035156,48.38858413696289,181.56076049804688,950.0960693359375,59.00859069824219,71.3499984741211,109.38643646240234,106.0284423828125,678.3477783203125,326.01739501953125,296.94000244140625,270.0648193359375,31.119213104248047,116.20639038085938,357.63629150390625,995.0717163085938,77.9246597290039,76.76676940917969,188.21609497070312,586.52978515625,194.68026733398438,100.76787567138672,129.4369354248047,345.713623046875,322.2383117675781,142.18276977539062,298.1319274902344,817.8157348632812,352.89605712890625,245.41580200195312,256.95880126953125,477.5721435546875,490.1600036621094,273.7603759765625,239.0253448486328,286.7144470214844,134.2836151123047,76.02306365966797,481.59429931640625,988.628173828125,667.40087890625,249.1468963623047,199.18968200683594,520.5712890625,325.85003662109375,57.41743087768555,643.7117309570312,64.45006561279297,114.11803436279297,159.41331481933594,408.0761413574219,370.08758544921875,90.35816955566406,99.0199966430664,56.50439453125,124.33999633789062,177.60337829589844,151.89918518066406,165.0500030517578,157.77008056640625,26.153221130371094,151.3519744873047,157.16000366210938,167.0907440185547,135.190673828125,758.7267456054688,98.41317749023438,94.88951110839844,329.0268859863281,46.6553840637207,437.4100036621094,96.67951965332031,426.9720458984375,362.6081848144531,27.968856811523438,158.80984497070312,500.9720458984375,396.7300109863281,192.25314331054688,282.6556396484375,252.79661560058594,316.70343017578125,49.51836395263672,79.96283721923828,244.01806640625,123.31112670898438,150.1905975341797,120.067138671875
2026-03-09,259.6407775878906,223.98428344726562,111.15489196777344,205.13291931152344,282.44000244140625,219.5465545654297,338.5191650390625,202.67999267578125,374.1446533203125,183.0463104248047,213.49000549316406,135.58706665039062,225.0,47.652408599853516,177.1821746826172,952.3035888671875,59.341365814208984,71.9000015258789,109.63414001464844,106.0881576538086,702.1781005859375,322.43914794921875,298.04998779296875,268.1061706542969,30.270774841308594,116.16668701171875,360.9686279296875,1002.2498779296875,75.51676177978516,77.10174560546875,187.7206268310547,596.1864624023438,197.9664306640625,100.886962890625,129.6930389404297,351.79779052734375,321.5292053222656,144.8500213623047,306.1770935058594,828.3792114257812,348.59722900390625,247.8147735595703,251.47911071777344,470.1282043457031,493.55999755859375,273.1874694824219,241.20281982421875,287.1502685546875,142.7278289794922,76.77304077148438,480.4815979003906,1006.6571655273438,659.8304443359375,247.49508666992188,211.00135803222656,515.9668579101562,328.5715637207031,57.1912956237793,646.2373046875,64.96365356445312,115.4189682006836,159.59234619140625,408.5251770019531,389.0966796875,91.34097290039062,98.31999969482422,56.02865219116211,121.93000030517578,182.427490234375,150.50889587402344,165.10000610351562,159.8482208251953,25.92117691040039,152.9183807373047,156.42999267578125,170.30516052246094,137.60177612304688,780.434326171875,99.18862915039062,94.04254913330078,332.53778076171875,46.943870544433594,437.2200012207031,96.45140075683594,420.2893981933594,363.9609375,26.884870529174805,157.62371826171875,508.9561462402344,398.67999267578125,195.2081298828125,283.550537109375,252.29920959472656,315.3163146972656,48.86935806274414,78.38188171386719,244.47425842285156,123.84898376464844,149.42578125,120.98670196533203
2026-03-10,260.58990478515625,223.5509796142578,109.082763671875,197.5590057373047,275.1300048828125,213.96536254882812,345.4505615234375,203.22999572753906,372.6161804199219,182.53631591796875,214.3300018310547,136.26470947265625,217.75999450683594,48.308998107910156,174.4322967529297,961.9392700195312,58.851993560791016,69.95999908447266,108.95046997070312,108.45695495605469,713.9935913085938,323.2740478515625,293.2900085449219,260.9277648925781,30.300029754638672,113.30793762207031,351.3807067871094,994.333984375,76.99320983886719,75.1904525756836,184.59921264648438,589.4635620117188,194.4014434814453,100.54954528808594,125.96979522705078,360.0649719238281,326.1134948730469,146.75657653808594,306.8567199707031,830.1513671875,352.1368103027344,250.96475219726562,248.37197875976562,450.5556640625,485.8500061035156,269.9378662109375,242.31643676757812,285.97161865234375,145.10879516601562,76.85197448730469,474.83843994140625,999.6292114257812,646.9844970703125,248.37538146972656,215.0784912109375,512.97705078125,325.7308349609375,55.6280517578125,652.9053344726562,65.06055450439453,115.39926147460938,159.8907470703125,404.8830871582031,402.8787536621094,90.8743896484375,96.94000244140625,55.582645416259766,116.61000061035156,184.544921875,148.36386108398438,165.5800018310547,159.1060333251953,26.25957489013672,153.69667053222656,151.13999938964844,169.93162536621094,134.70248413085938,770.878662109375,100.18280029296875,92.83687591552734,329.4757080078125,47.859073638916016,432.6499938964844,95.47944641113281,411.00164794921875,356.7298278808594,27.060649871826172,159.00918579101562,499.0857849121094,399.239990234375,196.46177673339844,280.736572265625,248.91677856445312,313.77947998046875,49.12120819091797,77.85489654541016,233.59483337402344,124.62590789794922,147.13136291503906,119.13768005371094
2026-03-11,260.5699157714844,224.21075439453125,108.7867431640625,197.4120330810547,273.7099914550781,209.663818359375,350.6341247558594,204.8300018310547,374.8096618652344,179.3292999267578,212.64999389648438,134.0723419189453,214.10000610351562,48.269203186035156,172.46324157714844,945.8399658203125,58.705177307128906,69.62999725341797,106.2653579711914,108.6759262084961,704.937744140625,320.80908203125,294.1600036621094,259.3667907714844,29.812421798706055,116.16668701171875,349.49505615234375,989.2195434570312,77.38957214355469,74.59933471679688,190.04930114746094,590.7763671875,194.24209594726562,100.12281036376953,130.5204315185547,354.8094787597656,324.7452087402344,144.2276611328125,308.5157470703125,820.1454467773438,345.9154357910156,249.74440002441406,247.05169677734375,437.1566162109375,492.8699951171875,268.1895446777344,241.6005401611328,284.77313232421875,146.31326293945312,76.60527038574219,480.0320129394531,998.121826171875,645.245849609375,244.1914520263672,218.71592712402344,502.2933654785156,323.01922607421875,54.4285774230957,653.6939086914062,64.28533172607422,114.53196716308594,160.02999877929688,404.0049743652344,418.4498291015625,90.99352264404297,94.88999938964844,55.20601272583008,115.62999725341797,185.8134307861328,161.98870849609375,164.92999267578125,158.4825897216797,26.394933700561523,151.04656982421875,151.60000610351562,164.00411987304688,133.62644958496094,773.5046997070312,100.84890747070312,92.33866119384766,321.90533447265625,47.918758392333984,432.9800109863281,95.46953582763672,404.8853454589844,343.9287414550781,26.52353858947754,157.3645782470703,494.7344665527344,407.82000732421875,197.6656494140625,283.63006591796875,249.81211853027344,308.32080078125,49.09214782714844,76.44296264648438,234.5469207763672,123.0023422241211,150.55809020996094,118.44554138183594
2026-03-12,255.52456665039062,221.9359588623047,106.70475006103516,192.09165954589844,269.7799987792969,204.20074462890625,336.8512268066406,197.74000549316406,365.0334777832031,176.39688110351562,209.52999877929688,131.0130157470703,204.75999450683594,46.886390686035156,168.28533935546875,917.7284545898438,57.69707107543945,68.55000305175781,101.18245697021484,105.0032958984375,698.0635986328125,327.5679626464844,290.32000732421875,264.3479309082031,29.412580490112305,119.37286376953125,351.83966064453125,1000.2759399414062,77.03284454345703,74.94415283203125,195.1822967529297,582.6114501953125,185.47900390625,98.67391967773438,131.04246520996094,347.67919921875,306.31817626953125,143.44725036621094,303.3687744140625,784.0645141601562,336.40673828125,243.4444580078125,245.87039184570312,431.8763732910156,479.2699890136719,262.3619384765625,240.6559600830078,280.1874084472656,140.77732849121094,76.58554077148438,488.8641052246094,975.5706176757812,648.5840454101562,236.8423614501953,209.34254455566406,495.6260070800781,321.7279968261719,53.435569763183594,637.0436401367188,65.62259674072266,114.2363052368164,153.5448455810547,400.9914855957031,405.1174621582031,91.0630111694336,94.30999755859375,53.649940490722656,112.97000122070312,182.9268035888672,158.05618286132812,168.1199951171875,157.20602416992188,25.969520568847656,148.26837158203125,153.5,169.076416015625,130.66737365722656,745.4965209960938,99.59624481201172,90.91377258300781,316.8783874511719,44.32759094238281,418.7200012207031,97.03655242919922,396.14501953125,335.4046325683594,26.74814796447754,155.28138732910156,474.94390869140625,395.010009765625,189.0892333984375,275.47662353515625,242.83836364746094,305.86590576171875,49.04372024536133,74.82222747802734,236.63951110839844,124.8350830078125,152.4949493408203,114.16413879394531
2026-03-13,249.8897705078125,216.33267211914062,106.59620666503906,192.67953491210938,249.32000732421875,206.94989013671875,341.10595703125,193.38999938964844,363.4653015136719,180.85926818847656,207.6699981689453,133.45449829101562,209.88999938964844,46.47850799560547,169.22499084472656,918.931640625,57.824310302734375,69.12999725341797,105.79966735839844,105.1924057006836,691.388671875,327.94677734375,287.0299987792969,265.650390625,29.412580490112305,120.99083709716797,349.1458740234375,1005.3704223632812,77.61747741699219,75.00326538085938,195.03366088867188,574.3272094726562,186.53456115722656,98.53498077392578,131.59405517578125,354.4205627441406,299.31689453125,144.0433349609375,302.09954833984375,778.7777709960938,336.5059814453125,244.591796875,244.48062133789062,436.6702575683594,472.1600036621094,263.715087890625,240.13894653320312,280.7321472167969,141.68316650390625,76.8438720703125,492.3630676269531,983.38720703125,641.7984619140625,235.00262451171875,212.05062866210938,496.3037109375,324.26080322265625,53.96648406982422,612.6171875,65.78732299804688,113.94062805175781,154.04217529296875,394.69512939453125,425.88555908203125,92.10537719726562,95.30999755859375,53.50126647949219,113.62000274658203,180.0401611328125,154.03427124023438,167.02000427246094,158.2154083251953,25.698802947998047,148.41615295410156,150.9499969482422,171.6912078857422,129.34228515625,744.6577758789062,98.57225036621094,92.72726440429688,318.9530029296875,44.48675537109375,412.6300048828125,97.20516204833984,398.7784423828125,334.96697998046875,27.070415496826172,154.9225616455078,463.90496826171875,391.20001220703125,189.81553649902344,280.4880065917969,241.1869354248047,306.5046081542969,49.77021789550781,73.67876434326172,237.50076293945312,126.02037811279297,155.06747436523438,114.32234954833984
2026-03-16,252.58729553222656,218.07569885253906,108.49071502685547,195.2858428955078,251.86000061035156,207.5354461669922,345.7501525878906,196.5800018310547,363.5050048828125,181.1534881591797,211.74000549316406,136.32449340820312,213.47000122070312,46.81675338745117,171.29017639160156,937.974365234375,58.440914154052734,69.79000091552734,106.13655090332031,106.8445816040039,697.156982421875,329.09320068359375,292.7200012207031,266.8037109375,29.588123321533203,120.42504119873047,345.085205078125,998.70068359375,78.18229675292969,74.7175521850586,195.053466796875,569.3347778320312,190.58749389648438,97.90977478027344,132.49038696289062,360.0450134277344,303.62152099609375,144.26190185546875,305.3775939941406,791.2826538085938,340.029541015625,244.60223388671875,247.42892456054688,448.92791748046875,483.4599914550781,265.34490966796875,241.7993927001953,283.4261474609375,143.6406707763672,77.32079315185547,495.842041015625,987.4202270507812,641.003662109375,239.47340393066406,219.24554443359375,506.77813720703125,324.44952392578125,56.19829177856445,626.8690185546875,65.4384765625,114.60584259033203,154.86773681640625,399.08563232421875,441.54656982421875,92.14508056640625,95.19999694824219,54.30408477783203,114.87999725341797,183.0067138671875,154.88832092285156,167.4499969482422,156.07789611816406,25.727807998657227,149.86434936523438,152.72000122070312,171.8091583251953,128.9138641357422,755.7811279296875,97.24999237060547,93.29522705078125,321.87542724609375,44.725502014160156,425.8800048828125,98.29612731933594,402.6483459472656,347.6885070800781,27.080183029174805,155.51065063476562,469.5293273925781,395.55999755859375,193.1486053466797,283.8686828613281,240.9581298828125,309.4684143066406,49.37306594848633,75.31938934326172,235.9375457763672,125.49246978759766,156.1699981689453,116.82395935058594
2026-03-17,253.99598693847656,216.4114532470703,109.24063873291016,194.6489715576172,254.1999969482422,208.15077209472656,352.0223693847656,196.30999755859375,358.4233703613281,181.50656127929688,215.1999969482422,134.65032958984375,210.82000732421875,47.035614013671875,177.24761962890625,965.56884765625,58.440914154052734,71.19999694824219,110.97174835205078,107.20288848876953,699.36865234375,329.8408508300781,293.75,261.95184326171875,29.334566116333008,121.96360778808594,333.94085693359375,993.1375732421875,78.5489273071289,73.70279693603516,196.1732177734375,571.1050415039062,194.39149475097656,99.53730010986328,133.68223571777344,362.947021484375,301.7138977050781,143.45716857910156,310.7344055175781,803.498779296875,338.88812255859375,241.37925720214844,254.23878479003906,455.8457946777344,482.760009765625,264.4559020996094,236.74844360351562,284.1492004394531,147.9461669921875,77.08233642578125,492.49261474609375,928.751220703125,632.1913452148438,237.0995330810547,226.31057739257812,504.8646240234375,324.10186767578125,56.96516799926758,622.0834350585938,64.89582061767578,115.04270935058594,156.98635864257812,398.5467834472656,461.4251708984375,91.85719299316406,94.36000061035156,54.63115692138672,116.72000122070312,181.71820068359375,153.6171875,169.19000244140625,154.87059020996094,26.539960861206055,149.2338409423828,155.0800018310547,169.89230346679688,131.1057586669922,757.91796875,97.00144958496094,93.59416198730469,319.8706359863281,45.889400482177734,429.2900085449219,97.46302032470703,408.6419677734375,347.24090576171875,27.197370529174805,154.87274169921875,472.2366027832031,399.2699890136719,193.46697998046875,285.9368896484375,241.06756591796875,307.82183837890625,48.937164306640625,75.79666137695312,235.03146362304688,124.58606719970703,157.73934936523438,120.31433868408203
2026-03-18,249.70994567871094,205.1654510498047,107.05010223388672,191.20982360839844,246.0,206.71170043945312,349.0361022949219,199.4600067138672,348.845703125,177.2108917236328,209.8699951171875,127.36573791503906,205.99000549316406,46.58794021606445,174.81613159179688,962.8839721679688,58.1081428527832,71.27999877929688,112.4876937866211,108.15837097167969,691.0200805664062,326.9598693847656,289.6400146484375,263.0852355957031,27.861984252929688,122.73785400390625,324.4327697753906,976.9468383789062,76.89411926269531,71.93929290771484,196.80740356445312,567.8828735351562,190.69703674316406,98.66399383544922,135.4552001953125,359.5464172363281,300.5852966308594,140.3674774169922,307.5063171386719,801.9456787109375,328.4662780761719,239.81471252441406,249.7617645263672,443.44921875,477.7300109863281,257.5417785644531,235.92318725585938,284.9910583496094,148.0470428466797,75.48265838623047,487.0299072265625,916.4723510742188,638.1026611328125,228.5734100341797,224.55181884765625,486.8159484863281,313.6031188964844,55.519901275634766,615.1099243164062,63.11280822753906,113.68248748779297,158.08045959472656,390.9432678222656,461.46514892578125,90.2986068725586,94.69999694824219,52.995792388916016,113.70999908447266,180.1899871826172,151.83958435058594,168.91000366210938,151.94140625,26.414268493652344,144.53457641601562,152.77000427246094,163.31600952148438,129.98988342285156,743.01025390625,92.12006378173828,92.94647979736328,311.31280517578125,45.08362579345703,428.6700134277344,95.74723815917969,402.695556640625,343.9585876464844,26.767681121826172,152.3709259033203,464.2246398925781,392.7799987792969,189.81553649902344,282.71527099609375,235.34727478027344,298.4013671875,48.03630447387695,75.75688934326172,232.78121948242188,121.49830627441406,156.52757263183594,116.03292846679688
2026-03-19,248.73085021972656,203.0876007080078,105.7673568725586,199.4402313232422,245.99000549316406,209.0737762451172,356.7664794921875,205.27000427246094,347.29742431640625,179.2410125732422,208.75999450683594,130.19586181640625,201.17999267578125,46.767005920410156,171.3408660888672,964.1666870117188,56.87492370605469,69.88999938964844,112.42825317382812,109.33280944824219,686.0687255859375,322.63336181640625,287.3999938964844,263.0455017089844,28.261823654174805,125.09036254882812,330.9776916503906,971.822509765625,77.79584503173828,70.79646301269531,199.61172485351562,564.4617309570312,189.3128662109375,98.44566345214844,136.73570251464844,359.2372741699219,291.2469482421875,140.18865966796875,306.9466552734375,805.9480590820312,325.76654052734375,238.8863983154297,248.54074096679688,451.83599853515625,479.92999267578125,257.4232482910156,236.24136352539062,285.2188415527344,150.95932006835938,75.06536102294922,488.2560119628906,915.92333984375,633.3637084960938,227.20843505859375,233.82528686523438,489.4769287109375,307.4945068359375,55.53956604003906,606.1382446289062,63.05466842651367,113.38462829589844,157.7025146484375,388.1792297363281,444.01513671875,91.73806762695312,91.73999786376953,52.96605682373047,113.2699966430664,178.3521270751953,154.44143676757812,169.74000549316406,151.14974975585938,26.501285552978516,142.69229125976562,155.67999267578125,162.02670288085938,130.79690551757812,736.3502197265625,95.27159118652344,93.65393829345703,309.57733154296875,47.57058334350586,428.25,95.43978118896484,402.2236022949219,337.94097900390625,27.089948654174805,154.17501831054688,469.7391052246094,380.29998779296875,187.33811950683594,278.8473815917969,232.96961975097656,299.0899353027344,47.92974853515625,75.95574951171875,232.821044921875,120.61181640625,157.09373474121094,114.68818664550781
2026-03-20,247.76173400878906,201.94529724121094,104.06031036376953,195.95211791992188,248.14999389648438,207.1186065673828,356.6166687011719,201.3300018310547,345.1932678222656,173.38597106933594,205.3699951171875,126.29945373535156,195.1199951171875,46.91623306274414,172.5278778076172,952.542236328125,56.2583122253418,69.4800033569336,109.4161605834961,109.00436401367188,678.327880859375,321.5766296386719,283.8999938964844,261.325439453125,28.300832748413086,125.98372650146484,326.1588134765625,969.3799438476562,76.94367218017578,70.4220962524414,199.89907836914062,556.6548461914062,188.55606079101562,98.75331115722656,136.64703369140625,355.8166809082031,286.4329528808594,136.3141326904297,300.8203125,809.9603881835938,318.3620910644531,231.0323486328125,240.0035858154297,452.15362548828125,477.9700012207031,254.51931762695312,234.02410888671875,283.8223571777344,149.67596435546875,74.2704849243164,486.6112365722656,905.1419067382812,623.3492431640625,222.18374633789062,228.19924926757812,494.6393737792969,306.7694396972656,55.26427459716797,593.1102905273438,62.47325134277344,113.3647689819336,160.60690307617188,381.0447082519531,422.65740966796875,88.84922790527344,91.81999969482422,51.90554428100586,110.37999725341797,172.4989471435547,148.6419219970703,162.9499969482422,148.47784423828125,26.07587242126465,142.14060974121094,150.67999267578125,161.7688446044922,129.42198181152344,731.7770385742188,92.01070404052734,94.32154846191406,302.7450256347656,46.38679122924805,420.32000732421875,92.62310028076172,400.6095886230469,333.8728942871094,27.646589279174805,154.4740447998047,473.9149475097656,367.9599914550781,186.24368286132812,274.0249328613281,233.70579528808594,300.9960021972656,48.41408157348633,77.15886688232422,230.2422332763672,118.79328918457031,158.5935516357422,114.37178802490234
2026-03-23,251.25851440429688,201.8074188232422,103.45840454101562,195.98150634765625,247.63999938964844,208.1309356689453,361.3407897949219,202.67999267578125,347.14849853515625,173.1015625,210.13999938964844,130.47315979003906,198.41000366210938,47.27437210083008,175.43057250976562,969.1188354492188,55.788516998291016,69.54000091552734,108.34607696533203,111.11438751220703,699.06982421875,325.3548583984375,292.5199890136719,259.98321533203125,28.29108238220215,126.25173950195312,319.8732604980469,962.7999267578125,78.10301971435547,70.23490142822266,203.34750366210938,565.90380859375,189.2033233642578,97.20516967773438,137.58277893066406,358.74859619140625,291.17706298828125,136.44326782226562,301.87969970703125,827.6224975585938,328.4365234375,232.60731506347656,246.62484741210938,453.6026916503906,478.0400085449219,259.5271301269531,234.07382202148438,287.14031982421875,150.95034790039062,74.62818145751953,476.5430603027344,908.9852294921875,612.241943359375,231.69900512695312,233.14576721191406,498.68560791015625,306.3919982910156,55.903343200683594,603.5006713867188,62.395729064941406,114.85405731201172,163.44166564941406,382.1722717285156,404.1180419921875,89.57392120361328,93.37999725341797,52.242530822753906,110.94999694824219,175.43553161621094,153.2696075439453,164.0500030517578,149.30911254882812,25.882503509521484,141.85491943359375,160.83999633789062,161.8977813720703,127.87769317626953,735.4315795898438,93.28324890136719,94.95926666259766,313.1380920410156,48.993125915527344,432.4800109863281,92.98014831542969,404.8003845214844,330.8093566894531,28.08604621887207,155.98907470703125,477.6412048339844,380.8500061035156,187.67640686035156,268.00927734375,237.13796997070312,303.8101806640625,48.99528503417969,77.83499908447266,226.54823303222656,120.49005889892578,160.04371643066406,113.93672943115234
2026-03-24,251.4083709716797,202.0733184814453,102.67889404296875,189.63232421875,238.8699951171875,203.3472137451172,373.525634765625,205.3699951171875,345.81854248046875,167.0797882080078,207.24000549316406,127.76724243164062,196.4199981689453,47.89116668701172,171.1956329345703,970.5905151367188,56.17022705078125,68.1500015258789,106.98865509033203,113.20449829101562,713.94384765625,324.5971984863281,284.32000732421875,264.3379821777344,28.49587631225586,128.39581298828125,326.5179748535156,970.8654174804688,80.12446594238281,71.7225570678711,204.9131622314453,579.81689453125,189.3029022216797,95.65703582763672,140.3899688720703,373.06903076171875,290.2681884765625,137.208251953125,290.2666320800781,832.052978515625,328.4464416503906,231.1053466796875,238.8321990966797,429.2164306640625,471.9100036621094,261.7890319824219,233.9246826171875,289.6065368652344,156.4193572998047,74.19100189208984,478.3274230957031,901.4682006835938,606.2014770507812,231.87701416015625,238.671875,497.24053955078125,305.7662353515625,56.21795654296875,592.3709716796875,62.32789611816406,115.53913879394531,164.98336791992188,371.9344177246094,395.3031005859375,90.95381164550781,90.91999816894531,53.0156135559082,104.6500015258789,174.99603271484375,146.06988525390625,157.2100067138672,149.02212524414062,26.066204071044922,141.03721618652344,154.77999877929688,162.5225830078125,128.19650268554688,740.5838623046875,91.44403076171875,95.33789825439453,312.88873291015625,50.246551513671875,415.6199951171875,93.20825958251953,388.1220703125,326.751220703125,28.19346809387207,157.86294555664062,489.79901123046875,383.0299987792969,193.6460723876953,270.73370361328125,238.43124389648438,303.131591796875,49.314945220947266,79.15744018554688,223.9694061279297,121.8175277709961,164.2650604248047,114.62886810302734
2026-03-25,252.38746643066406,204.0231170654297,103.43868255615234,188.40756225585938,237.25,200.58815002441406,368.88140869140625,220.27000427246094,351.27734375,164.04928588867188,211.7100067138672,128.53607177734375,199.61000061035156,48.498016357421875,169.08493041992188,975.8508911132812,57.687278747558594,69.77999877929688,107.38497924804688,113.9410171508789,716.3447875976562,322.2046813964844,281.3900146484375,268.8021240234375,28.018020629882812,127.97889709472656,324.3329772949219,971.9022216796875,81.08564758300781,71.11172485351562,203.2880401611328,574.8145141601562,186.3652801513672,95.22037506103516,141.0597686767578,373.966552734375,296.1907958984375,137.35726928710938,290.7563171386719,838.1461791992188,330.0345458984375,235.5069580078125,239.62635803222656,423.668212890625,469.9800109863281,263.1817626953125,238.5580291748047,292.59771728515625,154.18521118164062,74.76728057861328,490.78802490234375,914.7353515625,620.1402587890625,233.6079559326172,233.28565979003906,501.05755615234375,309.6002502441406,56.46375274658203,594.3391723632812,62.840232849121094,118.51771545410156,164.76454162597656,370.2381286621094,381.8708190917969,90.49716186523438,92.27999877929688,52.510135650634766,103.05999755859375,178.47198486328125,145.00730895996094,153.22000122070312,150.15025329589844,26.37559700012207,141.78594970703125,154.9600067138672,164.13919067382812,129.87033081054688,748.3522338867188,92.15982818603516,94.6503677368164,321.1174011230469,51.61935806274414,410.1300048828125,93.83308410644531,385.5547180175781,325.89581298828125,28.134872436523438,159.218505859375,490.2785339355469,385.95001220703125,195.77525329589844,269.0135192871094,240.08267211914062,304.2792053222656,48.79186248779297,79.80374908447266,223.8798065185547,122.82559204101562,162.1593475341797,115.40010833740234
2026-03-26,252.6572265625,207.90310668945312,103.18212127685547,192.4541778564453,240.8800048828125,202.97007751464844,338.129638671875,203.77000427246094,350.51312255859375,165.66751098632812,207.5399932861328,122.94451904296875,194.36000061035156,47.99065399169922,168.1277313232422,963.0331420898438,58.166866302490234,70.16999816894531,108.62350463867188,111.88076782226562,700.55419921875,323.30126953125,280.6199951171875,270.51220703125,28.00826644897461,132.26702880859375,317.2991943359375,976.677734375,81.41265106201172,70.12653350830078,205.90408325195312,577.9969482421875,187.26150512695312,94.02950286865234,145.2755126953125,356.1158752441406,284.8848876953125,135.9862823486328,280.7523193359375,819.0303955078125,325.9848937988281,234.8602752685547,239.904296875,429.315673828125,468.54998779296875,258.1640625,237.8719940185547,288.8736267089844,144.9280242919922,74.21087646484375,493.9280700683594,895.4585571289062,623.2498779296875,233.45960998535156,211.4710235595703,499.0543518066406,306.8489074707031,56.611228942871094,547.032958984375,63.6678581237793,118.08085632324219,162.35748291015625,365.1790771484375,355.256103515625,90.49716186523438,93.31999969482422,51.60820770263672,103.63999938964844,171.04066467285156,141.819580078125,156.36000061035156,149.25962829589844,26.655982971191406,140.30819702148438,147.55999755859375,161.15394592285156,130.0596160888672,755.6014404296875,90.6884536743164,94.13223266601562,318.7236022949219,52.037166595458984,401.95001220703125,94.63642883300781,389.3019104003906,330.8988952636719,28.24229621887207,157.0555877685547,488.3604736328125,372.1099853515625,192.4322509765625,266.5277404785156,237.9537353515625,304.8979187011719,49.150272369384766,78.57079315185547,225.53262329101562,121.94727325439453,164.31471252441406,115.32100677490234
2026-03-27,248.57098388671875,206.2093048095703,102.60982513427734,188.71131896972656,234.83999633789062,199.73463439941406,336.7513732910156,201.99000549316406,346.156005859375,166.25596618652344,199.33999633789062,123.43378448486328,190.52000427246094,46.72721862792969,162.07814025878906,928.6170654296875,57.2957878112793,69.16999816894531,107.07782745361328,106.87444305419922,692.7933959960938,318.0975036621094,271.7699890136719,260.4505310058594,27.627933502197266,132.81297302246094,311.7320251464844,980.8749389648438,79.1930160522461,69.04280853271484,209.23358154296875,563.5269165039062,181.14419555664062,91.71721649169922,147.31442260742188,356.3751525878906,282.4579162597656,133.3734588623047,274.1762390136719,799.3670654296875,319.25537109375,232.72206115722656,234.61325073242188,413.3261413574219,452.6600036621094,255.8626251220703,239.07505798339844,280.13787841796875,144.1370391845703,75.22432708740234,489.5718688964844,876.7307739257812,611.8346557617188,227.80189514160156,211.2611846923828,482.60028076171875,303.8393249511719,57.289615631103516,525.233154296875,65.50045013427734,118.7758560180664,157.54336547851562,355.9989318847656,357.01507568359375,90.73541259765625,93.43000030517578,50.91441345214844,99.41000366210938,167.32498168945312,138.69142150878906,147.02000427246094,151.4466094970703,26.143552780151367,140.59390258789062,143.05999755859375,162.19529724121094,126.64225006103516,736.6098022460938,86.30415344238281,92.02976989746094,314.5544128417969,53.2209587097168,380.4700012207031,94.76536560058594,383.4404296875,325.68695068359375,28.41807746887207,154.61358642578125,472.8859558105469,361.8299865722656,189.36781311035156,257.54901123046875,237.5557861328125,294.9085998535156,48.73374557495117,76.75120544433594,224.08888244628906,122.65592193603516,169.8372344970703,112.07781982421875
2026-03-30,246.40298461914062,209.87261962890625,100.52782440185547,193.56137084960938,241.1300048828125,203.9228515625,322.71881103515625,196.0399932861328,346.38427734375,167.0797882080078,200.9499969482422,118.97051239013672,189.2100067138672,46.985870361328125,164.28738403320312,928.8258666992188,58.46049118041992,62.93000030517578,110.5754165649414,106.76496124267578,664.9282836914062,324.3380432128906,270.8800048828125,256.5928649902344,28.183807373046875,131.90968322753906,309.2178039550781,993.5563354492188,76.3392105102539,69.10191345214844,208.79759216308594,552.4481201171875,183.50929260253906,93.60277557373047,147.63946533203125,342.5832824707031,272.9098205566406,135.44979858398438,273.33673095703125,804.0563354492188,321.09161376953125,233.09754943847656,235.5166015625,425.8219909667969,452.7799987792969,253.04759216308594,241.10340881347656,281.0589904785156,138.08175659179688,75.78073120117188,497.68621826171875,885.1063842773438,594.6769409179688,230.04718017578125,199.7892608642578,492.3272399902344,306.45159912109375,57.269954681396484,535.8833618164062,66.0324935913086,117.25678253173828,157.52346801757812,358.1842041015625,321.75048828125,91.38068389892578,92.97000122070312,50.78556823730469,104.97000122070312,164.97772216796875,137.83738708496094,154.35000610351562,155.18727111816406,26.84935188293457,142.57408142089844,137.5500030517578,163.47470092773438,126.60240173339844,748.1724853515625,86.21467590332031,92.72726440429688,315.0830383300781,51.261234283447266,383.1400146484375,96.134033203125,394.1534423828125,324.3540954589844,28.10557746887207,155.28138732910156,479.5692443847656,355.2799987792969,185.47756958007812,260.3033142089844,237.99351501464844,298.9203186035156,48.724056243896484,76.36341857910156,228.96775817871094,123.26475524902344,170.31399536132812,115.02437591552734
2026-03-31,253.55638122558594,214.17604064941406,101.30734252929688,194.28643798828125,243.0800018310547,201.65008544921875,341.3656311035156,203.42999267578125,349.21295166015625,169.25704956054688,208.27000427246094,126.15966796875,199.02999877929688,48.498016357421875,167.990478515625,956.3209838867188,59.36094284057617,62.75,113.93429565429688,112.87606048583984,705.804443359375,324.9162292480469,277.8699951171875,265.2129211425781,27.998516082763672,131.02626037597656,313.41815185546875,993.4067993164062,76.88420867919922,70.75704956054688,205.02215576171875,561.84375,189.2074737548828,95.64710998535156,142.39935302734375,356.684326171875,283.4167175292969,138.46002197265625,287.3883361816406,842.2778930664062,326.4414978027344,235.75729370117188,240.61904907226562,429.14697265625,460.989990234375,258.7232360839844,243.04225158691406,291.3497314453125,147.05331420898438,75.56214904785156,494.1972351074219,918.189453125,600.4591064453125,233.70687866210938,213.5095977783203,497.96807861328125,308.6963806152344,57.160865783691406,571.6002197265625,65.01766967773438,119.43114471435547,163.69033813476562,369.3699951171875,337.7880554199219,92.20464324951172,96.1500015258789,52.35155487060547,104.55000305175781,174.1969757080078,146.08975219726562,160.32000732421875,153.67318725585938,27.149072647094727,142.29823303222656,146.27999877929688,163.98049926757812,128.3061065673828,771.4877319335938,89.06794738769531,93.64398193359375,319.72100830078125,51.12196350097656,396.4800109863281,95.7273941040039,401.4684753417969,327.7151184082031,28.31065559387207,159.1786346435547,491.03778076171875,371.75,193.15855407714844,269.0533142089844,241.36599731445312,301.6147155761719,48.62718963623047,79.15744018554688,228.79847717285156,124.04327392578125,168.51620483398438,116.8832778930664
2026-04-01,255.3946990966797,211.70428466796875,101.02118682861328,193.0812530517578,241.3699951171875,199.764404296875,353.3606872558594,210.2100067138672,350.6322021484375,167.72708129882812,210.57000732421875,127.50762939453125,207.32000732421875,49.01532745361328,166.96266174316406,952.03515625,60.41798400878906,62.0,113.28035736083984,114.75715637207031,727.58251953125,326.14239501953125,280.19000244140625,265.7796630859375,27.67295265197754,127.43296813964844,316.9300537109375,993.5364379882812,77.22112274169922,71.4171371459961,195.61830139160156,569.224609375,190.39500427246094,95.82573699951172,138.31166076660156,364.55255126953125,292.31561279296875,139.3839569091797,297.2124938964844,856.435546875,327.1064758300781,238.02069091796875,241.3635711669922,422.68560791015625,464.45001220703125,258.97174072265625,242.7240753173828,292.5580749511719,151.79025268554688,75.59195709228516,492.2733154296875,952.8796997070312,613.6229248046875,233.41015625,221.8537139892578,489.98516845703125,305.219970703125,56.595603942871094,578.6936645507812,64.51519012451172,119.97721862792969,165.28176879882812,368.57171630859375,367.7934265136719,92.17486572265625,95.55000305175781,44.23419189453125,104.04000091552734,175.54541015625,144.22279357910156,160.6699981689453,153.0398406982422,27.603492736816406,141.95343017578125,146.49000549316406,156.036376953125,126.8116226196289,776.0908203125,89.90306091308594,92.02976989746094,324.8576965332031,49.76905822753906,396.739990234375,96.14395141601562,401.30804443359375,328.5229797363281,27.646589279174805,161.5010223388672,494.0447692871094,381.260009765625,195.30763244628906,272.424072265625,241.86341857910156,297.8924560546875,47.84256362915039,80.11198425292969,230.00326538085938,124.50239562988281,159.69607543945312,115.97360229492188
2026-04-02,255.68443298339844,205.65785217285156,101.50469207763672,197.26504516601562,242.9199981689453,202.47384643554688,348.0373229980469,217.5,345.3322448730469,170.3848876953125,209.77000427246094,127.80718231201172,208.22000122070312,49.124759674072266,167.3516845703125,961.143798828125,58.93472671508789,62.81999969482422,112.0121078491211,114.70738983154297,714.5315551757812,327.3087463378906,278.7200012207031,268.4640808105469,27.5545654296875,129.5571746826172,324.05364990234375,1011.880615234375,78.7254867553711,72.40233612060547,197.1641387939453,574.2216796875,190.7243194580078,95.87535858154297,140.4983367919922,360.1048583984375,280.8099670410156,138.7978057861328,295.59344482421875,859.2531127929688,319.23553466796875,239.32447814941406,246.34689331054688,419.32098388671875,452.07000732421875,256.6557312011719,241.65025329589844,291.7855224609375,151.4906463623047,76.22785186767578,501.01568603515625,933.9722290039062,618.7393798828125,228.51406860351562,218.28623962402344,491.76910400390625,305.07098388671875,57.06169891357422,573.9281005859375,64.79106140136719,120.00701141357422,164.92369079589844,372.6528625488281,366.18365478515625,92.47268676757812,98.66000366210938,43.798091888427734,102.0,177.18348693847656,145.36480712890625,163.2100067138672,155.37527465820312,27.38111686706543,140.997802734375,148.4600067138672,156.800048828125,126.3333969116211,760.7138061523438,89.8434066772461,93.43473052978516,317.1776123046875,49.182132720947266,395.95001220703125,96.6497573852539,406.96185302734375,330.65728759765625,27.666122436523438,160.76344299316406,490.96783447265625,360.5899963378906,193.88485717773438,275.6854553222656,243.44520568847656,300.17767333984375,47.852256774902344,80.14181518554688,234.40419006347656,125.55039978027344,159.60667419433594,116.6163101196289
2026-04-06,258.6217041015625,203.5406036376953,100.94225311279297,194.93310546875,244.36000061035156,202.80136108398438,352.1821594238281,220.17999267578125,340.00250244140625,172.74850463867188,212.7899932861328,126.29945373535156,212.3000030517578,49.801246643066406,175.74818420410156,954.0338134765625,58.66774368286133,62.59000015258789,111.20954132080078,116.80745697021484,718.5364990234375,325.8832092285156,279.3900146484375,274.1014099121094,27.28819465637207,130.66891479492188,320.22247314453125,1015.459716796875,80.14019775390625,72.19544982910156,197.0551300048828,573.603271484375,191.7222442626953,95.54786682128906,140.9021759033203,362.8871765136719,288.3305969238281,139.21507263183594,299.8109130859375,862.2498779296875,324.2181396484375,238.03111267089844,244.93727111816406,414.2392272949219,452.5799865722656,256.92413330078125,239.5920867919922,294.125,153.80967712402344,76.72463989257812,497.8955383300781,925.4668579101562,633.7511596679688,232.63864135742188,220.4946746826172,499.80181884765625,307.67333984375,57.89471435546875,572.4894409179688,65.56941986083984,119.98714447021484,165.6597442626953,372.0741271972656,377.701904296875,92.05574035644531,98.93000030517578,43.63951110839844,102.41999816894531,177.43319702148438,144.53062438964844,161.9499969482422,155.0981903076172,26.90736198425293,140.6529998779297,147.92999267578125,159.02162170410156,125.267333984375,761.9019775390625,94.22770690917969,92.65751647949219,315.57177734375,49.520362854003906,397.07000732421875,96.14395141601562,409.7463073730469,331.4152526855469,27.656356811523438,161.29171752929688,487.70111083984375,352.82000732421875,198.41184997558594,279.76214599609375,244.27090454101562,302.70245361328125,47.61008834838867,81.38470458984375,232.7911834716797,126.54849243164062,162.2686004638672,116.93272399902344
2026-04-07,253.26666259765625,203.22547912597656,100.47850036621094,193.31642150878906,240.13999938964844,202.0768585205078,353.8700866699219,221.52999877929688,337.4517517089844,170.72816467285156,213.77000427246094,128.18661499023438,210.0,50.02010726928711,172.97515869140625,953.0891723632812,57.026268005371094,61.86000061035156,111.6950454711914,116.57853698730469,721.7245483398438,326.38165283203125,279.4800109863281,272.6697082519531,27.41644859313965,130.79795837402344,320.15264892578125,1010.1359252929688,80.37930297851562,77.06233215332031,199.71080017089844,574.5109252929688,190.6145477294922,95.05167388916016,142.064453125,367.83349609375,288.24072265625,137.8937530517578,305.27764892578125,860.3582763671875,316.3968200683594,233.47305297851562,243.27947998046875,407.1724853515625,452.95001220703125,257.4807434082031,237.04673767089844,296.0662536621094,154.68756103515625,75.42304992675781,493.0309143066406,929.489990234375,623.6174926757812,229.08773803710938,224.19207763671875,496.59271240234375,302.79638671875,57.031944274902344,574.5175170898438,65.27384185791016,118.42835235595703,167.52969360351562,371.48541259765625,377.52191162109375,92.98889923095703,98.81999969482422,42.31139373779297,100.55000305175781,177.89266967773438,142.1770782470703,169.8699951171875,151.61485290527344,26.201562881469727,139.2047882080078,150.07000732421875,156.19505310058594,123.61344146728516,759.1361694335938,94.65520477294922,93.00626373291016,313.1480407714844,50.08738708496094,397.8999938964844,96.02493286132812,405.923583984375,331.1858825683594,27.382917404174805,157.0655517578125,489.0097961425781,346.6499938964844,198.73023986816406,305.982421875,244.8379669189453,301.924072265625,47.0966911315918,81.2852783203125,232.30328369140625,122.25668334960938,162.8049774169922,115.4891128540039
2026-04-08,258.66168212890625,208.36593627929688,102.18553161621094,189.92626953125,239.30999755859375,199.26817321777344,385.2410888671875,231.82000732421875,347.188232421875,172.7877197265625,221.25,135.1161651611328,217.8000030517578,51.611839294433594,180.54611206054688,995.927734375,58.53919219970703,62.560001373291016,116.58969116210938,122.9085922241211,768.6878662109375,331.6053771972656,289.5,275.96063232421875,27.58416175842285,124.29627227783203,324.183349609375,1027.14404296875,83.38804626464844,77.62389373779297,191.13931274414062,607.7447509765625,195.78382873535156,98.42581939697266,136.9622344970703,384.5173645019531,307.6764831542969,140.6158447265625,317.1305847167969,901.7756958007812,333.6573486328125,242.4744415283203,239.9738006591797,386.5975341796875,462.2799987792969,267.8877258300781,239.9202117919922,306.5888366699219,167.02081298828125,76.79419708251953,498.9023742675781,951.6618041992188,624.4122924804688,241.0065155029297,246.31649780273438,505.40277099609375,304.9418640136719,58.34097671508789,611.8529052734375,65.81573486328125,122.3005142211914,175.07913208007812,373.52099609375,406.6674499511719,93.48526763916016,99.38999938964844,42.747493743896484,97.47000122070312,181.8680419921875,142.66368103027344,173.77999877929688,153.18829345703125,26.559295654296875,142.75140380859375,140.75999450683594,159.61668395996094,127.04077911376953,774.3734130859375,96.64354705810547,96.354248046875,334.80194091796875,51.60940933227539,410.1600036621094,96.37205505371094,412.43634033203125,339.104736328125,26.709087371826172,161.1123046875,502.955810546875,343.25,207.84393310546875,304.2423400878906,247.8224639892578,308.32080078125,46.53486251831055,84.17874145507812,230.431396484375,127.0176010131836,155.16680908203125,118.40599822998047
2026-04-09,260.2502136230469,209.16360473632812,101.356689453125,183.81971740722656,229.94000244140625,194.54400634765625,397.3160705566406,236.63999938964844,352.9348449707031,176.46551513671875,233.64999389648438,137.47259521484375,220.05999755859375,52.43754577636719,176.15716552734375,996.00732421875,58.80617904663086,61.279998779296875,115.8267593383789,124.33186340332031,784.1198120117188,331.9044189453125,281.010009765625,276.84552001953125,27.92945671081543,122.5591812133789,321.7190246582031,1028.89892578125,82.86002349853516,77.67315673828125,188.6322784423828,616.40234375,192.5904541015625,99.03118133544922,134.52932739257812,399.33642578125,312.6302795410156,141.16226196289062,318.29986572265625,899.7545776367188,337.0518798828125,246.21893310546875,235.4470977783203,360.09490966796875,454.94000244140625,271.5356140136719,239.93014526367188,308.938232421875,172.50582885742188,77.67848205566406,501.7134704589844,953.5485229492188,619.8123779296875,245.11131286621094,258.5778503417969,502.7272644042969,307.4647216796875,58.598812103271484,627.8081665039062,66.46601104736328,121.80408477783203,177.2076873779297,372.26373291015625,421.4451904296875,93.79301452636719,102.05000305175781,43.609779357910156,89.80999755859375,183.69590759277344,137.38204956054688,166.99000549316406,155.8502960205078,26.317584991455078,144.48532104492188,130.49000549316406,159.92413330078125,127.27989959716797,766.704833984375,96.35523986816406,96.92221069335938,334.8617858886719,52.265968322753906,404.9200134277344,96.78860473632812,400.5057373046875,338.237060546875,26.21103858947754,164.46133422851562,499.9588317871094,345.6199951171875,213.8931884765625,305.16705322265625,249.85191345214844,307.6522216796875,46.28300857543945,85.53099822998047,232.09420776367188,128.884033203125,153.99476623535156,118.64329528808594
2026-04-10,260.240234375,204.7715606689453,98.96880340576172,177.39694213867188,225.35000610351562,187.36843872070312,398.9939880371094,245.0399932861328,348.3891296386719,175.8378448486328,238.3800048828125,140.53797912597656,217.6300048828125,52.26842498779297,173.02503967285156,993.7102661132812,57.965667724609375,61.790000915527344,113.77576446533203,123.80435943603516,787.6962890625,326.89007568359375,265.6600036621094,269.68701171875,27.5545654296875,121.6459732055664,320.0827941894531,995.4406127929688,81.91356658935547,78.1559066772461,186.83871459960938,603.4359130859375,189.2174530029297,98.4158935546875,134.1451873779297,401.8893737792969,307.96612548828125,138.08250427246094,317.0506286621094,903.8167114257812,334.8285827636719,245.15504455566406,229.07400512695312,349.3923034667969,450.6199951171875,268.8916320800781,237.09645080566406,308.4803161621094,173.5065460205078,76.97303771972656,501.5639343261719,937.8555297851562,609.7283935546875,241.5604248046875,263.4743957519531,497.82550048828125,303.62078857421875,58.509559631347656,629.2767333984375,66.3871841430664,120.5530776977539,176.69046020507812,370.0684814453125,420.52532958984375,93.39592742919922,103.01000213623047,42.24201583862305,83.0,188.41041564941406,137.6112518310547,155.72999572753906,155.4247589111328,26.027530670166016,143.007568359375,128.05999755859375,159.13070678710938,127.58875274658203,747.753173828125,96.03710174560547,94.46105194091797,335.2407531738281,51.649200439453125,392.239990234375,96.35222625732422,392.105224609375,338.24700927734375,26.11038589477539,161.0724334716797,495.6131591796875,348.95001220703125,213.6444549560547,302.6016845703125,249.21522521972656,303.7303161621094,45.268306732177734,84.9145278930664,228.45994567871094,126.52852630615234,151.4818115234375,116.5372085571289
2026-04-13,258.96142578125,203.32395935058594,99.35363006591797,189.66937255859375,240.11000061035156,193.90882873535156,395.2386779785156,246.8300018310547,347.1981506347656,177.45606994628906,239.88999938964844,145.05117797851562,222.13999938964844,53.07423782348633,176.80552673339844,1017.9138793945312,57.41191864013672,63.18000030517578,120.70159149169922,125.68545532226562,788.7623291015625,328.9536437988281,288.20001220703125,273.5346984863281,27.67295265197754,122.70807647705078,318.3866882324219,977.8740234375,82.04307556152344,76.93425750732422,190.03939819335938,601.48095703125,195.4644775390625,100.41060638427734,134.90362548828125,402.2483825683594,311.5116882324219,138.1222381591797,321.1181945800781,886.88134765625,338.6201477050781,243.69479370117188,236.0824432373047,367.81072998046875,458.9599914550781,272.8576354980469,236.59930419921875,312.2732238769531,176.6525421142578,75.91984558105469,507.2658996582031,927.9525756835938,615.6595458984375,244.3892822265625,267.1318359375,507.7288818359375,302.45867919921875,57.20053482055664,633.9425048828125,65.8255844116211,119.29214477539062,180.1717529296875,383.539306640625,426.4944152832031,91.62886810302734,103.16000366210938,42.52944564819336,89.05999755859375,189.08961486816406,155.08047485351562,162.50999450683594,154.25704956054688,26.43360710144043,141.4509735107422,132.3699951171875,161.41180419921875,130.75706481933594,745.3468017578125,96.91197967529297,96.44393157958984,333.5152587890625,51.649200439453125,417.7699890136719,95.14224243164062,405.9424743652344,346.3154602050781,25.271617889404297,158.80984497070312,513.7150268554688,352.4200134277344,215.6144561767578,311.22247314453125,250.04092407226562,308.74993896484375,44.658695220947266,86.14747619628906,230.00326538085938,124.33271789550781,151.61094665527344,118.73229217529297
2026-04-14,258.59173583984375,207.0561981201172,99.70885467529297,188.10813903808594,235.72000122070312,193.611083984375,395.1487731933594,255.07000732421875,348.3197021484375,174.74197387695312,249.02000427246094,148.4959716796875,223.77000427246094,53.07423782348633,180.6658172607422,1048.6507568359375,57.431697845458984,63.81999969482422,125.1701889038086,128.9699249267578,791.2728881835938,324.726806640625,292.3699951171875,271.02923583984375,27.761741638183594,117.91370391845703,319.1649169921875,971.8424682617188,82.30210876464844,76.4712142944336,185.32260131835938,594.4990844726562,198.19882202148438,101.80988311767578,131.58419799804688,400.79241943359375,317.6040954589844,139.53297424316406,332.7112731933594,905.638671875,340.1585693359375,243.27757263183594,238.51454162597656,365.1823425292969,467.2200012207031,270.6112365722656,238.72706604003906,309.7247009277344,179.36207580566406,75.4131088256836,498.0749816894531,920.9147338867188,607.6023559570312,245.73446655273438,272.2182312011719,512.3012084960938,301.1773681640625,57.35920333862305,661.8765258789062,64.65312194824219,119.10350036621094,182.3599853515625,392.2604064941406,465.5884094238281,90.64606475830078,106.27999877929688,43.808006286621094,87.79000091552734,196.28123474121094,162.4348907470703,161.58999633789062,154.0987091064453,26.211233139038086,142.2391357421875,135.6999969482422,158.1587677001953,132.35116577148438,754.3832397460938,97.89620971679688,98.02824401855469,332.7372741699219,51.22144317626953,418.79998779296875,95.1719970703125,401.37408447265625,344.9591064453125,25.28148651123047,159.75674438476562,526.6920166015625,364.20001220703125,217.76351928710938,312.40570068359375,250.7373046875,310.725830078125,44.71769332885742,81.23555755615234,226.11012268066406,124.81181335449219,148.23387145996094,119.750732421875
2026-04-15,266.18475341796875,206.9469757080078,100.84076690673828,191.6950225830078,244.66000366210938,195.43722534179688,393.7704772949219,258.1199951171875,345.6101379394531,175.31649780273438,248.5,146.7585906982422,223.92999267578125,54.039222717285156,185.224365234375,1042.7239990234375,57.24381637573242,64.61000061035156,128.9947509765625,131.0699920654297,767.2831420898438,326.2520446777344,304.1000061035156,267.08209228515625,27.919591903686523,118.04273986816406,316.8502197265625,981.7622680664062,82.05303955078125,73.88013458251953,183.23175048828125,575.1492919921875,197.7297821044922,102.2564697265625,130.4022216796875,393.97125244140625,313.5391540527344,138.857421875,336.91876220703125,895.5431518554688,336.38690185546875,242.18238830566406,243.01144409179688,388.00128173828125,468.3599853515625,262.7985534667969,237.30523681640625,304.5579833984375,174.58816528320312,74.82688903808594,496.370361328125,903.4747924804688,607.1254272460938,241.3329315185547,264.9733581542969,519.08984375,304.1968994140625,56.10968017578125,670.9581909179688,63.470802307128906,117.05821228027344,190.59573364257812,410.3312683105469,456.15985107421875,90.57656860351562,107.70999908447266,45.03700637817383,94.19000244140625,198.63848876953125,169.22128295898438,164.11000061035156,153.23777770996094,26.2885799407959,141.2539520263672,142.14999389648438,155.89752197265625,132.56039428710938,752.8056030273438,97.76696014404297,99.91148376464844,327.98956298828125,52.14659118652344,438.45001220703125,93.86283874511719,406.4143981933594,340.3314514160156,25.123598098754883,159.70689392089844,531.1375732421875,391.95001220703125,215.19656372070312,312.2664794921875,246.748046875,315.2564392089844,44.27523422241211,79.83358001708984,223.95944213867188,124.5223617553711,148.0054168701172,119.40465545654297
2026-04-16,263.15753173828125,207.51295471191406,94.79389953613281,191.6950225830078,248.16000366210938,198.881103515625,389.4158935546875,278.260009765625,346.7713928222656,176.91127014160156,249.6999969482422,148.73561096191406,218.8800048828125,53.2334098815918,184.09718322753906,1019.20654296875,58.30187225341797,63.41999816894531,126.95366668701172,128.73104858398438,769.7637329101562,327.39849853515625,306.9599914550781,274.7774963378906,28.95547866821289,120.6731948852539,321.6292419433594,984.21484375,84.18506622314453,75.65349578857422,186.4423370361328,582.6797485351562,193.37881469726562,103.10992431640625,133.08233642578125,391.647705078125,297.91864013671875,137.6453857421875,335.81939697265625,896.0509033203125,334.6399841308594,239.25144958496094,249.1661376953125,385.40277099609375,458.0799865722656,264.0111999511719,233.1988525390625,308.5599670410156,173.26385498046875,74.6977310180664,497.6463317871094,902.4365234375,603.5389404296875,239.780029296875,260.77630615234375,517.6721801757812,304.8921813964844,56.595603942871094,676.2432250976562,63.9831428527832,114.63562774658203,186.3187255859375,419.35174560546875,457.1596984863281,91.16228485107422,107.79000091552734,45.294700622558594,96.44000244140625,198.1190948486328,177.72171020507812,166.97000122070312,156.73101806640625,26.317584991455078,140.9879608154297,142.75999450683594,154.95533752441406,133.9751739501953,744.887451171875,97.78684997558594,92.28884887695312,332.4779357910156,51.46018981933594,441.1499938964844,94.1207046508789,412.27587890625,337.47906494140625,26.051177978515625,156.96588134765625,515.4832763671875,388.8999938964844,221.97215270996094,314.6031494140625,249.7723388671875,314.4481201171875,45.99590301513672,80.78811645507812,223.1131134033203,124.58224487304688,150.9553985595703,117.70396423339844
2026-04-17,269.98126220703125,206.9072723388672,96.12440490722656,195.30165100097656,244.4499969482422,198.96051025390625,396.4471435546875,278.3900146484375,352.6370544433594,180.63571166992188,250.55999755859375,150.8324432373047,223.3800048828125,53.631343841552734,191.52850341796875,1046.2442626953125,59.49836349487305,64.2300033569336,127.89493560791016,131.55767822265625,791.67138671875,329.80096435546875,311.0299987792969,277.034423828125,29.231714248657227,115.18399047851562,326.80731201171875,996.8563232421875,85.92854309082031,76.15595245361328,182.32009887695312,588.9335327148438,194.3468017578125,105.48175048828125,127.48387908935547,405.09051513671875,303.7513732910156,136.74131774902344,341.4760437011719,921.8870849609375,346.79876708984375,243.60092163085938,251.6180877685547,391.5157165527344,469.2099914550781,270.6211853027344,232.84091186523438,308.8984375,178.91563415527344,75.25413513183594,490.6783752441406,925.4369506835938,588.3384399414062,248.97874450683594,267.41162109375,520.4276123046875,309.26251220703125,56.77410888671875,687.9124145507812,63.224483489990234,118.21985626220703,187.8107147216797,421.87628173828125,455.0000305175781,91.31119537353516,97.30999755859375,45.62177276611328,96.66000366210938,201.44520568847656,174.4530792236328,167.85000610351562,156.02841186523438,26.646312713623047,144.75131225585938,146.38999938964844,156.49258422851562,135.69879150390625,749.4506225585938,99.41728973388672,91.95005798339844,344.6563415527344,52.38534164428711,449.5799865722656,93.73390197753906,417.73150634765625,342.4059143066406,26.159725189208984,160.15542602539062,526.0726318359375,400.6199951171875,228.65818786621094,322.78643798828125,249.8419647216797,316.3641357421875,45.76975631713867,80.94721221923828,222.98367309570312,127.25714111328125,145.45274353027344,121.0064697265625
2026-04-20,272.79864501953125,202.27027893066406,95.32014465332031,192.74241638183594,248.6300048828125,200.8660430908203,391.1337585449219,274.95001220703125,347.5356140136719,179.9423370361328,248.27999877929688,152.57980346679688,225.0800018310547,53.671138763427734,191.5484619140625,1042.545166015625,58.469974517822266,60.9900016784668,127.80577087402344,132.423583984375,796.921630859375,328.9635925292969,318.5,278.30706787109375,29.33036994934082,115.5909652709961,322.26776123046875,994.8125610351562,87.38310241699219,75.44660949707031,181.58680725097656,592.9830322265625,195.0952606201172,105.4916763305664,128.20851135253906,406.4468078613281,303.2220458984375,134.9828643798828,337.2185974121094,937.6077880859375,348.376953125,239.626953125,251.85633850097656,403.04461669921875,465.6000061035156,271.03863525390625,229.37088012695312,315.5683898925781,180.3018798828125,74.99580383300781,496.5797119140625,918.3192138671875,577.4993896484375,250.53163146972656,262.9747619628906,515.785400390625,304.872314453125,56.83361053466797,670.2887573242188,63.65800476074219,116.26392364501953,189.68064880371094,417.1664733886719,448.3510437011719,91.34097290039062,94.83000183105469,46.06778335571289,99.72000122070312,201.82476806640625,176.96435546875,169.55999755859375,155.35549926757812,26.60763931274414,142.34750366210938,145.88999938964844,156.2545623779297,137.01394653320312,748.2922973632812,98.37340545654297,92.81694793701172,343.0405578613281,51.92774200439453,460.95001220703125,92.74211883544922,417.8919677734375,337.4391784667969,25.83408546447754,159.16867065429688,525.4932250976562,392.5,232.5185546875,321.6429748535156,250.8765869140625,313.29052734375,45.66160202026367,81.5040283203125,223.21267700195312,127.67633819580078,146.6843719482422,121.87045288085938
2026-04-21,265.9250183105469,203.67030334472656,92.0633773803711,192.1100311279297,247.17999267578125,201.34242248535156,393.8403625488281,284.489990234375,342.2752990722656,173.10757446289062,249.91000366210938,151.7011260986328,219.16000366210938,53.20356750488281,190.3813934326172,1037.0062255859375,58.72706985473633,59.52000045776367,127.32025909423828,131.06002807617188,798.9678344726562,328.2657775878906,325.8399963378906,275.09564208984375,28.659509658813477,119.37286376953125,311.67218017578125,1002.7583618164062,89.36568450927734,76.2150650024414,184.2920379638672,585.7816772460938,194.13723754882812,103.49696350097656,131.45440673828125,408.5709228515625,286.373046875,132.41970825195312,332.0916442871094,922.4844360351562,341.3595886230469,231.7833251953125,253.8119354248047,403.0645446777344,451.2900085449219,269.41845703125,224.8667755126953,311.5962829589844,178.30941772460938,74.2208023071289,493.2801513671875,901.4682006835938,568.2301025390625,248.4545135498047,258.1881103515625,510.4942626953125,299.8066711425781,55.66341781616211,668.220703125,63.69741439819336,111.75633239746094,188.29808044433594,423.2433166503906,449.3109130859375,89.94122314453125,92.58000183105469,45.978580474853516,100.13999938964844,199.64732360839844,180.54190063476562,174.9600067138672,153.30703735351562,26.404600143432617,140.20968627929688,145.97000122070312,151.9899139404297,135.0611572265625,746.2454223632812,97.23011779785156,91.64116668701172,333.74462890625,52.49476623535156,467.5799865722656,91.16516876220703,419.7136535644531,326.4285583496094,25.538049697875977,158.7301025390625,524.044677734375,386.4200134277344,231.97132873535156,344.0450134277344,249.95140075683594,309.2987976074219,45.49445343017578,81.08641815185547,222.45596313476562,129.3531494140625,147.35980224609375,117.36187744140625
2026-04-22,272.9185791015625,199.08294677734375,91.05059814453125,187.8413543701172,255.94000244140625,200.1713104248047,402.9790344238281,303.4599914550781,343.327392578125,174.64291381835938,255.36000061035156,147.9068603515625,231.27999877929688,52.84542465209961,178.9501190185547,1056.516357421875,58.14365768432617,64.87000274658203,128.53897094726562,129.1192169189453,807.3722534179688,324.41778564453125,331.6099853515625,273.11712646484375,28.975210189819336,121.69559478759766,307.591552734375,1000.65478515625,89.46531677246094,75.298828125,184.6289520263672,578.4906005859375,183.6589813232422,104.0229263305664,132.03013610839844,412.72943115234375,275.946044921875,132.03225708007812,339.1174621582031,930.7380981445312,336.9725036621094,229.43649291992188,250.0198516845703,406.8776550292969,483.6199951171875,265.4822998046875,224.80712890625,311.6161804199219,180.97500610351562,74.15125274658203,493.0608215332031,919.8964233398438,551.8175048828125,243.68399047851562,265.3630676269531,509.3062438964844,298.048583984375,55.59400177001953,674.09521484375,64.2196044921875,112.08397674560547,190.02879333496094,431.984375,487.4050598144531,89.34558868408203,93.23999786376953,45.274879455566406,103.06999969482422,202.26426696777344,186.84996032714844,181.1999969482422,152.1887969970703,25.911508560180664,140.7318115234375,152.6199951171875,162.6019287109375,135.5692901611328,745.4666137695312,98.9400863647461,91.38209533691406,334.28326416015625,54.066524505615234,477.260009765625,91.11558532714844,423.8572692871094,328.4731140136719,25.636728286743164,157.95265197753906,513.4652709960938,387.510009765625,235.1153564453125,351.5123596191406,248.1109619140625,310.64599609375,45.209312438964844,80.12193298339844,222.96376037597656,129.73240661621094,148.4921112060547,116.7064437866211
2026-04-23,273.1783142089844,199.52976989746094,91.82508087158203,176.1617889404297,238.97999572753906,197.0351104736328,403.40850830078125,305.3299865722656,346.00714111328125,177.3173828125,255.0800018310547,149.95376586914062,234.14999389648438,52.198787689208984,176.30677795410156,1047.5667724609375,58.361202239990234,65.69000244140625,121.2069091796875,127.90495300292969,833.6934204101562,331.8446044921875,314.3299865722656,278.1081848144531,31.21469497680664,123.45254516601562,310.6744689941406,1011.3023681640625,88.25981903076172,78.37478637695312,185.8973388671875,590.419677734375,178.2003173828125,102.86183166503906,132.88380432128906,423.33013916015625,281.9884948730469,132.76744079589844,338.6877136230469,927.2135620117188,337.6275939941406,223.56419372558594,229.3916778564453,381.6095886230469,478.82000732421875,271.4859313964844,229.3311004638672,310.29217529296875,181.31158447265625,75.7906723022461,506.4584655761719,916.0730590820312,526.34423828125,245.02569580078125,258.37799072265625,501.5392761230469,300.49200439453125,57.230281829833984,658.5396728515625,66.16057586669922,113.80162811279297,187.6416015625,414.8514709472656,481.64593505859375,95.55014038085938,92.81999969482422,44.38285827636719,84.77999877929688,199.4075927734375,175.66885375976562,173.2100067138672,154.07891845703125,25.785818099975586,143.54940795898438,141.57000732421875,167.79885864257812,133.4570770263672,764.8776245117188,98.95997619628906,88.60206604003906,336.7867736816406,54.45449447631836,456.8500061035156,93.13883209228516,414.3901672363281,328.7723083496094,26.258405685424805,157.8330535888672,466.2326354980469,373.7200012207031,280.80322265625,352.54644775390625,269.8580017089844,308.2409973144531,46.42852783203125,80.05233001708984,231.79550170898438,131.77850341796875,149.51516723632812,115.25655364990234
2026-04-24,270.81048583984375,197.3056182861328,90.48463439941406,176.2408447265625,245.44000244140625,195.0501708984375,416.5221862792969,347.80999755859375,341.9676208496094,176.52496337890625,263.989990234375,149.48448181152344,232.44000244140625,51.78095626831055,179.79800415039062,1039.1143798828125,58.05466079711914,62.06999969482422,120.53314971923828,127.37745666503906,829.2516479492188,325.1056213378906,332.8900146484375,274.0517272949219,27.189538955688477,120.8617935180664,307.4818115234375,1008.0821533203125,88.67826080322266,77.46044921875,183.52902221679688,561.1854858398438,176.88304138183594,101.81980895996094,132.14926147460938,422.7517395019531,284.2456970214844,129.548583984375,344.19439697265625,922.8428344726562,333.3893737792969,222.34385681152344,230.28509521484375,394.2038269042969,482.2200012207031,267.6690673828125,226.19911193847656,306.8974609375,193.2533416748047,76.138427734375,508.69140625,882.4409790039062,510.1105651855469,242.9485321044922,267.59149169921875,503.3262634277344,297.3433532714844,57.1311149597168,674.4049682617188,65.8945541381836,111.1010513305664,187.06471252441406,423.7023010253906,496.64361572265625,94.58719635009766,92.44000244140625,44.29365539550781,90.16999816894531,208.0275421142578,172.67926025390625,178.5399932861328,153.82162475585938,26.10487937927246,147.08203125,143.08999633789062,162.84988403320312,148.30226135253906,750.4491577148438,98.09503936767578,88.1835708618164,336.8266906738281,55.857139587402344,500.82000732421875,92.72227478027344,412.27587890625,326.6380310058594,25.853822708129883,156.51734924316406,469.2396240234375,376.29998779296875,275.7389831542969,352.9044189453125,267.31121826171875,308.7798767089844,45.60260772705078,78.96852111816406,228.5395965576172,129.6725311279297,147.90609741210938,116.06095123291016
2026-04-27,267.3636474609375,195.98501586914062,92.14281463623047,174.8673553466797,239.30999755859375,195.74488830566406,404.3572998046875,334.6300048828125,337.6304016113281,173.64247131347656,261.1199951171875,148.4160919189453,231.3300018310547,52.35795974731445,177.07484436035156,1050.937744140625,57.13504409790039,59.95000076293945,119.26490783691406,128.53199768066406,827.2553100585938,323.5903625488281,336.5400085449219,280.9516906738281,27.14021110534668,120.78238677978516,309.4472961425781,994.9820556640625,87.9310531616211,77.87786102294922,183.10292053222656,566.222412109375,180.24606323242188,101.57170867919922,132.2386016845703,415.6214294433594,284.2057189941406,126.9158935546875,350.130859375,933.6950073242188,329.8260803222656,221.1756591796875,226.38381958007812,388.2004089355469,470.989990234375,268.1163330078125,224.0514678955078,310.232421875,189.7578125,74.95606231689453,509.1399841308594,866.7779541015625,510.01116943359375,241.06021118164062,259.287353515625,505.58245849609375,288.2550048828125,56.942691802978516,677.9916381835938,65.02751922607422,109.44297790527344,189.16342163085938,423.9018859863281,524.4793090820312,94.14047241210938,91.37000274658203,44.73966598510742,90.44999694824219,216.3578338623047,172.36036682128906,182.89999389648438,152.49559020996094,25.90184211730957,147.30039978027344,143.10000610351562,159.57701110839844,149.70706176757812,743.3297729492188,97.31958770751953,90.43549346923828,335.2308044433594,54.94193649291992,498.5400085449219,92.9999771118164,412.6817626953125,328.134033203125,25.18280601501465,156.96588134765625,467.5713195800781,378.6700134277344,268.1375732421875,352.67572021484375,267.5201416015625,309.0093994140625,46.31053924560547,80.10204315185547,225.22396850585938,127.34696197509766,147.19094848632812,117.05403137207031
2026-04-28,270.4608154296875,196.29281616210938,93.19530487060547,175.63809204101562,243.1999969482422,197.6702880859375,380.63677978515625,323.2099914550781,337.02496337890625,176.71315002441406,259.70001220703125,143.50350952148438,230.72000122070312,52.3878059387207,172.9452362060547,1043.8775634765625,57.609683990478516,58.45000076293945,120.40434265136719,127.92486572265625,816.3555908203125,329.3125,325.30999755859375,283.2782287597656,27.268463134765625,123.40290832519531,311.2730712890625,990.9841918945312,86.53627014160156,80.48174285888672,186.6504364013672,562.4022827148438,178.6094512939453,100.69840240478516,134.7797393798828,411.931640625,288.8399658203125,128.41603088378906,349.5711975097656,922.4844360351562,326.6101989746094,222.09352111816406,231.3373565673828,398.6142578125,466.6400146484375,266.8539733886719,226.48745727539062,310.0532531738281,180.66641235351562,77.8473892211914,508.68145751953125,872.498046875,508.95806884765625,238.8439178466797,251.0531463623047,506.7704772949219,290.42034912109375,58.05338668823242,670.7183837890625,66.8010025024414,109.24440002441406,189.34246826171875,428.3222961425781,504.21246337890625,95.80825805664062,92.2699966430664,44.63064193725586,90.48999786376953,212.92184448242188,165.3846435546875,180.99000549316406,154.6627655029297,25.60211753845215,148.064697265625,141.17999267578125,164.52598571777344,149.44801330566406,730.6787109375,96.71314239501953,90.50524139404297,323.431396484375,55.35974884033203,483.8900146484375,93.63472747802734,409.1422119140625,320.5741882324219,25.71567153930664,156.68679809570312,469.7491149902344,376.0199890136719,263.66033935546875,364.6871032714844,266.3561706542969,308.66009521484375,46.44819641113281,81.03669738769531,226.3690185546875,127.34696197509766,149.5449676513672,115.84247589111328
2026-04-29,269.92132568359375,202.44898986816406,90.68321990966797,178.11825561523438,243.57000732421875,213.44064331054688,382.1149597167969,337.1099853515625,335.486572265625,176.50514221191406,263.0400085449219,148.156494140625,224.11000061035156,52.60667037963867,173.54371643066406,1033.5556640625,56.94716262817383,57.150001525878906,118.7298583984375,127.00920104980469,808.550048828125,324.7367858886719,329.95001220703125,290.6355895996094,26.400293350219727,127.30391693115234,310.71435546875,995.6400146484375,89.23616790771484,83.38377380371094,190.47540283203125,558.572265625,178.42982482910156,100.52970123291016,138.09512329101562,409.6379699707031,283.21697998046875,127.99877166748047,349.7311096191406,901.6263427734375,320.40673828125,219.350341796875,225.44076538085938,393.3376159667969,453.8299865722656,264.07086181640625,226.0499725341797,307.86309814453125,181.38949584960938,78.36405944824219,503.1190185546875,849.7472534179688,506.4942321777344,232.0657958984375,248.57489013671875,524.3510131835938,288.1258850097656,60.5326042175293,668.5004272460938,67.19510650634766,110.15782928466797,186.0800018310547,423.5426330566406,518.3803100585938,93.48526763916016,92.12000274658203,43.99631881713867,88.88999938964844,209.00640869140625,163.26202392578125,181.5399932861328,153.67318725585938,25.38941192626953,145.37478637695312,137.97000122070312,161.3721466064453,155.42593383789062,685.3363647460938,104.88524627685547,90.83406829833984,317.02801513671875,55.40948486328125,481.2200012207031,92.74211883544922,408.8779296875,314.2909851074219,25.409767150878906,155.56048583984375,465.7930908203125,372.79998779296875,267.8590087890625,368.6345520019531,263.4114685058594,334.167236328125,45.82875442504883,81.04664611816406,229.3162384033203,127.76616668701172,153.62725830078125,113.0419921875
2026-04-30,271.1002502441406,209.8264923095703,90.14704132080078,176.58668518066406,246.10000610351562,210.34413146972656,394.00018310546875,354.489990234375,343.6549072265625,180.98240661621094,265.05999755859375,147.04815673828125,229.02999877929688,53.18367004394531,167.9378204345703,1059.6287841796875,59.91367721557617,57.61000061035156,124.42707061767578,127.37745666503906,888.4617919921875,325.98291015625,329.5899963378906,288.9056091308594,26.676528930664062,124.85214233398438,307.30224609375,1011.451904296875,91.15898132324219,82.77752685546875,191.55551147460938,588.3450317382812,178.5795135498047,102.96106719970703,139.53445434570312,431.8166809082031,289.56903076171875,129.9857177734375,384.5702819824219,919.7166748046875,326.3521423339844,223.55377197265625,229.2924041748047,386.7866516113281,457.6099853515625,256.45697021484375,228.5356903076172,311.82525634765625,174.8118896484375,78.25476837158203,499.560302734375,932.993896484375,514.6011352539062,237.32330322265625,257.678466796875,502.078369140625,291.61224365234375,60.92927551269531,611.3433837890625,71.57953643798828,108.40046691894531,190.58999633789062,406.8987121582031,517.0804443359375,97.16828918457031,93.61000061035156,43.96658706665039,88.30999755859375,199.33767700195312,160.83047485351562,179.32000732421875,156.83987426757812,25.8148250579834,146.00010681152344,139.11000061035156,163.71273803710938,178.91917419433594,706.0054931640625,104.71623992919922,91.31234741210938,320.77825927734375,56.58333206176758,482.6000061035156,95.90591430664062,407.0279235839844,314.2909851074219,25.784746170043945,156.23826599121094,478.4803466796875,381.6300048828125,279.6590270996094,368.37603759765625,268.0871887207031,329.1576232910156,47.22494888305664,81.7625503540039,231.54656982421875,131.67869567871094,153.28955078125,114.17410278320312
2026-05-01,279.88214111328125,205.1398468017578,88.82646179199219,177.69337463378906,250.7100067138672,212.5970458984375,388.5968933105469,360.5400085449219,327.3480529785156,179.89280700683594,268.260009765625,142.0856475830078,227.3800048828125,52.96480941772461,169.2046356201172,1055.7308349609375,57.570133209228516,56.5,125.19000244140625,126.84000396728516,888.0225830078125,325.205322265625,340.94000244140625,281.2698669433594,26.824512481689453,122.28125,303.30145263671875,1010.0940551757812,91.50767517089844,81.58490753173828,188.89984130859375,575.7676391601562,174.78738403320312,102.2961654663086,137.92637634277344,424.3772277832031,286.1533203125,130.79042053222656,385.45977783203125,919.6569213867188,321.4687805175781,221.64501953125,230.5034942626953,397.2801818847656,457.7799987792969,253.93223571777344,225.89088439941406,311.06866455078125,172.4059600830078,78.07592010498047,506.31890869140625,961.674560546875,509.43499755859375,231.89683532714844,256.5392761230469,494.6308288574219,284.7090759277344,60.859859466552734,608.1863403320312,73.45154571533203,111.35919952392578,190.1699981689453,413.5443115234375,542.1266479492188,96.24504852294922,92.05999755859375,44.00623321533203,91.16000366210938,198.21897888183594,171.23428344726562,181.0800018310547,155.7711181640625,25.457090377807617,146.16883850097656,144.07000732421875,165.011962890625,176.35862731933594,700.3739013671875,105.28291320800781,91.21270751953125,317.1776123046875,56.62311935424805,489.0199890136719,95.91584014892578,402.1480712890625,293.9453125,25.774879455566406,156.31800842285156,468.7401123046875,390.82000732421875,279.5993347167969,366.6856994628906,264.9435119628906,327.35137939453125,47.303611755371094,80.35061645507812,227.7828826904297,131.34933471679688,151.72019958496094,113.36971282958984
2026-05-04,276.5751647949219,206.68882751464844,86.92005920410156,177.97991943359375,253.9600067138672,209.7288055419922,390.89404296875,341.5400085449219,321.42279052734375,179.16970825195312,272.04998779296875,140.8175506591797,221.3000030517578,51.92023468017578,165.164794921875,1046.3536376953125,56.73950958251953,56.849998474121094,123.08999633789062,125.62999725341797,873.1602172851562,324.1087341308594,349.510009765625,277.7403259277344,26.706125259399414,123.98856353759766,302.96221923828125,1011.1823120117188,92.2847671508789,81.50540161132812,190.53485107421875,576.8947143554688,173.67967224121094,100.53961944580078,140.56678771972656,421.27581787109375,280.1707458496094,131.82363891601562,383.0212097167969,899.3065795898438,310.0941162109375,218.6097869873047,227.80335998535156,405.1950988769531,452.3500061035156,250.13522338867188,222.91798400878906,306.270263671875,171.1136016845703,77.68842315673828,491.99420166015625,966.2666625976562,514.780029296875,222.3458709716797,258.38800048828125,503.8952941894531,282.1861877441406,60.86977767944336,609.8447875976562,72.3283462524414,112.30241394042969,188.00999450683594,412.72607421875,576.3613891601562,94.8155288696289,91.0199966430664,42.707847595214844,91.97000122070312,198.24893188476562,179.66494750976562,184.55999755859375,152.98046875,25.428085327148438,142.3572998046875,146.02999877929688,167.79885864257812,167.76039123535156,708.15234375,104.35833740234375,91.15292358398438,309.68701171875,55.33985137939453,497.5,95.20175170898438,400.91162109375,290.10552978515625,25.755144119262695,154.13514709472656,462.1367492675781,392.510009765625,279.4700012207031,368.6445007324219,262.0485534667969,326.173828125,46.77266311645508,78.72988891601562,226.86685180664062,130.08175659179688,152.65386962890625,111.89995574951172
2026-05-05,283.9184265136719,204.65330505371094,86.55267333984375,176.88311767578125,255.6199951171875,209.0142364501953,410.3099365234375,355.260009765625,327.1197509765625,176.43580627441406,273.54998779296875,136.48410034179688,224.3800048828125,52.84542465209961,167.20965576171875,1043.0323486328125,56.314308166503906,55.97999954223633,122.72000122070312,128.00999450683594,902.9150390625,321.5666809082031,353.6300048828125,274.07159423828125,26.104324340820312,122.41028594970703,305.19708251953125,1014.8065185546875,93.94854736328125,80.19352722167969,190.89158630371094,574.3014526367188,174.26846313476562,99.71593475341797,139.78262329101562,409.7276916503906,286.3230895996094,132.6084747314453,388.1981201171875,914.8580322265625,313.07177734375,218.05697631835938,227.35665893554688,396.5633544921875,451.3800048828125,253.0177764892578,224.26026916503906,308.0124206542969,173.06910705566406,77.9765625,498.7129821777344,987.170654296875,505.61993408203125,223.84658813476562,275.6058349609375,496.24810791015625,283.2489929199219,60.849945068359375,604.3998413085938,71.71747589111328,112.34212493896484,189.25,410.4909362792969,640.1015625,95.57992553710938,87.88999938964844,42.67811584472656,92.01000213623047,196.271240234375,184.70741271972656,183.97999572753906,153.42578125,25.5731143951416,143.82632446289062,135.91000366210938,168.06663513183594,185.863525390625,701.22265625,104.32850646972656,92.06963348388672,311.65191650390625,55.70792007446289,502.510009765625,95.11248779296875,400.08099365234375,294.4638977050781,25.557785034179688,154.45411682128906,466.2926025390625,389.3699951171875,281.0,361.8035583496094,262.64544677734375,321.36376953125,46.54651641845703,79.43585205078125,223.52134704589844,130.54086303710938,153.83584594726562,111.76092529296875
2026-05-06,287.245361328125,203.5809326171875,85.6888427734375,172.49588012695312,250.1699981689453,205.6398162841797,428.0877990722656,421.3900146484375,328.62835693359375,178.45652770996094,274.989990234375,138.26141357421875,229.92999267578125,53.32294464111328,167.89791870117188,1067.5540771484375,55.95832824707031,56.0,124.69000244140625,127.5999984741211,925.213623046875,320.89874267578125,354.8999938964844,280.3551940917969,26.0845947265625,118.02289581298828,252.15924072265625,994.1693725585938,91.29845428466797,86.3255615234375,183.47947692871094,590.1104736328125,174.557861328125,107.23828887939453,133.69776916503906,420.2287292480469,305.4492492675781,135.41006469726562,397.8023986816406,933.2369995117188,320.64495849609375,226.19265747070312,224.0906982421875,386.83642578125,451.7300109863281,258.9518127441406,223.33558654785156,313.4877624511719,181.39747619628906,78.72174835205078,500.2879638671875,985.353759765625,510.915283203125,231.93658447265625,296.9608154296875,491.06683349609375,282.1861877441406,61.3557014465332,612.3125,69.13607788085938,112.74919128417969,193.35000610351562,413.0653381347656,666.487548828125,94.69639587402344,88.2699966430664,43.490840911865234,89.05000305175781,207.5880584716797,193.35731506347656,183.67999267578125,154.33621215820312,25.650461196899414,146.80410766601562,133.7899932861328,169.12783813476562,191.8613739013672,719.974609375,105.81977081298828,91.82052612304688,322.7930603027344,54.8723030090332,504.4200134277344,92.74211883544922,399.7978515625,291.5516662597656,25.232145309448242,154.9425048828125,472.47637939453125,398.7300109863281,289.44000244140625,365.1942138671875,266.8436584472656,318.14044189453125,46.644840240478516,79.96283721923828,219.5684814453125,129.8322296142578,147.6875762939453,110.45006561279297
2026-05-07,287.1754150390625,201.27734375,86.39381408691406,178.04910278320312,256.510009765625,212.47793579101562,410.1301574707031,408.4599914550781,326.6235046386719,178.07020568847656,271.1700134277344,136.41419982910156,231.02999877929688,52.47734069824219,170.85049438476562,1061.7568359375,55.62211990356445,56.56999969482422,122.33000183105469,129.08999633789062,894.031494140625,320.28070068359375,356.8999938964844,282.4033203125,25.88728141784668,114.03254699707031,255.07252502441406,1010.4534912109375,91.81652069091797,86.8224868774414,180.84361267089844,579.0391235351562,175.2963409423828,107.83373260498047,129.92576599121094,398.04998779296875,302.25323486328125,133.1846923828125,397.7524108886719,921.8074340820312,320.238037109375,225.36866760253906,229.6199951171875,404.9860534667969,453.489990234375,253.9918670654297,221.23764038085938,304.8964538574219,176.10023498535156,77.9268798828125,492.29327392578125,973.2846069335938,509.0773010253906,229.46189880371094,286.31829833984375,500.1016845703125,281.78887939453125,60.80036163330078,616.2388305664062,68.0227279663086,111.49819946289062,190.1699981689453,419.8606262207031,646.5305786132812,92.64144897460938,88.25,44.01613998413086,93.58999633789062,211.2537841796875,193.91537475585938,196.52999877929688,154.6627655029297,25.60211753845215,144.9777374267578,137.0500030517578,169.70306396484375,201.8046417236328,708.0424194335938,103.65247344970703,89.18000030517578,319.38189697265625,52.723567962646484,505.19000244140625,91.67098236083984,404.6210632324219,293.4466247558594,24.92624282836914,153.97567749023438,473.98486328125,411.7900085449219,285.239990234375,367.6402282714844,263.5209045410156,320.6153259277344,46.30070877075195,78.71000671386719,220.4944610595703,129.95199584960938,145.591796875,86.70558166503906
2026-05-08,293.0500183105469,200.1255340576172,83.72286224365234,178.2763671875,253.0399932861328,211.39614868164062,434.89935302734375,455.19000244140625,329.2139587402344,174.86083984375,272.67999267578125,127.8371353149414,237.36000061035156,51.04478454589844,165.51390075683594,1078.7509765625,55.53312683105469,53.93000030517578,123.7699966430664,125.55000305175781,895.7882080078125,318.64581298828125,362.70001220703125,286.400146484375,25.05857276916504,113.02999877929688,260.48004150390625,1007.1886596679688,96.2100830078125,89.99285888671875,179.9716033935547,573.3539428710938,170.80564880371094,107.19859313964844,129.0720977783203,401.510009765625,296.7800598144531,130.47251892089844,400.56072998046875,932.370849609375,315.086669921875,222.2917022705078,229.75999450683594,394.5622253417969,450.05999755859375,253.22650146484375,220.05445861816406,300.74517822265625,186.6807403564453,77.91693878173828,491.6054382324219,946.8201293945312,503.2156982421875,227.79220581054688,293.8429870605469,494.65081787109375,273.8924255371094,61.03836441040039,609.0654907226562,67.11628723144531,110.58476257324219,193.08999633789062,414.22283935546875,746.6951293945312,92.42304992675781,87.48999786376953,43.74853515625,91.18000030517578,214.94947814941406,195.27066040039062,207.8800048828125,153.01016235351562,25.238479614257812,145.33506774902344,137.8000030517578,169.5840606689453,218.2837677001953,713.8238525390625,104.31856536865234,88.61000061035156,316.00067138671875,52.99216079711914,516.47998046875,91.04615783691406,396.54144287109375,284.7099304199219,24.82756233215332,152.8593292236328,464.5343322753906,428.3500061035156,287.79998779296875,377.8221130371094,263.2821350097656,318.1304931640625,46.42852783203125,75.63999938964844,214.44068908691406,130.42999267578125,143.59535217285156,82.25659942626953
2026-05-11,292.67999267578125,201.34683227539062,81.97532653808594,170.30226135253906,246.14999389648438,210.076171875,443.0691833496094,458.7900085449219,327.1197509765625,175.79196166992188,268.989990234375,122.28551483154297,238.2100067138672,50.28871154785156,157.404296875,1075.2606201171875,55.0485954284668,53.369998931884766,121.4000015258789,125.8499984741211,925.0738525390625,319.26385498046875,364.20001220703125,287.4043273925781,24.69354820251465,115.55000305175781,259.1032409667969,997.8834228515625,98.3520736694336,91.65258026123047,183.06329345703125,587.2179565429688,166.17526245117188,103.92369079589844,132.3279266357422,419.0,300.3955383300781,132.64822387695312,388.40802001953125,940.7140502929688,309.0816955566406,228.53948974609375,223.5500030517578,391.5555419921875,420.05999755859375,250.57257080078125,220.163818359375,298.6545715332031,184.28378295898438,78.15541076660156,502.80999755859375,965.3282470703125,508.9183654785156,224.67149353027344,295.8415832519531,496.9768981933594,272.75018310546875,60.89952850341797,598.3054809570312,67.59906768798828,110.4854736328125,191.10000610351562,411.7681579589844,795.2077026367188,94.150390625,85.44999694824219,42.01405715942383,91.48999786376953,219.18453979492188,193.16796875,213.66000366210938,147.8544158935547,25.36624526977539,142.29774475097656,136.88999938964844,180.6126251220703,236.65591430664062,711.70703125,105.12384033203125,87.83000183105469,311.8913269042969,54.64350128173828,516.1900024414062,92.33547973632812,397.3720703125,281.82763671875,24.54139518737793,148.42385864257812,452.1467590332031,445.0,297.760009765625,382.25677490234375,261.9888610839844,323.1899719238281,46.43836212158203,73.58000183105469,213.18614196777344,127.58999633789062,148.6708984375,76.13923645019531
2026-05-12,294.79998779296875,206.39093017578125,83.75264739990234,167.75291442871094,240.8300018310547,212.20005798339844,430.66461181640625,448.2900085449219,333.7695617675781,177.1291961669922,265.82000732421875,127.67738342285156,236.8699951171875,50.517520904541016,160.15737915039062,1086.3780517578125,55.819889068603516,54.099998474121094,122.76000213623047,126.44000244140625,910.4510498046875,321.038330078125,358.0400085449219,296.77001953125,24.56529426574707,117.87000274658203,260.3304138183594,1020.2578735351562,98.9199447631836,94.5645523071289,184.26229858398438,587.6668090820312,165.91578674316406,105.35274505615234,133.14190673828125,401.5299987792969,297.0797119140625,134.05894470214844,387.1187744140625,941.7495727539062,308.148681640625,227.94496154785156,219.22000122070312,386.0299987792969,431.8699951171875,249.8966827392578,222.97763061523438,303.5126953125,180.9040985107422,79.51661682128906,502.28167724609375,988.1689453125,517.6114501953125,223.14096069335938,289.036376953125,498.9735412597656,272.9885559082031,61.18711853027344,602.441650390625,68.8602066040039,111.56769561767578,191.8800048828125,406.8887023925781,766.462158203125,93.90221405029297,87.66000366210938,41.97441101074219,89.0,220.52297973632812,186.18228149414062,215.60000610351562,150.26901245117188,25.425214767456055,142.8436737060547,136.0,185.39297485351562,209.5360870361328,722.3311157226562,105.95895385742188,90.18000030517578,310.7742004394531,55.349796295166016,513.2100219726562,92.70244598388672,400.3641662597656,293.6660461425781,24.896636962890625,149.76943969726562,458.84002685546875,433.45001220703125,295.1700134277344,394.138916015625,264.22723388671875,326.4200134277344,47.12662887573242,75.18000030517578,216.7108612060547,130.35000610351562,149.614501953125,76.4073715209961
2026-05-13,298.8699951171875,207.0264129638672,83.23633575439453,157.74325561523438,236.07000732421875,207.05906677246094,436.06787109375,445.5,333.9283752441406,172.22598266601562,270.1300048828125,124.45223999023438,240.60000610351562,49.58238220214844,154.6412353515625,1087.9691162109375,55.76055908203125,53.060001373291016,119.62000274658203,124.0999984741211,900.6292114257812,315.027099609375,354.54998779296875,298.97723388671875,24.60475730895996,117.4000015258789,255.09246826171875,1031.4400634765625,101.4903335571289,97.50634002685547,184.31185913085938,579.14892578125,165.6463623046875,104.10232543945312,133.9359893798828,406.94000244140625,294.34307861328125,132.18128967285156,402.3796691894531,951.2277221679688,300.2975769042969,227.33999633789062,214.63999938964844,370.0707092285156,432.2699890136719,248.5945587158203,229.1024169921875,298.9034729003906,184.73521423339844,79.7451400756836,511.64208984375,1014.0044555664062,516.558349609375,219.095947265625,295.2320251464844,489.81890869140625,273.8427734375,61.00861358642578,616.0590209960938,70.48589324951172,112.63997650146484,193.8300018310547,404.3342590332031,803.5064086914062,94.16032409667969,87.55999755859375,41.964500427246094,87.05000305175781,225.56710815429688,189.10211181640625,227.7899932861328,147.7158660888672,25.5136661529541,141.18605041503906,130.0500030517578,186.36492919921875,212.38555908203125,718.806396484375,105.3326187133789,91.16999816894531,305.5477600097656,55.091156005859375,509.2799987792969,92.37515258789062,383.7330627441406,301.2856750488281,24.41311264038086,146.54998779296875,445.5833435058594,445.2699890136719,306.3399963378906,398.8818054199219,263.2821350097656,320.30999755859375,46.41869354248047,73.52999877929688,215.50608825683594,131.47000122070312,150.5481719970703,73.82536315917969
2026-05-14,298.2099914550781,209.28038024902344,84.29875946044922,162.0415802001953,237.00999450683594,206.80101013183594,440.01300048828125,449.70001220703125,333.71002197265625,168.8878631591797,267.2200012207031,128.99539184570312,229.2100067138672,49.59232711791992,154.09262084960938,1097.843505859375,56.13631820678711,53.54999923706055,122.45999908447266,124.81999969482422,918.5159912109375,319.0943908691406,352.8399963378906,293.23052978515625,24.8316650390625,118.97000122070312,260.5099792480469,1039.59716796875,115.09941864013672,96.55225372314453,184.946044921875,573.1544189453125,164.1993408203125,104.61836242675781,134.9882049560547,408.1000061035156,291.17706298828125,131.19775390625,400.8305969238281,964.7083740234375,302.08416748046875,227.0896759033203,218.3699951171875,376.6217041015625,428.05999755859375,249.26052856445312,229.48025512695312,298.56500244140625,189.05271911621094,79.93392181396484,510.0371398925781,1004.9700317382812,517.0252685546875,222.23654174804688,298.9394226074219,489.1200866699219,273.11767578125,60.46318817138672,617.8573608398438,71.34307861328125,112.60027313232422,194.52999877929688,408.5451354980469,775.8906860351562,94.98429107666016,86.94000244140625,41.6473388671875,90.5,235.465576171875,194.9318389892578,238.2100067138672,147.1221160888672,25.307275772094727,141.65257263183594,133.72999572753906,190.28245544433594,199.34373474121094,711.8068237304688,105.77999877929688,89.44000244140625,308.3804016113281,55.459224700927734,510.0199890136719,92.91072082519531,381.2506408691406,304.69659423828125,24.32430076599121,147.35000610351562,447.7611389160156,443.29998779296875,308.1700134277344,396.82354736328125,267.9479064941406,322.5199890136719,46.27121353149414,73.79000091552734,217.87582397460938,132.4600067138672,151.75,74.95748138427734
2026-05-15,300.2300109863281,208.90306091308594,83.8718032836914,166.81419372558594,247.60000610351562,212.86500549316406,436.077880859375,424.1000061035156,326.30999755859375,169.01663208007812,264.1400146484375,124.81169891357422,220.49000549316406,49.51274490356445,153.74349975585938,1075.8375244140625,56.36375045776367,52.68000030517578,117.88999938964844,123.41999816894531,886.6651611328125,323.1417541503906,347.239990234375,283.6261901855469,24.42717742919922,122.41000366210938,257.7099914550781,1047.284912109375,117.76942443847656,95.30000305175781,189.36557006835938,560.3775634765625,161.57479858398438,101.93889617919922,139.2267303466797,399.44000244140625,281.17950439453125,128.73394775390625,396.54315185546875,944.3082275390625,295.29510498046875,223.63922119140625,219.3000030517578,391.2668151855469,421.1199951171875,246.18911743164062,225.41363525390625,296.4743957519531,180.20201110839844,80.30155181884766,504.51458740234375,1004.9199829101562,512.6539306640625,217.0784149169922,284.51959228515625,493.3729553222656,274.52813720703125,59.937591552734375,613.6612548828125,72.01305389404297,110.58476257324219,192.50999450683594,421.0081481933594,724.5485229492188,92.68115997314453,87.0199966430664,41.50857925415039,95.06999969482422,225.05770874023438,192.2810516357422,242.8300018310547,147.5674285888672,24.89449691772461,140.52101135253906,133.99000549316406,188.0509490966797,200.74855041503906,697.2086791992188,106.81999969482422,90.87999725341797,299.32391357421875,55.091156005859375,502.4200134277344,91.79000091552734,380.52386474609375,305.9432678222656,23.712493896484375,147.42999267578125,437.9010314941406,422.239990234375,302.7300109863281,391.61334228515625,269.1615905761719,325.75,45.5927734375,73.41999816894531,218.8715057373047,131.4499969482422,157.9199981689453,73.7061996459961
2026-05-18,297.8399963378906,207.92999267578125,87.28744506835938,175.4404754638672,255.63999938964844,221.2613067626953,413.0565185546875,420.989990234375,324.3900146484375,175.60374450683594,264.8599853515625,121.5366439819336,220.61000061035156,50.42798614501953,154.68115234375,1079.795166015625,56.670291900634766,55.91999816894531,117.04000091552734,122.41000366210938,862.3502807617188,329.3025207519531,345.989990234375,285.03802490234375,24.594892501831055,124.54000091552734,261.8699951171875,1074.76123046875,118.43692779541016,95.39938354492188,194.33999633789062,563.0306396484375,163.52076721191406,103.1198501586914,141.93663024902344,381.8699951171875,285.6339416503906,128.82334899902344,396.70306396484375,942.20751953125,297.5779724121094,227.8238067626953,222.75,401.38201904296875,439.9200134277344,247.9584197998047,227.61099243164062,299.3813171386719,175.64500427246094,80.67910766601562,509.2496337890625,988.0900268554688,524.8739013671875,216.68087768554688,277.7643127441406,504.9435729980469,280.5671691894531,61.12761688232422,610.64404296875,72.63377380371094,111.75633239746094,192.69000244140625,422.6246643066406,681.4351806640625,88.39257049560547,89.6500015258789,42.19245910644531,103.41999816894531,222.0612030029297,185.96304321289062,247.5500030517578,147.508056640625,24.89449691772461,141.33493041992188,135.13999938964844,189.9254150390625,202.890625,628.7409057617188,106.5999984741211,92.38999938964844,301.9969787597656,56.851924896240234,498.42999267578125,93.70999908447266,393.9835510253906,312.38604736328125,24.107208251953125,150.25,441.557373046875,409.989990234375,300.6000061035156,388.9087829589844,273.7079772949219,332.6400146484375,45.97623825073242,74.37000274658203,221.76893615722656,133.33999633789062,160.49000549316406,77.18196868896484
2026-05-19,298.9700012207031,212.24923706054688,88.19099426269531,174.6993865966797,254.99000549316406,218.78013610839844,406.40478515625,414.04998779296875,330.75,181.26966857910156,259.3399963378906,119.02043914794922,215.00999450683594,50.43793487548828,154.1524658203125,1030.4930419921875,57.65913009643555,56.810001373291016,114.26000213623047,119.97000122070312,858.5573120117188,329.1031799316406,338.1199951171875,289.6015930175781,24.466638565063477,125.11000061035156,266.1700134277344,1092.5828857421875,114.9499740600586,93.60052490234375,197.25,556.6272583007812,166.6941680908203,101.51216888427734,143.2369842529297,371.8800048828125,284.9248352050781,129.64793395996094,387.4285888671875,924.664794921875,300.1883850097656,227.73989868164062,222.3300018310547,397.94720458984375,441.5799865722656,245.8809814453125,228.684814453125,294.3738708496094,174.05799865722656,81.39449310302734,504.4747619628906,1021.4099731445312,523.204833984375,217.02871704101562,273.18756103515625,498.86376953125,278.90838623046875,60.78052520751953,602.052001953125,72.9096450805664,113.4243392944336,189.5800018310547,416.51788330078125,698.632568359375,89.4051513671875,89.33000183105469,42.04378890991211,101.83000183105469,220.35317993164062,180.83090209960938,240.1300048828125,148.80441284179688,25.21882438659668,140.2530059814453,135.25999450683594,189.99484252929688,194.8901824951172,629.3599853515625,106.37999725341797,91.80999755859375,298.276611328125,56.47390365600586,493.8699951171875,94.13999938964844,387.3669738769531,316.90399169921875,24.649940490722656,150.67999267578125,447.3615417480469,404.1099853515625,302.30999755859375,387.02947998046875,270.15643310546875,329.9100036621094,46.939815521240234,74.55000305175781,221.380615234375,134.1999969482422,162.5500030517578,78.37366485595703
2026-05-20,302.25,210.799560546875,87.75410461425781,177.0906219482422,253.3699951171875,219.02825927734375,426.32000732421875,447.5799865722656,331.57000732421875,182.280029296875,265.010009765625,122.86463928222656,222.1999969482422,50.96519470214844,156.55642700195312,1045.6773681640625,57.88656234741211,56.66999816894531,116.83000183105469,124.81999969482422,870.9442749023438,327.3586120605469,350.8900146484375,281.4687194824219,24.545562744140625,122.36000061035156,264.75,1072.30517578125,113.92381286621094,92.70606231689453,191.3300018310547,559.0111083984375,170.76571655273438,103.28855895996094,140.58665466308594,379.69000244140625,299.79632568359375,129.83670043945312,388.6778564453125,977.8106079101562,308.2677917480469,227.99160766601562,225.0,382.23681640625,449.0299987792969,249.26052856445312,228.0087127685547,300.625732421875,182.94700622558594,81.02687072753906,505.0329895019531,1018.8699951171875,519.191162109375,219.69227600097656,291.8843994140625,497.20654296875,278.3819580078125,61.32595443725586,604.499755859375,72.24951934814453,112.19319915771484,197.77000427246094,420.1499938964844,731.87744140625,87.62816619873047,88.08999633789062,43.798091888427734,103.30000305175781,223.20985412597656,187.50767517089844,246.66000366210938,147.73565673828125,25.346590042114258,141.3845672607422,137.14999389648438,187.07901000976562,201.76478576660156,649.760009765625,106.5,90.11000061035156,306.9042663574219,56.98124313354492,498.92999267578125,93.62000274658203,393.60601806640625,320.634033203125,24.600603103637695,159.2100067138672,451.33758544921875,417.260009765625,304.8800048828125,381.12322998046875,264.4261779785156,330.75,47.018470764160156,75.80999755859375,218.64248657226562,130.85000610351562,156.27999877929688,79.15819549560547
2026-05-21,304.989990234375,212.9840087890625,87.14842987060547,175.75665283203125,244.10000610351562,218.4228515625,427.3599853515625,449.5899963378906,337.4200134277344,182.0422821044922,268.4599914550781,124.67191314697266,219.61000061035156,51.223854064941406,159.27957153320312,1057.7891845703125,58.885284423828125,57.150001525878906,118.56999969482422,125.22000122070312,864.3465576171875,329.2327575683594,358.4599914550781,280.3949279785156,24.742874145507812,120.55000305175781,265.44000244140625,1048.782470703125,117.75946044921875,92.74581146240234,191.00999450683594,529.976318359375,172.97116088867188,102.7923583984375,138.94879150390625,381.510009765625,301.38433837890625,129.64793395996094,387.4285888671875,983.8340454101562,311.4439697265625,234.71421813964844,252.97000122070312,305.7157897949219,439.79998779296875,248.4255828857422,230.40492248535156,301.6411437988281,184.21800231933594,80.64929962158203,512.8881225585938,1041.6500244140625,519.3897705078125,216.0746307373047,302.0272216796875,498.78387451171875,282.265625,60.9887809753418,606.8175659179688,72.62391662597656,115.05262756347656,200.50999450683594,419.0899963378906,761.9827880859375,89.03784942626953,89.30000305175781,43.99631881713867,99.69000244140625,219.25445556640625,189.11209106445312,252.9199981689453,147.3002471923828,25.50383949279785,142.3374481201172,137.4149932861328,186.91041564941406,212.6246795654297,642.5900268554688,104.12999725341797,90.41000366210938,308.5400085449219,56.95140075683594,503.9800109863281,94.23999786376953,392.3978271484375,312.6653137207031,25.005184173583984,157.4600067138672,448.91998291015625,417.8500061035156,298.3900146484375,380.3078918457031,264.06805419921875,331.1199951171875,47.46092987060547,75.91999816894531,216.8104248046875,121.33999633789062,155.2899932861328,79.51570129394531
2026-05-22,308.82000732421875,214.17552185058594,86.79098510742188,177.1103973388672,244.75999450683594,223.61346435546875,432.1600036621094,467.510009765625,339.29998779296875,182.11163330078125,266.32000732421875,131.86106872558594,219.02000427246094,51.532249450683594,160.65611267089844,1066.9873046875,58.79629135131836,57.779998779296875,118.51000213623047,125.08999633789062,878.2607421875,326.8701477050781,373.5899963378906,284.5906066894531,24.871126174926758,120.45999908447266,274.9100036621094,1026.6077880859375,119.96123504638672,92.68618774414062,191.42999267578125,527.7820434570312,171.64390563964844,102.21676635742188,140.17967224121094,391.3500061035156,302.4629821777344,133.4827423095703,382.74139404296875,992.3564453125,310.7392578125,239.03514099121094,253.83999633789062,318.5290222167969,438.1000061035156,250.68191528320312,233.0,305.0059814453125,188.83799743652344,80.95732116699219,515.948486328125,1065.0,529.7718505859375,213.70924377441406,305.13507080078125,497.7056884765625,280.3684997558594,61.24661636352539,609.6949462890625,72.81111907958984,121.5360107421875,201.02999877929688,418.57000732421875,750.884521484375,87.90613555908203,88.5999984741211,44.273834228515625,102.12999725341797,215.07933044433594,191.41407775878906,260.5799865722656,149.00233459472656,25.454696655273438,143.3697509765625,136.8800048828125,187.43605041503906,237.28359985351562,638.8800048828125,103.11000061035156,90.1500015258789,309.0799865722656,56.98124313354492,524.739990234375,94.55000305175781,394.16290283203125,315.63739013671875,24.92624282836914,158.27000427246094,447.8310852050781,426.010009765625,309.2099914550781,386.2638854980469,264.50579833984375,328.8800048828125,47.53958511352539,76.4000015258789,216.95977783203125,120.2699966430664,154.9199981689453,80.75704956054688
2026-05-26,308.3299865722656,211.61375427246094,86.05622100830078,174.89700317382812,240.49000549316406,216.70587158203125,454.8900146484375,503.8900146484375,335.94000244140625,183.2012176513672,265.2900085449219,139.34976196289062,218.89999389648438,51.93018341064453,162.8905029296875,1071.3626708984375,57.38225173950195,57.63999938964844,118.12000274658203,126.86000061035156,906.86767578125,324.437744140625,381.75,279.2117919921875,24.811933517456055,116.56999969482422,270.7799987792969,1001.3379516601562,117.88898468017578,90.1717529296875,184.7100067138672,527.7520751953125,172.4522247314453,102.49463653564453,135.19664001464844,403.1300048828125,314.09844970703125,132.85684204101562,388.6478576660156,990.1561889648438,308.22808837890625,243.02044677734375,250.69000244140625,303.0077819824219,436.6400146484375,248.90269470214844,230.17999267578125,305.3643493652344,201.13900756835938,79.94385528564453,513.3466796875,1064.739990234375,529.43408203125,210.77735900878906,322.4528503417969,492.1849365234375,277.3787841796875,60.73094177246094,611.7730102539062,71.30366516113281,118.86521911621094,201.75999450683594,416.0299987792969,895.7422485351562,87.01268005371094,87.68000030517578,44.541439056396484,99.91999816894531,214.60987854003906,192.3906707763672,256.75,144.16323852539062,25.40555763244629,141.9007110595703,136.60000610351562,180.03738403320312,247.90438842773438,634.6199951171875,101.41999816894531,89.4000015258789,311.25,57.67759323120117,534.5599975585938,94.08999633789062,389.3302307128906,312.1666564941406,24.68941307067871,158.97000122070312,447.7311706542969,433.5899963378906,324.8900146484375,374.71978759765625,269.6988220214844,326.4800109863281,47.677242279052734,77.5199966430664,214.5502166748047,118.56999969482422,149.80999755859375,79.67459869384766
2026-05-27,310.8500061035156,213.8776397705078,85.07323455810547,174.2646026611328,238.24000549316406,216.01113891601562,448.25,495.5400085449219,336.05999755859375,183.23094177246094,271.8500061035156,140.02874755859375,224.3000030517578,50.83586883544922,167.94778442382812,1064.3421630859375,56.87794494628906,50.459999084472656,118.0,125.38999938964844,908.2451171875,319.6327209472656,374.04998779296875,284.10345458984375,24.880992889404297,115.12999725341797,267.010009765625,1002.0967407226562,119.22398376464844,91.50350189208984,182.39999389648438,528.0214233398438,172.77157592773438,103.3877944946289,133.31063842773438,406.3699951171875,316.8150634765625,132.81710815429688,388.5978698730469,992.0975952148438,315.4836730957031,242.8421630859375,255.1999969482422,306.37286376953125,418.54998779296875,248.78341674804688,231.2899932861328,297.93780517578125,195.718994140625,81.09642028808594,506.2690734863281,1082.9200439453125,527.6854858398438,215.50811767578125,318.7054748535156,494.2115478515625,279.0276184082031,61.7325439453125,634.6718139648438,71.04749298095703,119.38150024414062,201.61000061035156,412.6700134277344,928.2672119140625,87.01268005371094,87.3499984741211,45.57221603393555,102.12000274658203,212.35250854492188,190.2979736328125,248.47000122070312,146.20179748535156,25.759366989135742,146.39715576171875,132.50999450683594,180.54318237304688,232.54110717773438,627.739990234375,102.0999984741211,85.61000061035156,309.9700012207031,56.2053108215332,525.9199829101562,93.73999786376953,392.4638977050781,305.1254577636719,24.56113052368164,157.00999450683594,455.7531433105469,440.3599853515625,317.45001220703125,381.8292236328125,277.94598388671875,327.6099853515625,47.431434631347656,76.11000061035156,214.6597442626953,118.54000091552734,147.89999389648438,78.9297866821289
2026-05-28,312.510009765625,217.08482360839844,85.6888427734375,176.28036499023438,241.44000244140625,218.20449829101562,449.67999267578125,518.0900268554688,336.4800109863281,184.91485595703125,274.0,147.45753479003906,228.77999877929688,50.50757598876953,169.3941650390625,1040.6258544921875,56.27475357055664,49.11000061035156,116.13999938964844,124.68000030517578,886.0263061523438,315.2364196777344,373.8500061035156,282.6916198730469,24.821800231933594,114.98999786376953,267.7099914550781,993.6202392578125,118.19782257080078,92.3979721069336,183.02999877929688,537.6065673828125,180.25604248046875,102.94122314453125,133.5885772705078,401.94000244140625,320.42059326171875,135.33059692382812,389.8971252441406,1003.9454345703125,318.8186340332031,244.3628692626953,264.2200012207031,311.61962890625,423.6300048828125,248.1373291015625,230.8000030517578,295.3992614746094,192.76300048828125,79.89418029785156,500.39764404296875,1126.800048828125,533.716064453125,216.5814971923828,317.7761535644531,492.9237060546875,276.09747314453125,61.87137985229492,634.7017211914062,70.90956115722656,119.03400421142578,203.7899932861328,426.989990234375,923.3779907226562,86.61558532714844,86.36000061035156,46.94989013671875,108.7300033569336,214.00057983398438,202.99378967285156,257.7699890136719,144.7668914794922,25.690570831298828,144.828857421875,143.33999633789062,177.1017303466797,242.39471435546875,621.52001953125,100.75,85.3499984741211,305.1400146484375,54.8325080871582,480.6400146484375,92.5199966430664,394.2384033203125,306.8109436035156,24.55126190185547,154.88999938964844,486.7320861816406,442.1000061035156,315.95001220703125,380.35760498046875,265.6199951171875,324.95001220703125,47.205284118652344,76.6500015258789,213.47488403320312,118.9000015258789,146.9600067138672,77.72815704345703
2026-05-29,312.05999755859375,216.18125915527344,84.9937973022461,184.8473663330078,259.2099914550781,220.16958618164062,450.05999755859375,516.0999755859375,336.7900085449219,185.19223022460938,270.6400146484375,148.53590393066406,231.14999389648438,51.333282470703125,167.01014709472656,1041.013671875,56.54174041748047,48.310001373291016,116.97000122070312,125.9000015258789,874.2481689453125,310.7604064941406,374.92999267578125,275.8015441894531,24.53569793701172,113.9800033569336,269.3599853515625,954.8019409179688,119.97119140625,90.42021179199219,182.4600067138672,540.7783203125,182.29180908203125,101.05567169189453,132.39743041992188,400.6000061035156,323.35693359375,133.55227661132812,380.1129455566406,1021.06005859375,314.7789611816406,249.4598846435547,297.79998779296875,330.0679016113281,424.6400146484375,245.79153442382812,225.3300018310547,297.9676818847656,192.17100524902344,78.50315856933594,496.12115478515625,1105.0,527.0,213.04336547851562,317.9560241699219,493.1533203125,277.3191833496094,60.661521911621094,631.92431640625,68.55477142333984,117.87236022949219,208.0,450.239990234375,970.8507080078125,86.37733459472656,86.0199966430664,45.81999969482422,124.37000274658203,210.8942108154297,224.9972381591797,281.69000244140625,142.6887664794922,25.729883193969727,142.4962615966797,156.5399932861328,175.9215087890625,250.09628295898438,614.780029296875,99.16000366210938,87.3499984741211,303.8399963378906,54.26548385620117,475.6199951171875,92.05000305175781,401.1352844238281,304.2777099609375,24.472318649291992,154.75,492.0168151855469,435.7900085449219,305.67999267578125,378.15020751953125,262.6400146484375,326.3599853515625,47.00864028930664,77.54000091552734,210.54757690429688,115.75,145.25999450683594,77.15218353271484
2026-06-01,306.30999755859375,211.4250946044922,87.15835571289062,194.25424194335938,274.0299987792969,231.97999572753906,458.1700134277344,510.1300048828125,329.1300048828125,185.7568359375,261.260009765625,146.1195526123047,224.3000030517578,51.24374771118164,168.82557678222656,1015.0101928710938,54.336631774902344,47.97999954223633,116.94000244140625,129.08999633789062,863.7576293945312,308.81646728515625,414.1600036621094,272.61004638671875,24.71327781677246,115.58000183105469,264.69000244140625,944.608154296875,120.87779998779297,90.06243133544922,185.8300018310547,541.0277099609375,179.4976043701172,102.06790924072266,135.61354064941406,400.0799865722656,324.1958923339844,130.24403381347656,376.14532470703125,1048.5799560546875,308.3769836425781,248.0755157470703,320.4200134277344,352.19989013671875,412.260009765625,244.33038330078125,223.50999450683594,295.2499084472656,194.00399780273438,78.13553619384766,495.842041015625,1082.199951171875,516.5,206.42425537109375,316.8967590332031,494.42120361328125,274.2499694824219,60.542518615722656,599.9139404296875,67.63848114013672,114.34770202636719,211.00999450683594,460.5199890136719,1035.3408203125,83.05168914794922,85.8499984741211,45.93000030517578,135.86000061035156,224.09881591796875,247.28968811035156,300.4800109863281,140.0465545654297,25.18933868408203,139.24057006835938,160.64999389648438,171.24032592773438,228.14735412597656,600.6599731445312,96.51000213623047,88.73999786376953,294.8599853515625,54.464439392089844,492.2900085449219,89.02999877929688,405.4493713378906,298.6626892089844,24.225622177124023,152.75,493.5452575683594,415.8800048828125,293.20001220703125,377.7027587890625,263.5,322.7699890136719,46.92998123168945,77.16999816894531,211.59303283691406,114.5999984741211,149.3800048828125,77.02307891845703
2026-06-02,315.20001220703125,213.8776397705078,86.35409545898438,184.00746154785156,262.1099853515625,229.4392547607422,490.04998779296875,521.5399780273438,328.260009765625,183.77574157714844,256.5199890136719,148.17645263671875,217.6999969482422,52.208736419677734,166.79071044921875,1013.2501831054688,53.85210037231445,47.68000030517578,114.91000366210938,131.25999450683594,908.1253051757812,311.2987060546875,416.3900146484375,271.1485290527344,24.515966415405273,116.87000274658203,264.8399963378906,952.7552490234375,127.52294158935547,88.9493179321289,187.5500030517578,577.7525024414062,175.74539184570312,100.63886260986328,137.55911254882812,417.6199951171875,317.324462890625,126.73706817626953,361.6340026855469,1064.5799560546875,309.2007751464844,246.70162963867188,329.2300109863281,320.7193298339844,402.29998779296875,247.08370971679688,222.88999938964844,299.6102600097656,204.52000427246094,77.90701293945312,494.3467712402344,1064.1500244140625,513.4299926757812,205.3707733154297,334.1745910644531,476.8805847167969,276.3599853515625,60.562355041503906,597.0765991210938,68.21977996826172,114.82427978515625,214.97999572753906,441.30999755859375,1063.936279296875,85.05699920654297,83.33000183105469,43.72999954223633,127.6500015258789,222.56060791015625,243.73207092285156,297.17999267578125,140.5215606689453,25.110713958740234,139.77658081054688,152.1699981689453,172.2321014404297,239.9537353515625,602.9199829101562,95.51000213623047,87.61000061035156,293.0,56.26499938964844,508.3500061035156,90.51000213623047,394.9479675292969,292.5190734863281,24.31443214416504,153.69000244140625,481.59722900390625,423.739990234375,308.1199951171875,375.7738037109375,264.67999267578125,317.32000732421875,47.067630767822266,79.44000244140625,211.01553344726562,113.05999755859375,149.55999755859375,75.86117553710938
2026-06-03,310.260009765625,215.59542846679688,86.37395477294922,175.32188415527344,256.239990234375,226.03509521484375,500.7699890136719,542.52001953125,338.2200012207031,180.51686096191406,250.02000427246094,147.3976287841797,210.5800018310547,52.129150390625,164.36679077148438,985.3175659179688,54.10919952392578,47.689998626708984,110.27999877929688,129.92999267578125,924.4650268554688,311.7772216796875,408.0,269.1700134277344,23.203845977783203,119.05000305175781,263.6400146484375,960.30322265625,126.02853393554688,90.80781555175781,189.7100067138672,586.7691040039062,177.71131896972656,98.63421630859375,140.4575958251953,421.2099914550781,314.248291015625,128.14779663085938,358.77569580078125,1041.02001953125,310.6400146484375,234.1478729248047,305.6300048828125,310.0664978027344,407.2900085449219,248.7535858154297,223.24000549316406,299.50079345703125,212.51100158691406,78.25476837158203,505.97003173828125,1078.780029296875,512.030029296875,206.37457275390625,343.4680480957031,470.7608337402344,273.2900085449219,60.80036163330078,622.4031372070312,69.26416778564453,113.88105773925781,210.13999938964844,427.3399963378906,1079.4039306640625,83.96500396728516,81.5199966430664,43.810001373291016,117.9000015258789,214.5,229.53146362304688,280.42999267578125,141.05592346191406,24.904325485229492,139.1512451171875,142.1999969482422,174.49334716796875,249.08999633789062,618.9500122070312,95.88999938964844,86.58999633789062,296.489990234375,56.849998474121094,498.0199890136719,90.48999786376953,390.0567626953125,294.2145690917969,23.238834381103516,157.89999389648438,473.47540283203125,423.70001220703125,308.5899963378906,374.8590087890625,262.1300048828125,312.3999938964844,45.86808395385742,78.68000030517578,217.05935668945312,116.88999938964844,152.52999877929688,77.05286407470703
2026-06-04,311.2300109863281,223.3502197265625,90.13711547851562,176.7349090576172,258.4200134277344,229.5682830810547,501.70001220703125,523.2000122070312,345.6000061035156,192.07650756835938,253.7899932861328,146.5489044189453,217.4199981689453,53.88999938964844,167.07000732421875,1016.8299560546875,55.96821212768555,48.849998474121094,118.55000305175781,135.14999389648438,938.738525390625,313.52178955078125,411.67999267578125,280.67999267578125,23.016399383544922,119.2300033569336,270.32000732421875,970.8064575195312,129.51548767089844,94.23658752441406,188.35000610351562,590.22021484375,186.25360107421875,98.5845947265625,139.84217834472656,418.6099853515625,327.2420959472656,128.3365478515625,371.96783447265625,1092.6099853515625,309.95001220703125,228.25379943847656,301.7699890136719,300.6482238769531,418.82000732421875,249.60841369628906,228.1699981689453,309.4957580566406,213.11000061035156,76.32720947265625,507.45001220703125,1125.27001953125,519.0499877929688,206.25531005859375,336.1731872558594,480.9537658691406,272.7200012207031,60.4830207824707,626.9888916015625,69.55974578857422,119.40135955810547,218.27000427246094,428.04998779296875,995.8468627929688,85.05699920654297,81.55999755859375,43.619998931884766,119.36000061035156,218.66000366210938,235.5206298828125,279.25,140.6699981689453,25.248308181762695,139.7368621826172,141.6999969482422,173.55116271972656,242.57000732421875,628.72998046875,94.13999938964844,88.0,300.0899963378906,58.0099983215332,494.4800109863281,91.62000274658203,397.4645080566406,300.40802001953125,22.46914291381836,158.6300048828125,481.5472717285156,418.45001220703125,305.3699951171875,394.21844482421875,263.8999938964844,320.17999267578125,44.117916107177734,81.62000274658203,218.0649871826172,117.73999786376953,152.0399932861328,78.9695053100586
2026-06-05,307.3399963378906,225.62403869628906,90.42505645751953,176.1321563720703,251.44000244140625,230.20346069335938,453.010009765625,466.3800048828125,349.5799865722656,192.28451538085938,246.02999877929688,138.60089111328125,215.4499969482422,53.83000183105469,165.83999633789062,995.5999755859375,56.6307373046875,48.54999923706055,115.3499984741211,132.47000122070312,902.6055908203125,325.2551574707031,376.19000244140625,289.4800109863281,23.49981117248535,117.13999938964844,275.0400085449219,970.3272705078125,121.1866455078125,95.33975219726562,187.30999755859375,581.9317016601562,183.91844177246094,98.95178985595703,136.76499938964844,395.94000244140625,327.5916442871094,128.3166961669922,368.30999755859375,1038.6800537109375,310.7799987792969,224.4048309326172,284.8399963378906,295.4512634277344,422.05999755859375,251.19879150390625,232.77000427246094,310.9691162109375,192.9199981689453,78.97014617919922,507.8999938964844,1131.4200439453125,523.760009765625,209.4456024169922,303.0664978027344,490.2581481933594,279.8399963378906,61.5242919921875,592.450927734375,71.1263198852539,119.92757415771484,211.92999267578125,416.6700134277344,863.8771362304688,85.83999633789062,82.18000030517578,42.97999954223633,112.44999694824219,205.10000610351562,212.93917846679688,272.04998779296875,141.9199981689453,25.5922908782959,145.4541778564453,135.52999877929688,176.8240203857422,215.94000244140625,635.4500122070312,95.29000091552734,88.83999633789062,305.29998779296875,54.869998931884766,464.8500061035156,92.5999984741211,401.55157470703125,304.84619140625,22.449405670166016,160.7100067138672,472.3265075683594,391.0,285.05999755859375,397.201416015625,272.32000732421875,323.57000732421875,44.609535217285156,81.94000244140625,220.39999389648438,118.87999725341797,149.9199981689453,78.89006805419922
2026-06-08,301.5400085449219,221.4934539794922,89.85909271240234,172.35752868652344,244.99000549316406,227.35507202148438,492.1700134277344,490.3299865722656,345.7300109863281,187.31199645996094,245.22000122070312,143.38368225097656,215.9199981689453,53.630001068115234,162.3000030517578,994.77001953125,54.949710845947266,48.70000076293945,114.19000244140625,133.27999877929688,913.9445190429688,320.8788146972656,394.239990234375,289.6099853515625,23.44061851501465,118.88999938964844,274.0799865722656,973.2026977539062,123.68729400634766,96.48268127441406,189.24000549316406,572.1769409179688,183.15003967285156,98.11817932128906,139.11753845214844,403.1400146484375,321.6390686035156,127.26361083984375,363.30999755859375,1045.0,309.7099914550781,222.12899780273438,280.82000732421875,304.16265869140625,418.6099853515625,250.8707733154297,232.16000366210938,309.7147521972656,210.80599975585938,79.0297622680664,501.9200134277344,1149.1500244140625,520.0700073242188,206.69261169433594,324.22161865234375,484.85723876953125,277.7799987792969,61.087947845458984,584.8479614257812,70.23957824707031,118.66664123535156,212.24000549316406,411.739990234375,949.134033203125,84.01000213623047,82.63999938964844,43.22999954223633,114.19000244140625,208.63999938964844,211.0856475830078,266.3299865722656,140.67999267578125,25.17951202392578,144.0248565673828,136.47000122070312,174.61236572265625,217.77000427246094,611.3400268554688,94.81999969482422,88.08000183105469,299.54998779296875,56.54999923706055,473.4800109863281,91.27999877929688,394.5979309082031,300.7271728515625,22.202709197998047,159.75,469.1596984863281,408.95001220703125,290.8999938964844,404.2610778808594,268.6700134277344,319.6700134277344,44.67836380004883,80.95999908447266,216.13999938964844,119.83000183105469,151.75,78.27435302734375
2026-06-09,290.54998779296875,223.8268280029297,90.6037826538086,171.408935546875,237.8800048828125,229.42933654785156,499.2099914550781,475.510009765625,344.57000732421875,189.025634765625,244.19000244140625,153.83792114257812,214.50999450683594,54.41999816894531,163.99000549316406,1011.9600219726562,55.849552154541016,48.959999084472656,120.29000091552734,134.72999572753906,913.0062866210938,324.11871337890625,390.8999938964844,295.0,23.529409408569336,116.79000091552734,279.57000732421875,967.052490234375,119.91141510009766,96.46279907226562,186.75999450683594,575.8374633789062,188.0199432373047,98.57467651367188,136.31832885742188,401.7200012207031,330.02862548828125,124.68058013916016,364.260009765625,1032.010009765625,321.3299865722656,226.2191925048828,277.489990234375,292.484375,426.6099853515625,255.00572204589844,237.0,311.2976379394531,213.93699645996094,80.81820678710938,515.5900268554688,1144.6800537109375,530.1300048828125,216.0348663330078,326.9297180175781,494.41119384765625,282.25,62.40689468383789,584.0487060546875,70.50559997558594,118.7460708618164,210.25,403.4100036621094,935.74609375,84.83000183105469,81.41000366210938,44.650001525878906,106.97000122070312,208.19000244140625,205.0964813232422,260.5199890136719,142.77999877929688,25.258136749267578,147.5684051513672,132.07000732421875,177.0223846435547,205.4199981689453,616.1799926757812,97.41000366210938,88.7699966430664,310.54998779296875,55.849998474121094,465.2699890136719,92.94999694824219,401.91107177734375,313.1739501953125,22.40993309020996,164.8699951171875,493.5752258300781,396.67999267578125,288.6300048828125,410.6545715332031,271.2799987792969,325.04998779296875,45.012664794921875,82.0,221.3000030517578,118.87999725341797,148.91000366210938,81.63095092773438
2026-06-10,291.5799865722656,223.3601531982422,88.53851318359375,168.47422790527344,233.3800048828125,229.35986328125,497.010009765625,452.3999938964844,337.7300109863281,190.67984008789062,238.0,148.99522399902344,209.0,54.540000915527344,160.63999938964844,1010.6799926757812,54.979373931884766,48.34000015258789,118.4800033569336,133.3800048828125,854.5746459960938,329.5517578125,385.1300048828125,295.80999755859375,23.647794723510742,119.91999816894531,281.239990234375,981.8090209960938,118.35723114013672,97.4168930053711,189.8000030517578,558.6021118164062,183.2498321533203,97.86015319824219,139.24658203125,375.4599914550781,318.3132019042969,120.68683624267578,356.3800048828125,1001.2899780273438,318.9200134277344,215.9202880859375,272.3599853515625,282.966552734375,412.0199890136719,248.6641387939453,238.49000549316406,307.75360107421875,213.56399536132812,83.05377197265625,509.1600036621094,1136.3699951171875,525.02001953125,214.86212158203125,321.5734558105469,488.2615051269531,282.5199890136719,63.64650344848633,570.4512939453125,72.05245971679688,118.23970794677734,206.66000366210938,397.3599853515625,891.7428588867188,85.12000274658203,82.0,43.959999084472656,106.05999755859375,200.4199981689453,200.56224060058594,263.2200012207031,144.32000732421875,25.15985679626465,147.94558715820312,130.2100067138672,181.44570922851562,191.1999969482422,601.6500244140625,98.76000213623047,89.2699966430664,303.9100036621094,55.5099983215332,460.5400085449219,94.0199966430664,403.3869323730469,308.0177307128906,22.90332794189453,167.66000366210938,481.5572814941406,381.5899963378906,282.010009765625,405.1460266113281,267.0299987792969,322.9599914550781,46.163055419921875,81.97000122070312,224.27999877929688,120.58999633789062,150.6199951171875,80.72725677490234
2026-06-11,295.6300048828125,223.18142700195312,89.0151138305664,165.52964782714844,218.8000030517578,224.07000732421875,552.6400146484375,488.45001220703125,354.05999755859375,187.52000427246094,241.50999450683594,152.2303466796875,221.6300048828125,55.15999984741211,163.58999633789062,1016.5800170898438,56.26486587524414,47.16999816894531,120.87999725341797,138.07000732421875,895.9678955078125,326.9100036621094,383.739990234375,294.8399963378906,23.647794723510742,115.36000061035156,281.4800109863281,974.1411743164062,121.37593841552734,99.86176300048828,185.82000732421875,567.169921875,180.4156951904297,99.57699584960938,135.5242156982422,393.6400146484375,332.3457336425781,125.04817199707031,357.7699890136719,1035.6400146484375,326.010009765625,229.8059844970703,274.8500061035156,275.68878173828125,412.8999938964844,252.91836547851562,238.3300018310547,312.0840759277344,241.16400146484375,82.00057983398438,515.4400024414062,1160.949951171875,548.6799926757812,219.69227600097656,362.2648010253906,485.6958312988281,284.7699890136719,62.83332061767578,567.9036254882812,70.3578109741211,119.89778900146484,212.66000366210938,390.3399963378906,995.7168579101562,84.83999633789062,81.2699966430664,45.959999084472656,103.08000183105469,204.8699951171875,183.4617462158203,279.5299987792969,143.72999572753906,25.720056533813477,147.2408447265625,131.0800018310547,179.2836456298828,202.9600067138672,611.47998046875,102.27999877929688,88.69999694824219,316.8900146484375,56.0,456.2900085449219,93.2699966430664,391.0501403808594,304.8262634277344,22.696102142333984,168.33999633789062,475.18365478515625,399.1499938964844,297.1000061035156,403.2468566894531,268.2799987792969,319.04998779296875,46.153221130371094,82.4000015258789,218.7899932861328,120.5,146.60000610351562,80.83649444580078
2026-06-12,291.1300048828125,226.12049865722656,87.55552673339844,168.2568359375,204.02000427246094,226.2100067138672,567.25,511.57000732421875,355.20001220703125,187.17999267578125,238.5500030517578,153.5683135986328,219.0500030517578,56.02000045776367,164.94000244140625,1032.0,56.4922981262207,46.90999984741211,122.79000091552734,139.8300018310547,908.8839111328125,328.1400146484375,384.9599914550781,298.0,24.170671463012695,116.9800033569336,281.6700134277344,980.7905883789062,120.6486587524414,101.33264923095703,187.22000122070312,575.987060546875,179.72714233398438,99.27928161621094,135.64332580566406,391.3900146484375,334.8825378417969,124.76998901367188,359.67999267578125,1062.75,328.3900146484375,231.05401611328125,272.239990234375,275.50958251953125,411.05999755859375,255.88043212890625,240.8699951171875,319.28167724609375,254.5399932861328,82.09000396728516,523.5700073242188,1133.0,540.3300170898438,219.42391967773438,366.5517883300781,489.1600341796875,284.80999755859375,62.46639633178711,566.4549560546875,70.8800048828125,118.20000457763672,214.0399932861328,390.739990234375,981.4590454101562,85.98999786376953,80.33999633789062,44.93000030517578,102.1500015258789,205.19000244140625,183.49163818359375,279.6199951171875,144.27000427246094,25.759366989135742,148.50143432617188,127.98999786376953,182.78460693359375,211.72000122070312,612.1400146484375,103.04000091552734,91.0999984741211,317.29998779296875,56.18000030517578,453.8900146484375,94.0,396.31976318359375,311.3687744140625,23.2684383392334,168.41000366210938,468.8699951171875,406.42999267578125,301.1199951171875,406.20001220703125,272.70001220703125,322.3900146484375,47.303611755371094,83.7300033569336,219.4499969482422,121.04000091552734,147.00999450683594,79.0191650390625
2026-06-15,296.4200134277344,220.02389526367188,88.04205322265625,163.39529418945312,206.36000061035156,223.22000122070312,585.780029296875,547.260009765625,350.5299987792969,185.75999450683594,246.02000427246094,158.35110473632812,228.9499969482422,55.869998931884766,174.63999938964844,1042.8699951171875,55.61223602294922,46.7599983215332,124.62999725341797,141.2100067138672,932.20068359375,326.95001220703125,394.5,293.8299865722656,23.647794723510742,112.26000213623047,281.42999267578125,977.895263671875,119.72212219238281,100.06053161621094,180.39999389648438,573.9822387695312,180.72506713867188,100.91673278808594,131.0077362060547,407.05999755859375,341.83392333984375,124.30000305175781,369.3500061035156,1076.1700439453125,329.82000732421875,238.50025939941406,268.7099914550781,280.52734375,416.54998779296875,260.92987060546875,235.66000366210938,317.96759033203125,256.4200134277344,80.91000366210938,521.47998046875,1129.3499755859375,530.3599853515625,218.83755493164062,388.646240234375,489.81890869140625,286.1199951171875,60.9887809753418,593.47998046875,69.58999633789062,114.9000015258789,217.97999572753906,399.760009765625,1087.8226318359375,86.12000274658203,81.66999816894531,45.20000076293945,104.1500015258789,212.4499969482422,191.97213745117188,284.5400085449219,146.25,25.552978515625,149.3451385498047,134.7100067138672,180.31507873535156,220.80999755859375,614.97998046875,101.58999633789062,90.94999694824219,320.239990234375,53.709999084472656,454.3800048828125,93.81999969482422,401.2015075683594,307.1201171875,22.982271194458008,167.3300018310547,473.7200012207031,411.1499938964844,313.3399963378906,411.0400085449219,267.32000732421875,323.82000732421875,46.281044006347656,83.13999938964844,216.94000244140625,120.81999969482422,140.9199981689453,79.39653015136719
2026-06-16,299.239990234375,220.89767456054688,89.9782485961914,163.55340576171875,207.32000732421875,222.0,568.22998046875,507.2900085449219,347.8399963378906,184.47000122070312,246.0,158.57077026367188,227.49000549316406,56.84000015258789,175.72000122070312,1052.22998046875,55.29580307006836,46.91999816894531,127.87000274658203,142.99000549316406,943.7093505859375,328.8900146484375,387.8500061035156,291.8800048828125,23.341962814331055,111.33999633789062,281.4599914550781,985.11376953125,119.12435913085938,100.10028076171875,180.11000061035156,583.77685546875,180.97454833984375,100.50984954833984,131.0772247314453,407.7099914550781,351.2921142578125,127.2300033569336,373.25,1090.6700439453125,337.0899963378906,240.68170166015625,270.80999755859375,279.75079345703125,417.07000732421875,264.18017578125,235.17999267578125,329.6549377441406,237.3300018310547,80.27999877929688,518.1699829101562,1122.5,535.9500122070312,222.64402770996094,369.08001708984375,500.4909973144531,287.92999267578125,61.63337707519531,600.2100219726562,70.19000244140625,115.16999816894531,220.8300018310547,393.8299865722656,1020.60302734375,86.2300033569336,78.72000122070312,45.040000915527344,101.33000183105469,207.41000366210938,187.6770782470703,279.8999938964844,146.1199951171875,25.5922908782959,151.360107421875,133.25,182.5465850830078,214.07000732421875,614.72998046875,101.68000030517578,93.66999816894531,322.44000244140625,53.06999969482422,448.3800048828125,94.30999755859375,409.886474609375,309.7530822753906,22.853988647460938,166.32000732421875,472.6300048828125,404.6600036621094,305.7099914550781,407.6499938964844,267.45001220703125,333.1199951171875,45.946739196777344,85.05000305175781,218.58999633789062,121.02999877929688,141.86000061035156,78.78083038330078
2026-06-17,295.95001220703125,219.66644287109375,87.87326049804688,154.15638732910156,196.27999877929688,218.75999450683594,592.9199829101562,512.47998046875,341.6600036621094,181.08999633789062,237.5,160.8673095703125,225.6300048828125,56.529998779296875,171.6300048828125,1057.3800048828125,54.66294860839844,44.95000076293945,125.01000213623047,143.77999877929688,954.14990234375,327.9599914550781,389.6000061035156,285.0899963378906,22.38500213623047,111.20999908447266,277.0899963378906,964.0572509765625,116.89270782470703,98.54988861083984,177.5800018310547,586.9486694335938,177.39198303222656,100.0930404663086,132.26837158203125,409.6400146484375,356.58551025390625,125.44999694824219,363.7900085449219,1099.1400146484375,327.4800109863281,239.7587890625,262.3500061035156,267.893310546875,402.17999267578125,260.5322570800781,234.1999969482422,331.9645080566406,238.72999572753906,79.93000030517578,515.8499755859375,1112.0,532.3200073242188,215.93548583984375,374.17999267578125,492.1649475097656,283.82000732421875,60.35409927368164,567.5800170898438,68.94999694824219,115.44000244140625,224.9600067138672,378.9100036621094,1043.029541015625,85.7300033569336,76.95999908447266,44.189998626708984,95.4800033569336,204.64999389648438,182.8937225341797,282.1300048828125,141.58999633789062,25.474353790283203,149.44439697265625,130.6300048828125,177.96456909179688,212.97000122070312,607.9299926757812,99.81999969482422,94.51000213623047,313.79998779296875,50.33000183105469,461.739990234375,92.52999877929688,395.4777526855469,300.3382263183594,22.143503189086914,164.1300048828125,461.69000244140625,396.3800048828125,301.8800048828125,399.5299987792969,258.04998779296875,330.3800048828125,45.071659088134766,83.80999755859375,215.85000610351562,118.12999725341797,140.74000549316406,76.72515869140625
2026-06-18,298.010009765625,214.95994567871094,87.78389739990234,126.45942687988281,195.16000366210938,218.41000366210938,617.1099853515625,537.3699951171875,337.6000061035156,176.0500030517578,244.38999938964844,163.7130126953125,222.72000122070312,56.20000076293945,171.77999877929688,1050.0899658203125,53.39723587036133,45.290000915527344,123.79000091552734,143.05999755859375,983.9945678710938,323.3999938964844,387.3900146484375,279.2699890136719,22.128496170043945,107.73999786376953,271.8299865722656,949.939697265625,119.09447479248047,97.71504974365234,173.6300048828125,587.7166748046875,176.80320739746094,103.0999984741211,129.0224609375,421.7699890136719,357.19476318359375,123.76000213623047,368.0299987792969,1096.56005859375,334.2799987792969,240.17828369140625,249.10000610351562,265.8224792480469,406.7799987792969,262.5003356933594,228.38999938964844,323.761474609375,259.55999755859375,79.38999938964844,512.1500244140625,1098.5699462890625,510.95001220703125,220.835205078125,389.0400085449219,488.9703369140625,278.6099853515625,59.6202507019043,577.219970703125,69.12000274658203,113.87000274658203,223.1699981689453,379.3999938964844,1133.8155517578125,86.75,77.37999725341797,45.20000076293945,95.04000091552734,210.69000244140625,183.6510772705078,287.7799987792969,142.02000427246094,24.776559829711914,149.26573181152344,128.47000122070312,176.93312072753906,226.11000061035156,609.9400024414062,100.6500015258789,91.69999694824219,320.7900085449219,48.09000015258789,455.510009765625,93.08999633789062,388.7606506347656,306.98046875,21.71918296813965,163.80999755859375,464.6099853515625,400.489990234375,322.8599853515625,400.9599914550781,256.8800048828125,327.239990234375,44.609535217285156,82.19999694824219,214.60000610351562,117.18000030517578,137.80999755859375,78.16511535644531
2026-06-22,297.010009765625,228.38438415527344,87.2080078125,123.34685516357422,194.89999389648438,214.60000610351562,640.1799926757812,551.6300048828125,344.7200012207031,176.42999267578125,232.7899932861328,165.7100067138672,220.8300018310547,57.369998931884766,167.77000427246094,1051.739990234375,54.08942413330078,44.33000183105469,123.26000213623047,145.6699981689453,1020.3870849609375,325.20001220703125,389.0400085449219,282.0799865722656,22.019973754882812,109.69999694824219,271.2799987792969,949.8397827148438,121.07705688476562,100.67671966552734,175.05999755859375,597.0425415039062,177.8210906982422,101.67095184326172,131.85147094726562,435.7799987792969,354.6778869628906,124.87000274658203,349.67999267578125,1106.3699951171875,326.6199951171875,239.23440551757812,252.22000122070312,256.6331787109375,402.95001220703125,263.7130126953125,231.2899932861328,329.993408203125,269.1600036621094,79.52999877929688,516.7100219726562,1102.0799560546875,493.6000061035156,213.08309936523438,409.5400085449219,483.2798767089844,270.1000061035156,59.01531982421875,563.8499755859375,69.51000213623047,115.4800033569336,227.08999633789062,367.3399963378906,1211.1937255859375,86.08000183105469,72.87999725341797,43.189998626708984,93.01000213623047,208.64999389648438,174.4630584716797,286.3999938964844,140.7100067138672,24.64879608154297,146.58572387695312,119.5,171.74612426757812,221.89999389648438,612.5,100.1500015258789,92.02999877929688,316.8999938964844,47.95000076293945,464.5799865722656,93.43000030517578,385.4209899902344,303.8787841796875,21.807994842529297,164.1699981689453,464.010009765625,405.04998779296875,332.2799987792969,406.67999267578125,259.9100036621094,326.6000061035156,44.59970474243164,83.83999633789062,213.30999755859375,117.18000030517578,138.47000122070312,75.36463928222656
2026-06-23,294.29998779296875,233.10081481933594,89.88888549804688,125.5009536743164,197.42999267578125,220.5,585.8800048828125,519.8499755859375,347.010009765625,179.3800048828125,234.11000061035156,158.6999969482422,216.7100067138672,57.90999984741211,168.94000244140625,1015.3300170898438,54.91015625,45.599998474121094,120.06999969482422,144.97000122070312,982.41748046875,332.1099853515625,379.05999755859375,283.0799865722656,22.49352264404297,109.97000122070312,281.1000061035156,956.1597900390625,120.69847106933594,100.94505310058594,175.97999572753906,590.4097290039062,178.59947204589844,102.74273681640625,133.90621948242188,405.2799987792969,356.0262145996094,125.05000305175781,346.1300048828125,1094.43994140625,324.45001220703125,233.2144775390625,264.94000244140625,256.9119567871094,403.17999267578125,260.06512451171875,239.0800018310547,332.6414794921875,244.49000549316406,80.30999755859375,512.260009765625,1107.0799560546875,503.6700134277344,212.2283935546875,371.3299865722656,487.2532043457031,271.6600036621094,60.55243682861328,562.2000122070312,71.61000061035156,119.5999984741211,226.02999877929688,373.94000244140625,1051.6082763671875,86.43000030517578,72.81999969482422,42.380001068115234,95.94000244140625,200.0399932861328,164.58740234375,290.9200134277344,142.0500030517578,24.294984817504883,149.74217224121094,116.69999694824219,177.2207489013672,204.1300048828125,618.030029296875,101.05000305175781,93.16999816894531,322.8999938964844,47.790000915527344,461.5,94.93000030517578,378.5809020996094,309.17462158203125,22.50861358642578,164.35000610351562,469.3500061035156,381.6099853515625,304.3599853515625,409.25,258.6099853515625,328.4800109863281,45.946739196777344,84.12999725341797,218.83999633789062,119.41999816894531,139.72999572753906,76.30805969238281
2026-06-24,293.0799865722656,233.2299041748047,89.84916687011719,127.61551666259766,196.57000732421875,219.86000061035156,588.969970703125,519.739990234375,351.42999267578125,174.4600067138672,234.27000427246094,162.77999877929688,220.25,57.72999954223633,181.25,982.5999755859375,54.38607406616211,44.459999084472656,112.98999786376953,143.58999633789062,992.6085815429688,335.1499938964844,372.3999938964844,279.4599914550781,22.33567237854004,106.91999816894531,284.4700012207031,959.5643920898438,119.28376770019531,101.24320983886719,171.4499969482422,599.1968994140625,188.47897338867188,100.35106658935547,133.45953369140625,404.5899963378906,365.42449951171875,125.16000366210938,345.2900085449219,1076.9100341796875,342.8599853515625,238.51075744628906,262.9599914550781,261.0834655761719,401.8299865722656,262.0928039550781,241.0,331.95458984375,240.47999572753906,80.5999984741211,515.72998046875,1117.260009765625,491.6400146484375,220.08981323242188,374.79998779296875,493.5826110839844,273.8800048828125,61.22678756713867,557.6699829101562,72.06999969482422,120.5999984741211,219.86000061035156,365.4599914550781,1048.3487548828125,87.62000274658203,71.83999633789062,41.81999969482422,93.80000305175781,199.0,156.98385620117188,285.260009765625,142.27000427246094,23.626678466796875,150.91342163085938,113.5,177.30999755859375,197.41000366210938,623.4299926757812,103.52999877929688,91.38999938964844,333.1300048828125,46.61000061035156,463.92999267578125,95.77999877929688,380.6528015136719,312.8448181152344,22.07442855834961,165.1699981689453,492.20001220703125,375.5299987792969,303.1099853515625,405.79998779296875,259.9599914550781,332.2300109863281,44.91434097290039,84.30000305175781,223.25999450683594,119.0,136.89999389648438,77.62885284423828
2026-06-25,275.1499938964844,241.4215850830078,92.5796890258789,124.32508850097656,193.41000366210938,216.30999755859375,668.0,532.5700073242188,352.82000732421875,168.72000122070312,227.00999450683594,165.14999389648438,218.1199951171875,58.189998626708984,177.0500030517578,971.9199829101562,54.77172088623047,44.20000076293945,114.18000030517578,144.97999572753906,1055.052734375,330.82000732421875,368.2300109863281,281.8699951171875,22.38500213623047,106.41000366210938,286.95001220703125,940.7442626953125,118.52659606933594,104.01604461669922,172.24000549316406,629.1293334960938,192.80999755859375,97.30441284179688,132.60586547851562,419.8699951171875,370.89764404296875,123.83999633789062,343.7099914550781,1065.0899658203125,345.0,242.5170440673828,258.2699890136719,253.9451141357422,399.69000244140625,268.9711608886719,244.8800048828125,333.6170654296875,258.79998779296875,80.41999816894531,522.280029296875,1127.68994140625,505.0199890136719,220.5668487548828,401.82000732421875,488.101806640625,264.5400085449219,60.6912727355957,542.8699951171875,73.20999908447266,125.44999694824219,221.0399932861328,352.8299865722656,1213.3734130859375,87.69999694824219,70.9000015258789,40.900001525878906,89.5199966430664,195.74000549316406,151.9314422607422,293.0899963378906,139.52000427246094,23.263038635253906,147.399658203125,107.2699966430664,178.92999267578125,204.89999389648438,620.1400146484375,103.16000366210938,89.44000244140625,339.0799865722656,47.41999816894531,455.0199890136719,95.91000366210938,373.83160400390625,315.2683410644531,22.12376594543457,155.19000244140625,505.75,375.1199951171875,311.80999755859375,415.5299987792969,267.7300109863281,330.5199890136719,45.29780197143555,84.73999786376953,223.0800018310547,115.77999877929688,137.5500030517578,77.28128051757812
2026-06-26,283.7799987792969,251.55943298339844,93.45346069335938,127.44754028320312,202.72999572753906,223.5500030517578,626.8400268554688,521.5800170898438,358.3299865722656,175.58999633789062,232.69000244140625,163.72000122070312,217.25,57.880001068115234,181.4600067138672,964.7100219726562,56.87794494628906,44.22999954223633,115.4000015258789,141.75999450683594,995.6229858398438,341.44000244140625,377.2699890136719,282.7900085449219,22.858549118041992,105.95999908447266,286.1300048828125,951.0279541015625,113.3459701538086,103.69800567626953,171.05999755859375,611.6546020507812,196.19000244140625,98.03878021240234,131.6231689453125,402.67999267578125,368.5406188964844,127.87999725341797,337.3900146484375,1019.6099853515625,348.8599853515625,243.5343475341797,271.6300048828125,266.539306640625,404.70001220703125,266.0985412597656,254.66000366210938,327.57427978515625,248.63999938964844,82.62999725341797,519.6199951171875,1208.1199951171875,507.3999938964844,221.1134796142578,379.0899963378906,498.18487548828125,269.760009765625,60.28468322753906,550.25,73.79000091552734,128.66000366210938,212.02999877929688,372.9700012207031,1132.1558837890625,88.55999755859375,73.80999755859375,40.75,98.33999633789062,192.52999877929688,148.0150604248047,304.20001220703125,141.38999938964844,23.872379302978516,147.9158172607422,112.93000030517578,180.77000427246094,189.38999938964844,632.9000244140625,104.5999984741211,90.66999816894531,344.07000732421875,47.0,454.3399963378906,97.16000366210938,386.14947509765625,331.82415771484375,22.419801712036133,155.42999267578125,513.030029296875,379.7099914550781,285.42999267578125,427.8900146484375,268.3500061035156,336.2300109863281,45.759925842285156,83.86000061035156,225.52999877929688,115.69000244140625,136.5399932861328,75.56324768066406
2026-06-29,281.739990234375,252.5126495361328,92.0534439086914,123.25791931152344,206.42999267578125,224.97000122070312,694.6400146484375,539.489990234375,360.54998779296875,168.6699981689453,240.13999938964844,166.4199981689453,214.69000244140625,57.880001068115234,182.41000366210938,950.1699829101562,57.90633773803711,43.47999954223633,114.87999725341797,142.49000549316406,1031.27685546875,343.2900085449219,372.7200012207031,278.739990234375,23.894433975219727,104.19999694824219,281.6499938964844,945.17724609375,117.2613296508789,102.94268798828125,168.47000122070312,625.010009765625,192.77999877929688,97.87999725341797,130.95809936523438,408.260009765625,373.2447509765625,126.33000183105469,353.6499938964844,1020.2100219726562,350.80999755859375,227.8000030517578,278.0,265.2251281738281,405.9700012207031,265.8600158691406,258.510009765625,327.91278076171875,278.3900146484375,82.6500015258789,511.05999755859375,1229.9300537109375,502.07000732421875,218.3008575439453,410.9100036621094,508.787109375,267.17999267578125,59.650001525878906,562.5999755859375,74.05000305175781,129.3800048828125,211.72000122070312,368.57000732421875,1145.1038818359375,88.66000366210938,73.77999877929688,41.47999954223633,99.97000122070312,194.97000122070312,147.2477264404297,332.0,138.67999267578125,23.951004028320312,147.3500213623047,115.69999694824219,182.8699951171875,188.72000122070312,631.8099975585938,104.05999755859375,90.55000305175781,344.29998779296875,46.380001068115234,447.260009765625,96.75,386.5279235839844,329.6399841308594,21.531694412231445,151.22999572753906,506.4200134277344,411.8399963378906,285.4800109863281,419.82000732421875,272.70001220703125,341.6499938964844,43.36082077026367,83.51000213623047,223.3699951171875,114.5999984741211,136.05999755859375,72.74291229248047
2026-06-30,289.3599853515625,249.86151123046875,90.09739685058594,122.96148681640625,205.02000427246094,223.9499969482422,723.0,580.9099731445312,362.1199951171875,163.57000732421875,238.33999633789062,176.32000732421875,216.47000122070312,56.97999954223633,178.24000549316406,961.5599975585938,56.976829528808594,42.68000030517578,117.66999816894531,139.9600067138672,1062.92822265625,340.739990234375,375.32000732421875,275.67999267578125,24.219999313354492,103.95999908447266,282.9800109863281,933.9849853515625,117.02222442626953,102.81348419189453,165.75999450683594,634.3300170898438,190.47999572753906,96.25,128.77430725097656,426.1199951171875,373.2647399902344,126.33999633789062,357.3699951171875,1011.3699951171875,352.67999267578125,223.89999389648438,281.2099914550781,259.84893798828125,397.67999267578125,270.4700012207031,253.97000122070312,325.86199951171875,301.7099914550781,81.2699966430664,518.9400024414062,1199.4300537109375,509.4599914550781,219.13571166992188,433.3299865722656,512.740478515625,270.30999755859375,57.84000015258789,563.2899780273438,71.94999694824219,128.5,209.0399932861328,373.0199890136719,1154.112548828125,87.7699966430664,71.4000015258789,41.04999923706055,99.27999877929688,200.08999633789062,146.04193115234375,341.0199890136719,135.39999389648438,23.66598892211914,145.55343627929688,116.66999816894531,180.91000366210938,184.7899932861328,623.5399780273438,102.19000244140625,92.2699966430664,344.32000732421875,46.4900016784668,446.07000732421875,95.70999908447266,385.2980041503906,314.8399963378906,20.42649269104004,151.5,501.3599853515625,420.6000061035156,298.07000732421875,415.6300048828125,272.0,343.0899963378906,41.63032531738281,82.63999938964844,222.8800048828125,113.26000213623047,136.72000122070312,71.36254119873047
2026-07-01,294.3800048828125,249.28561401367188,91.5271987915039,129.57200622558594,210.97999572753906,235.72999572753906,650.9099731445312,540.8800048828125,361.3299865722656,166.0800018310547,241.6999969482422,172.22000122070312,218.5800018310547,58.36000061035156,182.63999938964844,980.3800048828125,55.810001373291016,43.060001373291016,119.55000305175781,140.1300048828125,989.57421875,351.7300109863281,377.7300109863281,277.07000732421875,23.729999542236328,103.22000122070312,288.4200134277344,923.2021484375,116.57390594482422,104.16511535644531,165.69000244140625,627.6300048828125,193.72000122070312,95.70999908447266,127.6427001953125,412.30999755859375,374.47320556640625,125.97000122070312,361.2099914550781,1019.6099853515625,350.8399963378906,221.75,286.25,265.9021301269531,402.3800048828125,268.9700012207031,253.97999572753906,332.5718078613281,266.19000244140625,81.29000091552734,533.5499877929688,1191.739990234375,521.8200073242188,220.55691528320312,391.260009765625,521.565673828125,269.42999267578125,59.349998474121094,612.9099731445312,71.54000091552734,125.37000274658203,211.86000061035156,384.2799987792969,1032.121337890625,86.37000274658203,74.19000244140625,43.060001373291016,105.80000305175781,197.5800018310547,142.00596618652344,352.0400085449219,141.16000366210938,23.46942710876465,146.33758544921875,125.7300033569336,177.69000244140625,181.9199981689453,624.719970703125,103.38999938964844,95.77999877929688,346.04998779296875,45.09000015258789,454.5299987792969,95.12000274658203,414.9700012207031,313.3900146484375,20.20939826965332,151.35000610351562,513.3300170898438,425.29998779296875,298.4100036621094,426.5400085449219,277.7300109863281,351.0799865722656,41.28619384765625,85.94000244140625,224.0800018310547,108.81999969482422,136.27999877929688,71.94844818115234
2026-07-02,308.6300048828125,259.2248840332031,94.72439575195312,135.71810913085938,219.72000122070312,242.27000427246094,603.0399780273438,517.8200073242188,374.1499938964844,166.02999877929688,242.6699981689453,164.58999633789062,226.49000549316406,58.72999954223633,184.55999755859375,995.72998046875,58.130001068115234,45.13999938964844,122.77999877929688,139.97000122070312,961.7459106445312,361.1700134277344,373.1400146484375,287.7699890136719,23.790000915527344,104.7300033569336,296.510009765625,950.1593017578125,112.27000427246094,104.07567596435547,169.1999969482422,621.27001953125,197.92999267578125,99.5,129.8165740966797,398.5199890136719,377.04998779296875,131.27000427246094,359.9100036621094,1021.0,357.8999938964844,229.86000061035156,289.5199890136719,274.13568115234375,426.010009765625,272.760009765625,263.0400085449219,332.9700012207031,235.5500030517578,84.13999938964844,546.6400146484375,1213.9100341796875,545.9099731445312,226.10264587402344,351.4100036621094,538.4873046875,280.6300048828125,60.90999984741211,582.9000244140625,72.70999908447266,129.55999755859375,213.92999267578125,390.489990234375,975.4099731445312,88.33999633789062,77.6500015258789,44.09000015258789,106.31999969482422,194.8300018310547,139.78370666503906,348.05999755859375,144.22000122070312,23.90186309814453,150.28810119628906,129.3000030517578,182.27000427246094,176.25,654.27001953125,104.2699966430664,97.0,352.4800109863281,45.130001068115234,437.1600036621094,97.9800033569336,439.8900146484375,326.5400085449219,20.30807876586914,154.25999450683594,523.4400024414062,393.45001220703125,293.0799865722656,425.3599853515625,282.25,362.1300048828125,41.84663772583008,85.51000213623047,230.39999389648438,111.83999633789062,137.08999633789062,74.28218841552734
2026-07-06,312.6600036621094,252.95945739746094,94.95276641845703,135.33273315429688,218.07000732421875,239.49000549316406,592.7899780273438,552.0499877929688,366.44000244140625,162.11000061035156,244.16000366210938,166.80999755859375,234.5399932861328,59.900001525878906,181.02999877929688,1011.2100219726562,56.70000076293945,44.599998474121094,123.41999816894531,143.86000061035156,968.1240234375,356.5299987792969,375.7699890136719,281.9800109863281,23.3799991607666,103.58000183105469,298.54998779296875,948.7415771484375,113.9800033569336,101.45191955566406,168.10000610351562,635.239990234375,193.6199951171875,97.41000366210938,128.4368133544922,413.4200134277344,378.67999267578125,129.61000061035156,366.4599914550781,1055.2900390625,350.6499938964844,231.17999267578125,299.5199890136719,270.9398498535156,432.8299865722656,274.2699890136719,259.3299865722656,337.7200012207031,233.30999755859375,82.95999908447266,540.52001953125,1200.06005859375,538.0,222.40550231933594,350.20001220703125,532.2078247070312,279.5,59.16999816894531,600.2899780273438,71.87999725341797,126.77999877929688,222.10000610351562,386.739990234375,984.75,87.44000244140625,76.0199966430664,43.34000015258789,107.93000030517578,195.5500030517578,143.2615966796875,357.5299987792969,143.2899932861328,23.312177658081055,148.2036590576172,132.5399932861328,184.75999450683594,186.47999572753906,649.8099975585938,102.11000061035156,100.62000274658203,349.1300048828125,45.720001220703125,442.2699890136719,95.98999786376953,447.2200012207031,324.7300109863281,20.30807876586914,151.30999755859375,517.5999755859375,419.7699890136719,303.5,417.989990234375,282.5899963378906,357.25,41.36484909057617,87.44999694824219,228.97999572753906,110.6500015258789,136.44000244140625,74.89788818359375
2026-07-07,310.6600036621094,252.85023498535156,95.1612777709961,140.45118713378906,221.5399932861328,245.60000610351562,554.5,516.1099853515625,368.1000061035156,165.25,245.97999572753906,158.61000061035156,231.67999267578125,59.86000061035156,181.9499969482422,1009.4299926757812,57.970001220703125,45.29999923706055,120.88999938964844,140.77000427246094,938.3792114257812,359.29998779296875,371.05999755859375,286.6199951171875,23.40999984741211,108.44000244140625,304.4800109863281,945.9959716796875,111.79000091552734,103.68807220458984,174.00999450683594,603.6099853515625,194.19000244140625,97.4800033569336,133.5488739013672,395.67999267578125,366.9800109863281,136.36000061035156,367.0299987792969,1042.97998046875,345.2099914550781,225.0500030517578,306.1300048828125,279.9300231933594,427.29998779296875,271.0899963378906,267.239990234375,339.2200012207031,216.47000122070312,84.05000305175781,538.22998046875,1235.56005859375,535.3800048828125,219.54318237304688,326.1300048828125,530.7303466796875,282.2099914550781,60.220001220703125,615.5800170898438,72.95999908447266,128.86000061035156,222.0399932861328,388.8399963378906,938.3800048828125,88.47000122070312,76.18000030517578,43.209999084472656,110.7300033569336,196.92999267578125,141.1090850830078,337.0400085449219,144.97999572753906,23.656160354614258,151.6181640625,134.3699951171875,187.7899932861328,182.97000122070312,676.22998046875,103.61000061035156,101.93000030517578,342.260009765625,46.41999816894531,436.6300048828125,97.29000091552734,443.4599914550781,329.739990234375,20.81134033203125,154.11000061035156,516.6199951171875,402.8999938964844,293.29998779296875,428.19000244140625,283.1199951171875,352.20001220703125,41.87613296508789,87.18000030517578,237.2100067138672,111.54000091552734,141.69000244140625,75.76187133789062
2026-07-08,313.3900146484375,250.95375061035156,94.50595092773438,135.55999755859375,220.94000244140625,241.3699951171875,570.5,517.4099731445312,367.989990234375,165.0399932861328,243.6199951171875,158.22000122070312,224.9499969482422,58.29999923706055,174.2899932861328,990.3400268554688,57.540000915527344,44.810001373291016,118.62000274658203,137.38999938964844,946.324462890625,355.0899963378906,374.05999755859375,289.7300109863281,23.190000534057617,110.72000122070312,309.57000732421875,951.6170043945312,113.81999969482422,103.82720947265625,175.97000122070312,596.739990234375,190.77000427246094,96.69999694824219,136.57640075683594,399.55999755859375,356.0299987792969,135.82000732421875,361.9200134277344,1029.6400146484375,336.2099914550781,220.36000061035156,302.04998779296875,270.8999938964844,415.1000061035156,265.1000061035156,263.3999938964844,330.6199951171875,221.17999267578125,83.4000015258789,527.6699829101562,1215.8299560546875,527.9600219726562,211.54263305664062,333.1499938964844,518.989990234375,278.25,59.47999954223633,603.1199951171875,72.80999755859375,125.98999786376953,218.07000732421875,383.3399963378906,948.7999877929688,87.44000244140625,75.58999633789062,42.88999938964844,107.77999877929688,204.1199951171875,140.00294494628906,320.5899963378906,142.50999450683594,23.636505126953125,147.30039978027344,132.22000122070312,187.07000732421875,186.55999755859375,662.8800048828125,103.87000274658203,101.69999694824219,330.57000732421875,47.43000030517578,434.5,96.37999725341797,430.7900085449219,326.8500061035156,20.840944290161133,152.7899932861328,510.1300048828125,394.05999755859375,301.32000732421875,425.6000061035156,280.94000244140625,347.5299987792969,41.73847961425781,85.55999755859375,233.94000244140625,113.0999984741211,141.1300048828125,74.58010864257812
2026-07-09,316.2200012207031,248.1437530517578,93.73147583007812,139.05999755859375,222.64999389648438,241.27999877929688,588.6599731445312,546.719970703125,363.6199951171875,165.0,247.0399932861328,162.24000549316406,223.11000061035156,59.25,175.52000427246094,1019.6799926757812,57.939998626708984,44.9900016784668,122.1500015258789,139.57000732421875,936.6524047851562,347.79998779296875,385.95001220703125,291.79998779296875,23.350000381469727,108.0199966430664,302.4599914550781,911.520751953125,118.30999755859375,102.17742156982422,174.0500030517578,592.9000244140625,195.97999572753906,96.16999816894531,132.5562286376953,405.8299865722656,359.0400085449219,134.83999633789062,358.8900146484375,1055.969970703125,338.7300109863281,223.4199981689453,295.29998779296875,273.3800048828125,411.54998779296875,265.4800109863281,259.1000061035156,335.4700012207031,229.52000427246094,82.62999725341797,525.5599975585938,1216.949951171875,518.260009765625,211.69171142578125,353.1700134277344,523.2000122070312,276.489990234375,58.29999923706055,631.47998046875,71.58999633789062,125.06999969482422,222.1300048828125,384.3599853515625,991.6400146484375,87.0999984741211,75.47000122070312,42.779998779296875,108.83999633789062,202.77999877929688,143.72000122070312,338.30999755859375,137.86000061035156,23.833066940307617,145.7618865966797,129.0399932861328,181.1699981689453,191.11000061035156,667.9500122070312,106.41000366210938,101.91000366210938,332.0299987792969,47.2400016784668,443.3699951171875,95.16999816894531,432.9599914550781,327.1099853515625,20.762001037597656,150.89999389648438,524.7100219726562,406.54998779296875,308.5299987792969,431.67999267578125,285.0400085449219,348.20001220703125,41.53200149536133,86.91000366210938,231.6699981689453,112.20999908447266,137.4600067138672,74.56024932861328
2026-07-10,315.32000732421875,246.32667541503906,93.26480865478516,135.22999572753906,223.63999938964844,241.9199981689453,602.5,557.8900146484375,363.3900146484375,168.58999633789062,245.33999633789062,159.05999755859375,222.27999877929688,59.66999816894531,178.38999938964844,1036.1099853515625,57.58000183105469,44.77000045776367,123.08999633789062,140.7899932861328,950.6464233398438,347.8299865722656,384.1700134277344,293.4599914550781,23.56999969482422,109.04000091552734,303.44000244140625,914.7955322265625,121.30999755859375,103.5091781616211,176.39999389648438,586.8599853515625,199.0500030517578,95.62000274658203,133.11212158203125,407.2799987792969,359.2699890136719,129.8300018310547,357.17999267578125,1055.1800537109375,343.29998779296875,226.4199981689453,287.55999755859375,274.9599914550781,406.7799987792969,268.80999755859375,256.9800109863281,336.4700012207031,231.52000427246094,83.48999786376953,529.7899780273438,1188.5799560546875,523.219970703125,210.3301239013672,350.3299865722656,526.739990234375,274.6000061035156,58.83000183105469,669.2100219726562,71.79000091552734,123.54000091552734,222.27999877929688,385.1000061035156,979.2999877929688,87.95999908447266,73.37000274658203,44.369998931884766,107.70999908447266,210.9600067138672,140.63999938964844,325.9100036621094,137.3800048828125,23.75444221496582,145.95046997070312,126.79000091552734,181.6199951171875,189.16000366210938,664.52001953125,106.01000213623047,103.12000274658203,333.989990234375,47.7599983215332,445.5,95.61000061035156,430.5,329.7799987792969,21.1299991607666,151.33999633789062,527.0499877929688,407.760009765625,311.4599914550781,424.6199951171875,286.9599914550781,348.9700012207031,42.119998931884766,87.16000366210938,233.3300018310547,113.9000015258789,138.8800048828125,75.03691864013672
2026-07-13,317.30999755859375,246.2472381591797,91.45769500732422,138.52000427246094,230.61000061035156,251.0500030517578,575.3900146484375,534.3900146484375,360.45001220703125,169.5,247.30999755859375,155.99000549316406,215.50999450683594,59.5,175.8000030517578,1031.56005859375,59.34000015258789,44.650001525878906,122.04000091552734,140.7100067138672,929.7451782226562,354.739990234375,377.9200134277344,304.5,23.969999313354492,112.8499984741211,306.1300048828125,924.9594116210938,119.25,105.2484130859375,182.1999969482422,585.6400146484375,200.16000366210938,96.0,138.58152770996094,402.8500061035156,353.4200134277344,131.39999389648438,352.510009765625,1045.9100341796875,337.1099853515625,222.25,290.2300109863281,289.760009765625,407.1199951171875,271.5,257.7699890136719,334.5299987792969,222.25,84.25,524.0599975585938,1181.8699951171875,520.6799926757812,206.42425537109375,329.9200134277344,537.7000122070312,272.6099853515625,59.86000061035156,656.72998046875,71.87000274658203,124.02999877929688,221.08999633789062,390.989990234375,937.0,88.37999725341797,73.83000183105469,43.7599983215332,111.26000213623047,203.52999877929688,131.5399932861328,330.29998779296875,138.49000549316406,24.059110641479492,147.27061462402344,130.0399932861328,180.19000244140625,183.97999572753906,663.0900268554688,107.33999633789062,102.37999725341797,328.9700012207031,47.36000061035156,433.82000732421875,96.47000122070312,437.8399963378906,331.45001220703125,21.549999237060547,150.52999877929688,528.510009765625,394.760009765625,298.57000732421875,429.0899963378906,289.1300048828125,357.75,42.68000030517578,87.66999816894531,236.7100067138672,114.77999877929688,144.50999450683594,74.86810302734375
2026-07-14,314.8599853515625,243.0500030517578,88.33000183105469,134.55999755859375,220.77999877929688,246.44000244140625,595.7000122070312,548.1300048828125,355.25,168.8300018310547,247.49000549316406,158.3699951171875,217.11000061035156,60.619998931884766,174.85000610351562,1025.43994140625,56.95000076293945,42.630001068115234,124.55999755859375,133.27000427246094,931.6117553710938,346.2200012207031,376.79998779296875,303.3500061035156,23.190000534057617,111.87000274658203,302.2799987792969,920.2868041992188,117.08999633789062,105.52668762207031,181.75999450683594,584.4000244140625,199.0500030517578,95.87000274658203,136.99330139160156,415.5199890136719,353.7300109863281,130.0399932861328,359.510009765625,1140.0,337.739990234375,222.67999267578125,217.07000732421875,282.42999267578125,379.5,272.2799987792969,253.85000610351562,342.8900146484375,230.3699951171875,83.08000183105469,522.5399780273438,1152.5400390625,514.989990234375,206.40438842773438,346.1000061035156,538.02001953125,268.94000244140625,58.79999923706055,661.0399780273438,70.16000366210938,120.77999877929688,227.6699981689453,384.92999267578125,983.1199951171875,89.54000091552734,73.52999877929688,42.86000061035156,104.8499984741211,211.8000030517578,127.94000244140625,352.8900146484375,135.4499969482422,23.833066940307617,144.99758911132812,133.72000122070312,175.9499969482422,178.10000610351562,656.1199951171875,106.16999816894531,101.0999984741211,328.5,47.540000915527344,425.8999938964844,95.95999908447266,438.8699951171875,311.07000732421875,21.280000686645508,150.33999633789062,534.0700073242188,396.17999267578125,305.54998779296875,425.19000244140625,288.29998779296875,356.0199890136719,42.470001220703125,85.29000091552734,234.27000427246094,113.69999694824219,145.08999633789062,73.55723571777344
2026-07-15,327.5,244.11000061035156,89.2699966430664,137.02000427246094,224.55999755859375,247.47000122070312,579.4299926757812,529.1400146484375,358.32000732421875,168.6300048828125,254.9600067138672,157.0399932861328,218.1199951171875,61.59000015258789,182.8000030517578,1093.4000244140625,58.720001220703125,43.040000915527344,127.05000305175781,134.88999938964844,912.6069946289062,337.44000244140625,371.5,297.80999755859375,23.489999771118164,111.45999908447266,296.57000732421875,915.0850830078125,111.7699966430664,105.25835418701172,181.60000610351562,589.47998046875,200.7899932861328,97.1500015258789,136.45729064941406,412.8599853515625,360.3500061035156,131.6999969482422,370.9200134277344,1152.0699462890625,341.44000244140625,222.83999633789062,211.1999969482422,279.70001220703125,388.9700012207031,271.4100036621094,247.02000427246094,346.9100036621094,224.5,82.44999694824219,514.1500244140625,1156.6300048828125,514.4600219726562,208.37222290039062,335.42999267578125,535.2100219726562,264.95001220703125,58.720001220703125,681.3099975585938,70.5199966430664,123.61000061035156,228.5500030517578,395.6300048828125,904.280029296875,89.0999984741211,73.68000030517578,42.77000045776367,104.7300033569336,212.5,132.49000549316406,354.0199890136719,135.39999389648438,24.393266677856445,146.9530029296875,133.75999450683594,180.8800048828125,177.97999572753906,664.4500122070312,105.11000061035156,102.79000091552734,332.2900085449219,47.54999923706055,425.2799987792969,94.5999984741211,444.4800109863281,316.44000244140625,21.43000030517578,150.97000122070312,535.2899780273438,394.4599914550781,301.19000244140625,418.5199890136719,288.3599853515625,355.1400146484375,42.83000183105469,87.51000213623047,232.8000030517578,112.52999877929688,144.50999450683594,74.01405334472656
2026-07-16,333.260009765625,254.38999938964844,98.83000183105469,144.61000061035156,235.30999755859375,256.55999755859375,560.9299926757812,500.94000244140625,371.5799865722656,168.9199981689453,249.88999938964844,153.13999938964844,214.33999633789062,61.4900016784668,184.61000061035156,1087.050048828125,60.5099983215332,44.619998931884766,128.97000122070312,131.7100067138672,875.5457763671875,343.70001220703125,364.6499938964844,283.82000732421875,24.100000381469727,112.83999633789062,307.989990234375,944.0690307617188,109.66000366210938,105.84471893310547,183.86000061035156,598.969970703125,205.00999450683594,99.70999908447266,137.44000244140625,396.2699890136719,345.7300109863281,136.3000030517578,354.4599914550781,1095.4599609375,348.0199890136719,226.3300018310547,219.0500030517578,294.7900085449219,402.3299865722656,282.9700012207031,249.97000122070312,343.1499938964844,219.3699951171875,84.91999816894531,520.739990234375,1169.1700439453125,513.52001953125,214.83230590820312,320.9599914550781,551.5399780273438,273.4599914550781,61.41999816894531,664.5399780273438,73.02999877929688,127.62999725341797,218.3699951171875,401.1000061035156,853.2000122070312,89.3499984741211,74.3499984741211,44.56999969482422,104.01000213623047,207.39999389648438,124.20999908447266,353.989990234375,139.42999267578125,24.707763671875,150.37742614746094,134.44000244140625,189.83999633789062,170.61000061035156,678.9400024414062,108.37000274658203,102.80000305175781,338.1400146484375,47.08000183105469,417.0299987792969,96.06999969482422,457.3800048828125,331.20001220703125,21.979999542236328,154.7899932861328,543.1900024414062,391.05999755859375,291.2200012207031,423.3800048828125,299.4200134277344,365.1400146484375,43.880001068115234,88.06999969482422,242.25,114.94999694824219,145.9499969482422,76.37757873535156
2026-07-17,333.739990234375,254.49000549316406,100.68000030517578,143.57000732421875,237.25,255.27000427246094,529.6599731445312,495.760009765625,366.2900085449219,170.05999755859375,247.22999572753906,151.1999969482422,214.02999877929688,61.27000045776367,181.67999267578125,1072.199951171875,60.7400016784668,44.029998779296875,126.91000366210938,129.36000061035156,878.6500244140625,352.1600036621094,330.1099853515625,281.45001220703125,23.790000915527344,114.70999908447266,307.8999938964844,939.37646484375,111.94000244140625,106.80875396728516,187.3800048828125,597.239990234375,203.8300018310547,97.66999816894531,139.88999938964844,399.989990234375,348.8299865722656,134.27999877929688,346.7699890136719,1065.219970703125,338.8699951171875,225.02000427246094,212.6699981689453,291.0899963378906,345.4200134277344,276.04998779296875,253.0399932861328,341.1000061035156,212.75,81.55999755859375,513.219970703125,1179.1099853515625,508.7699890136719,207.44793701171875,313.29998779296875,543.5999755859375,267.7099914550781,61.0,646.010009765625,74.20999908447266,127.5,215.5,393.82000732421875,848.9500122070312,88.80000305175781,68.94999694824219,43.7599983215332,103.23999786376953,202.80999755859375,126.41000366210938,358.67999267578125,137.1199951171875,24.61931037902832,148.86868286132812,132.3800048828125,192.97999572753906,171.77999877929688,676.6900024414062,105.48999786376953,101.55999755859375,331.32000732421875,46.9900016784668,384.2799987792969,95.30000305175781,450.8399963378906,319.8699951171875,21.809999465942383,154.4600067138672,532.47998046875,380.8399963378906,284.0199890136719,426.0899963378906,301.75,358.55999755859375,43.59000015258789,87.51000213623047,239.30999755859375,114.23999786376953,147.36000061035156,76.02999877929688
2026-07-20,326.5899963378906,253.3800048828125,101.66000366210938,144.72999572753906,234.74000549316406,255.24000549316406,525.7000122070312,503.57000732421875,364.1700134277344,167.05999755859375,249.99000549316406,150.50999450683594,209.47999572753906,60.41999816894531,179.4499969482422,1054.1099853515625,60.15999984741211,43.77000045776367,123.61000061035156,128.72000122070312,864.2999877929688,352.5299987792969,329.92999267578125,283.94000244140625,23.780000686645508,115.68000030517578,303.989990234375,934.3145141601562,110.69999694824219,106.94789123535156,189.7100067138672,586.0,201.11000061035156,96.41000366210938,141.08999633789062,401.4100036621094,341.29998779296875,133.2100067138672,351.989990234375,1055.030029296875,333.0400085449219,226.17999267578125,213.0,293.82000732421875,353.1700134277344,271.69000244140625,248.82000732421875,338.8699951171875,207.60000610351562,82.12000274658203,512.0499877929688,1146.9000244140625,509.5400085449219,203.45263671875,306.760009765625,547.4400024414062,267.6400146484375,60.27000045776367,645.8499755859375,74.66000366210938,124.4000015258789,210.94000244140625,402.2900085449219,865.4600219726562,88.0,67.5999984741211,43.470001220703125,104.69999694824219,203.27999877929688,121.37999725341797,348.6600036621094,135.4600067138672,24.32447052001953,148.02499389648438,134.85000610351562,192.72000122070312,170.32000732421875,672.1500244140625,104.80999755859375,102.54000091552734,323.6000061035156,46.38999938964844,378.4599914550781,94.45999908447266,448.3500061035156,319.1400146484375,21.950000762939453,155.6999969482422,526.22998046875,369.57000732421875,284.07000732421875,421.54998779296875,296.25,360.57000732421875,43.5,86.33000183105469,239.0500030517578,112.19999694824219,148.36000061035156,76.19999694824219
2026-07-21,327.739990234375,256.1000061035156,99.66999816894531,140.86000061035156,227.16000366210938,246.22000122070312,564.5499877929688,544.4299926757812,366.239990234375,163.38999938964844,247.5500030517578,157.80999755859375,204.8000030517578,61.220001220703125,179.39999389648438,1038.239990234375,60.93000030517578,43.189998626708984,124.1500015258789,132.83999633789062,889.969970703125,354.79998779296875,344.6400146484375,290.489990234375,23.809999465942383,117.5,303.07000732421875,927.7449340820312,112.18000030517578,109.91949462890625,191.07000732421875,586.8800048828125,179.00999450683594,96.13999938964844,143.44000244140625,402.95001220703125,340.70001220703125,130.27999877929688,347.1499938964844,1085.56005859375,331.6000061035156,229.86000061035156,210.5,289.9200134277344,350.05999755859375,271.989990234375,250.61000061035156,345.2300109863281,217.55999755859375,81.97000122070312,505.0299987792969,1175.4100341796875,507.0899963378906,202.25999450683594,322.0,538.2999877929688,263.9100036621094,59.86000061035156,643.8099975585938,72.98999786376953,126.26000213623047,216.39999389648438,397.75,970.8200073242188,87.93000030517578,68.66999816894531,42.959999084472656,102.05999755859375,207.2899932861328,127.05000305175781,342.1499938964844,135.0,24.51120376586914,147.00262451171875,132.66000366210938,188.0399932861328,173.5,675.1900024414062,104.44999694824219,99.95999908447266,318.4599914550781,46.59000015258789,389.07000732421875,93.8499984741211,431.260009765625,314.5799865722656,22.260000228881836,155.0500030517578,523.4600219726562,378.92999267578125,291.29998779296875,436.3500061035156,293.1300048828125,355.82000732421875,43.779998779296875,87.73999786376953,233.17999267578125,110.38999938964844,151.7100067138672,75.3499984741211
2026-07-22,325.8900146484375,253.3000030517578,100.56999969482422,140.08999633789062,218.36000061035156,243.1199951171875,553.9199829101562,552.3300170898438,366.04998779296875,166.05999755859375,244.85000610351562,157.50999450683594,208.64999389648438,61.619998931884766,177.86000061035156,1056.6300048828125,60.7599983215332,42.970001220703125,122.81999969482422,132.25,889.3099975585938,343.2300109863281,337.010009765625,284.8500061035156,23.520000457763672,118.79000091552734,300.5799865722656,925.8380126953125,112.20999908447266,107.41500091552734,192.97999572753906,607.3300170898438,179.13999938964844,95.87000274658203,144.0,406.9100036621094,341.19000244140625,130.33999633789062,342.0899963378906,1098.199951171875,331.45001220703125,232.99000549316406,205.77000427246094,284.4700012207031,340.69000244140625,273.92999267578125,255.6300048828125,348.2099914550781,214.69000244140625,82.19999694824219,508.6700134277344,1163.010009765625,514.3599853515625,204.35000610351562,319.2900085449219,531.97998046875,263.57000732421875,60.86000061035156,627.1699829101562,72.16999816894531,127.47000122070312,218.5,390.3399963378906,959.47998046875,89.41000366210938,68.52999877929688,42.209999084472656,95.45999908447266,212.05999755859375,125.83999633789062,335.2799987792969,135.64999389648438,24.393266677856445,148.02499389648438,124.56999969482422,194.3000030517578,175.6300048828125,651.1799926757812,103.9800033569336,100.80000305175781,319.9100036621094,47.66999816894531,377.6099853515625,95.80000305175781,429.05999755859375,309.239990234375,23.040000915527344,155.41000366210938,526.4600219726562,374.010009765625,294.19000244140625,431.30999755859375,292.55999755859375,353.4200134277344,44.290000915527344,86.41999816894531,236.3800048828125,109.33000183105469,154.4499969482422,74.19000244140625
2026-07-23,321.6600036621094,256.9200134277344,100.75,138.74000549316406,212.1699981689453,242.8800048828125,562.7999877929688,539.6900024414062,371.5,164.64999389648438,233.66000366210938,157.42999267578125,209.22999572753906,61.279998779296875,172.8300018310547,1037.1600341796875,61.5099983215332,43.58000183105469,124.5,131.8800048828125,894.5399780273438,353.25,330.4599914550781,286.2900085449219,21.920000076293945,120.19999694824219,305.05999755859375,924.5899658203125,112.76000213623047,106.88999938964844,194.4199981689453,610.02001953125,192.5,92.83000183105469,145.49000549316406,415.1300048828125,349.0,130.86000061035156,317.69000244140625,1074.719970703125,324.7099914550781,246.27000427246094,206.64999389648438,281.5299987792969,332.0199890136719,276.9100036621094,259.2699890136719,349.8999938964844,218.72999572753906,81.16999816894531,506.32000732421875,1185.8699951171875,568.5900268554688,201.9199981689453,319.7799987792969,530.2899780273438,262.79998779296875,60.04999923706055,606.0999755859375,72.08000183105469,130.47999572753906,215.17999267578125,381.5799865722656,990.2100219726562,89.79000091552734,68.88999938964844,40.9900016784668,91.94000244140625,208.75999450683594,120.04000091552734,325.6300048828125,134.9499969482422,24.579999923706055,145.88099670410156,123.37000274658203,191.1199951171875,171.11000061035156,651.9099731445312,103.20999908447266,101.61000061035156,310.5400085449219,47.220001220703125,373.5199890136719,96.5999984741211,420.0,318.9700012207031,22.959999084472656,153.47999572753906,572.3200073242188,319.69000244140625,284.989990234375,423.55999755859375,304.3299865722656,351.6000061035156,43.81999969482422,86.19000244140625,237.27000427246094,108.4000015258789,156.88999938964844,74.56999969482422
2026-07-24,333.0199890136719,259.3599853515625,103.05999755859375,146.99000549316406,225.11000061035156,250.08999633789062,536.25,521.9500122070312,376.0400085449219,166.6699981689453,232.11000061035156,152.6699981689453,209.52000427246094,62.04999923706055,177.4600067138672,1055.6700439453125,62.09000015258789,44.25,130.0,132.19000244140625,888.72998046875,359.75,326.239990234375,289.57000732421875,22.299999237060547,120.26000213623047,309.8900146484375,935.030029296875,114.16999816894531,107.73999786376953,194.7899932861328,628.1599731445312,191.5,94.8499984741211,146.38999938964844,404.07000732421875,353.7300109863281,129.30999755859375,319.739990234375,1061.22998046875,332.9800109863281,243.14999389648438,214.19000244140625,296.3299865722656,337.5,283.0199890136719,263.3999938964844,353.2099914550781,210.52000427246094,82.25,512.280029296875,1196.030029296875,582.5999755859375,207.63999938964844,305.2099914550781,539.6599731445312,264.760009765625,60.52000045776367,595.1900024414062,72.98999786376953,131.07000732421875,214.47999572753906,381.70001220703125,920.9500122070312,89.77999877929688,70.08999633789062,41.70000076293945,98.77999877929688,206.83999633789062,114.98999786376953,323.7900085449219,136.63999938964844,24.540000915527344,147.41000366210938,122.91999816894531,193.0,166.97000122070312,656.010009765625,103.25,101.97000122070312,317.510009765625,52.41999816894531,373.4700012207031,97.25,426.3999938964844,330.25,24.1299991607666,154.22000122070312,568.260009765625,313.0299987792969,279.5799865722656,420.739990234375,307.32000732421875,355.739990234375,46.380001068115234,86.30999755859375,238.75,109.47000122070312,156.94000244140625,75.3499984741211
2026-07-27,336.9100036621094,256.9100036621094,104.48999786376953,154.05999755859375,237.75,254.97999572753906,516.8900146484375,494.95001220703125,376.260009765625,166.74000549316406,231.38999938964844,149.27999877929688,211.5,62.130001068115234,186.7899932861328,1062.1400146484375,62.560001373291016,45.5099983215332,132.60000610351562,133.10000610351562,873.280029296875,358.9100036621094,338.6099853515625,291.0199890136719,22.799999237060547,115.58000183105469,311.1499938964844,951.5800170898438,114.56999969482422,107.06999969482422,190.0,625.02001953125,196.5,96.6500015258789,140.30999755859375,398.6400146484375,361.6099853515625,130.52000427246094,326.55999755859375,1048.22998046875,336.0899963378906,245.75,216.27999877929688,303.9100036621094,356.8299865722656,284.82000732421875,265.95001220703125,356.20001220703125,203.36000061035156,84.06999969482422,507.0199890136719,1197.530029296875,580.0,211.5500030517578,291.6099853515625,551.7100219726562,270.6700134277344,60.66999816894531,593.8699951171875,72.88999938964844,130.75999450683594,214.55999755859375,389.1000061035156,900.2000122070312,88.83000183105469,70.4000015258789,42.13999938964844,105.55999755859375,196.50999450683594,119.9000015258789,317.32000732421875,139.7899932861328,24.670000076293945,148.6300048828125,131.52999877929688,195.66000366210938,170.0399932861328,667.1699829101562,103.6500015258789,104.18000030517578,327.2699890136719,51.529998779296875,388.989990234375,96.4800033569336,439.8299865722656,336.739990234375,24.420000076293945,156.3800048828125,559.530029296875,309.2200012207031,279.4100036621094,417.6400146484375,299.29998779296875,362.5299987792969,47.31999969482422,87.2699966430664,237.89999389648438,111.73999786376953,154.77000427246094,76.91999816894531
2026-07-28,340.0799865722656,263.20001220703125,107.2699966430664,164.66000366210938,249.17999267578125,264.1700134277344,476.4599914550781,454.6199951171875,393.1000061035156,171.5,230.86000061035156,143.85000610351562,221.55999755859375,62.619998931884766,199.30999755859375,1097.550048828125,63.599998474121094,46.060001373291016,133.89999389648438,132.47000122070312,840.8499755859375,363.5,344.7200012207031,301.05999755859375,24.190000534057617,114.0999984741211,319.5799865722656,966.5800170898438,115.58000183105469,109.33999633789062,187.5800018310547,639.8400268554688,199.0500030517578,98.88999938964844,139.63999938964844,386.260009765625,363.5899963378906,134.32000732421875,333.7099914550781,1033.3399658203125,344.4700012207031,247.0500030517578,227.5500030517578,312.989990234375,361.79998779296875,295.1600036621094,266.7300109863281,357.30999755859375,190.8000030517578,88.2699966430664,511.17999267578125,1220.6600341796875,581.3099975585938,218.24000549316406,269.6099853515625,562.75,273.0199890136719,62.47999954223633,593.4099731445312,74.81999969482422,131.82000732421875,211.5800018310547,393.3500061035156,820.530029296875,89.27999877929688,72.38999938964844,43.04999923706055,110.62000274658203,197.00999450683594,119.95999908447266,319.0,142.86000061035156,25.25,148.8800048828125,123.52999877929688,200.1699981689453,162.8800048828125,695.1799926757812,103.0999984741211,105.97000122070312,354.2699890136719,49.97999954223633,383.82000732421875,96.77999877929688,424.3599853515625,346.6000061035156,24.65999984741211,160.8000030517578,576.4099731445312,307.44000244140625,277.07000732421875,428.7900085449219,294.45001220703125,366.5899963378906,48.189998626708984,86.87000274658203,239.41000366210938,113.0999984741211,153.0399932861328,77.51000213623047
2026-07-29,338.19000244140625,263.29998779296875,108.0,173.1699981689453,263.42999267578125,273.3699951171875,436.45001220703125,429.55999755859375,387.6400146484375,179.25999450683594,226.64999389648438,150.30999755859375,214.00999450683594,61.06999969482422,201.3000030517578,1079.18994140625,63.099998474121094,46.040000915527344,129.39999389648438,127.12999725341797,782.7100219726562,361.8999938964844,332.760009765625,296.4700012207031,24.610000610351562,118.05999755859375,318.6099853515625,974.030029296875,112.4800033569336,105.91999816894531,191.86000061035156,610.9500122070312,196.49000549316406,98.4800033569336,145.94000244140625,361.8800048828125,350.6300048828125,132.72999572753906,336.7099914550781,980.75,338.2699890136719,241.1199951171875,226.44000244140625,333.1300048828125,353.1000061035156,292.45001220703125,265.5299987792969,344.7099914550781,170.19000244140625,89.08000183105469,511.1700134277344,1210.02001953125,569.2000122070312,215.67999267578125,252.35000610351562,563.3200073242188,271.5199890136719,64.98999786376953,585.6099853515625,74.91999816894531,130.36000061035156,203.1300048828125,390.5400085449219,739.0,88.45999908447266,73.62999725341797,43.220001220703125,115.76000213623047,190.00999450683594,117.73999786376953,314.1499938964844,143.5,25.149999618530273,146.10000610351562,123.0,198.44000244140625,155.67999267578125,695.4199829101562,104.13999938964844,104.47000122070312,343.8800048828125,48.959999084472656,373.69000244140625,96.05000305175781,419.6400146484375,352.25,23.940000534057617,161.6300048828125,576.4600219726562,298.32000732421875,271.29998779296875,420.57000732421875,292.19000244140625,368.7300109863281,47.220001220703125,83.87000274658203,236.60000610351562,114.22000122070312,156.75,77.93000030517578
